<?xml version="1.0" encoding="ISO-8859-1" ?>
<link_info>
   <banner>TI ARM Linker Unix v18.1.1.LTS</banner>
   <copyright>Copyright (c) 1996-2017 Texas Instruments Incorporated</copyright>
   <link_time>0x5ad773ad</link_time>
   <link_errors>0x0</link_errors>
   <output_file>LCD.out</output_file>
   <entry_point>
      <name>_c_int00_noargs</name>
      <address>0x85d</address>
   </entry_point>
   <input_file_list>
      <input_file id="fl-1">
         <path>./</path>
         <kind>object</kind>
         <file>LCD.obj</file>
         <name>LCD.obj</name>
      </input_file>
      <input_file id="fl-2">
         <path>./</path>
         <kind>object</kind>
         <file>delay.obj</file>
         <name>delay.obj</name>
      </input_file>
      <input_file id="fl-3">
         <path>./</path>
         <kind>object</kind>
         <file>main.obj</file>
         <name>main.obj</name>
      </input_file>
      <input_file id="fl-4">
         <path>./</path>
         <kind>object</kind>
         <file>set_DCO.obj</file>
         <name>set_DCO.obj</name>
      </input_file>
      <input_file id="fl-5">
         <path>./</path>
         <kind>object</kind>
         <file>startup_msp432p401r_ccs.obj</file>
         <name>startup_msp432p401r_ccs.obj</name>
      </input_file>
      <input_file id="fl-6">
         <path>./</path>
         <kind>object</kind>
         <file>system_msp432p401r.obj</file>
         <name>system_msp432p401r.obj</name>
      </input_file>
      <input_file id="fl-a">
         <kind>object</kind>
         <file>&lt;internal&gt;</file>
         <name>&lt;internal&gt;</name>
      </input_file>
      <input_file id="fl-c0">
         <path>/Applications/ti/ccsv8/tools/compiler/ti-cgt-arm_18.1.1.LTS/lib/</path>
         <kind>archive</kind>
         <file>rtsv7M4_T_le_v4SPD16_eabi.lib</file>
         <name>copy_zero_init.c.obj</name>
      </input_file>
      <input_file id="fl-c1">
         <path>/Applications/ti/ccsv8/tools/compiler/ti-cgt-arm_18.1.1.LTS/lib/</path>
         <kind>archive</kind>
         <file>rtsv7M4_T_le_v4SPD16_eabi.lib</file>
         <name>copy_decompress_none.c.obj</name>
      </input_file>
      <input_file id="fl-c2">
         <path>/Applications/ti/ccsv8/tools/compiler/ti-cgt-arm_18.1.1.LTS/lib/</path>
         <kind>archive</kind>
         <file>rtsv7M4_T_le_v4SPD16_eabi.lib</file>
         <name>copy_decompress_lzss.c.obj</name>
      </input_file>
      <input_file id="fl-c3">
         <path>/Applications/ti/ccsv8/tools/compiler/ti-cgt-arm_18.1.1.LTS/lib/</path>
         <kind>archive</kind>
         <file>rtsv7M4_T_le_v4SPD16_eabi.lib</file>
         <name>boot_cortex_m.c.obj</name>
      </input_file>
      <input_file id="fl-c4">
         <path>/Applications/ti/ccsv8/tools/compiler/ti-cgt-arm_18.1.1.LTS/lib/</path>
         <kind>archive</kind>
         <file>rtsv7M4_T_le_v4SPD16_eabi.lib</file>
         <name>exit.c.obj</name>
      </input_file>
      <input_file id="fl-c5">
         <path>/Applications/ti/ccsv8/tools/compiler/ti-cgt-arm_18.1.1.LTS/lib/</path>
         <kind>archive</kind>
         <file>rtsv7M4_T_le_v4SPD16_eabi.lib</file>
         <name>_lock.c.obj</name>
      </input_file>
      <input_file id="fl-c6">
         <path>/Applications/ti/ccsv8/tools/compiler/ti-cgt-arm_18.1.1.LTS/lib/</path>
         <kind>archive</kind>
         <file>rtsv7M4_T_le_v4SPD16_eabi.lib</file>
         <name>args_main.c.obj</name>
      </input_file>
      <input_file id="fl-c7">
         <path>/Applications/ti/ccsv8/tools/compiler/ti-cgt-arm_18.1.1.LTS/lib/</path>
         <kind>archive</kind>
         <file>rtsv7M4_T_le_v4SPD16_eabi.lib</file>
         <name>strlen.c.obj</name>
      </input_file>
      <input_file id="fl-c8">
         <path>/Applications/ti/ccsv8/tools/compiler/ti-cgt-arm_18.1.1.LTS/lib/</path>
         <kind>archive</kind>
         <file>rtsv7M4_T_le_v4SPD16_eabi.lib</file>
         <name>memcpy_t2.asm.obj</name>
      </input_file>
      <input_file id="fl-c9">
         <path>/Applications/ti/ccsv8/tools/compiler/ti-cgt-arm_18.1.1.LTS/lib/</path>
         <kind>archive</kind>
         <file>rtsv7M4_T_le_v4SPD16_eabi.lib</file>
         <name>memset_t2.asm.obj</name>
      </input_file>
      <input_file id="fl-ca">
         <path>/Applications/ti/ccsv8/tools/compiler/ti-cgt-arm_18.1.1.LTS/lib/</path>
         <kind>archive</kind>
         <file>rtsv7M4_T_le_v4SPD16_eabi.lib</file>
         <name>autoinit.c.obj</name>
      </input_file>
      <input_file id="fl-cb">
         <path>/Applications/ti/ccsv8/tools/compiler/ti-cgt-arm_18.1.1.LTS/lib/</path>
         <kind>archive</kind>
         <file>rtsv7M4_T_le_v4SPD16_eabi.lib</file>
         <name>pre_init.c.obj</name>
      </input_file>
      <input_file id="fl-cc">
         <path>/Applications/ti/ccsv8/tools/compiler/ti-cgt-arm_18.1.1.LTS/lib/</path>
         <kind>archive</kind>
         <file>rtsv7M4_T_le_v4SPD16_eabi.lib</file>
         <name>cpy_tbl.c.obj</name>
      </input_file>
   </input_file_list>
   <object_component_list>
      <object_component id="oc-23">
         <name>.intvecs:retain</name>
         <load_address>0x0</load_address>
         <run_address>0x0</run_address>
         <size>0xe4</size>
         <input_file_ref idref="fl-5"/>
      </object_component>
      <object_component id="oc-a2">
         <name>.text</name>
         <load_address>0xe4</load_address>
         <run_address>0xe4</run_address>
         <size>0x334</size>
         <input_file_ref idref="fl-6"/>
      </object_component>
      <object_component id="oc-c0">
         <name>.text</name>
         <load_address>0x418</load_address>
         <run_address>0x418</run_address>
         <size>0x208</size>
         <input_file_ref idref="fl-1"/>
      </object_component>
      <object_component id="oc-c6">
         <name>.text</name>
         <load_address>0x620</load_address>
         <run_address>0x620</run_address>
         <size>0x9c</size>
         <input_file_ref idref="fl-2"/>
      </object_component>
      <object_component id="oc-34">
         <name>.text</name>
         <load_address>0x6bc</load_address>
         <run_address>0x6bc</run_address>
         <size>0x9c</size>
         <input_file_ref idref="fl-c8"/>
      </object_component>
      <object_component id="oc-14">
         <name>.text:decompress:lzss:__TI_decompress_lzss</name>
         <load_address>0x758</load_address>
         <run_address>0x758</run_address>
         <size>0x68</size>
         <input_file_ref idref="fl-c2"/>
      </object_component>
      <object_component id="oc-90">
         <name>.text</name>
         <load_address>0x7c0</load_address>
         <run_address>0x7c0</run_address>
         <size>0x58</size>
         <input_file_ref idref="fl-3"/>
      </object_component>
      <object_component id="oc-e0">
         <name>.text:__TI_auto_init_nobinit_nopinit:__TI_auto_init_nobinit_nopinit</name>
         <load_address>0x818</load_address>
         <run_address>0x818</run_address>
         <size>0x44</size>
         <input_file_ref idref="fl-ca"/>
      </object_component>
      <object_component id="oc-52">
         <name>.text:_c_int00_noargs:_c_int00_noargs</name>
         <load_address>0x85c</load_address>
         <run_address>0x85c</run_address>
         <size>0x38</size>
         <input_file_ref idref="fl-c3"/>
      </object_component>
      <object_component id="oc-121">
         <name>.text:strlen</name>
         <load_address>0x894</load_address>
         <run_address>0x894</run_address>
         <size>0x14</size>
         <input_file_ref idref="fl-c7"/>
      </object_component>
      <object_component id="oc-1a">
         <name>.text:decompress:none:__TI_decompress_none</name>
         <load_address>0x8a8</load_address>
         <run_address>0x8a8</run_address>
         <size>0xe</size>
         <input_file_ref idref="fl-c1"/>
      </object_component>
      <object_component id="oc-64">
         <name>.text</name>
         <load_address>0x8b6</load_address>
         <run_address>0x8b6</run_address>
         <size>0xe</size>
         <input_file_ref idref="fl-5"/>
      </object_component>
      <object_component id="oc-8a">
         <name>.text:_system_pre_init</name>
         <load_address>0x8c4</load_address>
         <run_address>0x8c4</run_address>
         <size>0x4</size>
         <input_file_ref idref="fl-cb"/>
      </object_component>
      <object_component id="oc-d4">
         <name>.text:abort:abort</name>
         <load_address>0x8c8</load_address>
         <run_address>0x8c8</run_address>
         <size>0x4</size>
         <input_file_ref idref="fl-c4"/>
      </object_component>
      <object_component id="oc-cf">
         <name>.const:.string:$P$T1$2</name>
         <load_address>0x8cc</load_address>
         <run_address>0x8cc</run_address>
         <size>0xa</size>
         <input_file_ref idref="fl-3"/>
      </object_component>
      <object_component id="oc-cc">
         <name>.const:.string:$P$T0$1</name>
         <load_address>0x8d6</load_address>
         <run_address>0x8d6</run_address>
         <size>0x7</size>
         <input_file_ref idref="fl-3"/>
      </object_component>
      <object_component id="oc-1c5">
         <name>.cinit..data.load</name>
         <load_address>0x8e0</load_address>
         <run_address>0x8e0</run_address>
         <size>0x8</size>
      </object_component>
      <object_component id="oc-1c3">
         <name>__TI_handler_table</name>
         <load_address>0x8e8</load_address>
         <run_address>0x8e8</run_address>
         <size>0x8</size>
      </object_component>
      <object_component id="oc-1c4">
         <name>__TI_cinit_table</name>
         <load_address>0x8f0</load_address>
         <run_address>0x8f0</run_address>
         <size>0x8</size>
      </object_component>
      <object_component id="oc-198">
         <name>.binit</name>
         <load_address>0x0</load_address>
         <run_address>0x0</run_address>
         <size>0x0</size>
      </object_component>
      <object_component id="oc-112">
         <name>.data</name>
         <load_address>0x20000000</load_address>
         <run_address>0x20000000</run_address>
         <size>0x4</size>
         <input_file_ref idref="fl-6"/>
      </object_component>
      <object_component id="oc-26">
         <name>.stack</name>
         <uninitialized>true</uninitialized>
         <run_address>0x2000fe00</run_address>
         <size>0x4</size>
         <input_file_ref idref="fl-c3"/>
      </object_component>
      <object_component id="oc-1c6">
         <name>.stack</name>
         <uninitialized>true</uninitialized>
         <run_address>0x2000fe00</run_address>
         <size>0x0</size>
      </object_component>
      <object_component id="oc-120">
         <name>.debug_info</name>
         <load_address>0x0</load_address>
         <run_address>0x0</run_address>
         <size>0x5e6</size>
         <input_file_ref idref="fl-1"/>
      </object_component>
      <object_component id="oc-c2">
         <name>.debug_info</name>
         <load_address>0x5e6</load_address>
         <run_address>0x5e6</run_address>
         <size>0x43b</size>
         <input_file_ref idref="fl-1"/>
      </object_component>
      <object_component id="oc-15d">
         <name>.debug_info</name>
         <load_address>0xa21</load_address>
         <run_address>0xa21</run_address>
         <size>0x37e2</size>
         <input_file_ref idref="fl-1"/>
      </object_component>
      <object_component id="oc-ab">
         <name>.debug_info</name>
         <load_address>0x4203</load_address>
         <run_address>0x4203</run_address>
         <size>0x26b</size>
         <input_file_ref idref="fl-1"/>
      </object_component>
      <object_component id="oc-134">
         <name>.debug_info</name>
         <load_address>0x446e</load_address>
         <run_address>0x446e</run_address>
         <size>0x1055</size>
         <input_file_ref idref="fl-1"/>
      </object_component>
      <object_component id="oc-2f">
         <name>.debug_info</name>
         <load_address>0x54c3</load_address>
         <run_address>0x54c3</run_address>
         <size>0x84</size>
         <input_file_ref idref="fl-1"/>
      </object_component>
      <object_component id="oc-11b">
         <name>.debug_info</name>
         <load_address>0x5547</load_address>
         <run_address>0x5547</run_address>
         <size>0x297</size>
         <input_file_ref idref="fl-1"/>
      </object_component>
      <object_component id="oc-116">
         <name>.debug_info</name>
         <load_address>0x57de</load_address>
         <run_address>0x57de</run_address>
         <size>0xbb</size>
         <input_file_ref idref="fl-1"/>
      </object_component>
      <object_component id="oc-b7">
         <name>.debug_info</name>
         <load_address>0x5899</load_address>
         <run_address>0x5899</run_address>
         <size>0x2c</size>
         <input_file_ref idref="fl-1"/>
      </object_component>
      <object_component id="oc-c7">
         <name>.debug_info</name>
         <load_address>0x58c5</load_address>
         <run_address>0x58c5</run_address>
         <size>0x1f1</size>
         <input_file_ref idref="fl-2"/>
      </object_component>
      <object_component id="oc-d3">
         <name>.debug_info</name>
         <load_address>0x5ab6</load_address>
         <run_address>0x5ab6</run_address>
         <size>0x602</size>
         <input_file_ref idref="fl-3"/>
      </object_component>
      <object_component id="oc-cd">
         <name>.debug_info</name>
         <load_address>0x60b8</load_address>
         <run_address>0x60b8</run_address>
         <size>0xc4</size>
         <input_file_ref idref="fl-3"/>
      </object_component>
      <object_component id="oc-d0">
         <name>.debug_info</name>
         <load_address>0x617c</load_address>
         <run_address>0x617c</run_address>
         <size>0xc4</size>
         <input_file_ref idref="fl-3"/>
      </object_component>
      <object_component id="oc-91">
         <name>.debug_info</name>
         <load_address>0x6240</load_address>
         <run_address>0x6240</run_address>
         <size>0x181</size>
         <input_file_ref idref="fl-3"/>
      </object_component>
      <object_component id="oc-12f">
         <name>.debug_info</name>
         <load_address>0x63c1</load_address>
         <run_address>0x63c1</run_address>
         <size>0x37e2</size>
         <input_file_ref idref="fl-3"/>
      </object_component>
      <object_component id="oc-6c">
         <name>.debug_info</name>
         <load_address>0x9ba3</load_address>
         <run_address>0x9ba3</run_address>
         <size>0x2be</size>
         <input_file_ref idref="fl-5"/>
      </object_component>
      <object_component id="oc-24">
         <name>.debug_info</name>
         <load_address>0x9e61</load_address>
         <run_address>0x9e61</run_address>
         <size>0xea</size>
         <input_file_ref idref="fl-5"/>
      </object_component>
      <object_component id="oc-65">
         <name>.debug_info</name>
         <load_address>0x9f4b</load_address>
         <run_address>0x9f4b</run_address>
         <size>0x1b1</size>
         <input_file_ref idref="fl-5"/>
      </object_component>
      <object_component id="oc-113">
         <name>.debug_info</name>
         <load_address>0xa0fc</load_address>
         <run_address>0xa0fc</run_address>
         <size>0xe3</size>
         <input_file_ref idref="fl-6"/>
      </object_component>
      <object_component id="oc-a3">
         <name>.debug_info</name>
         <load_address>0xa1df</load_address>
         <run_address>0xa1df</run_address>
         <size>0x255</size>
         <input_file_ref idref="fl-6"/>
      </object_component>
      <object_component id="oc-3f">
         <name>.debug_info</name>
         <load_address>0xa434</load_address>
         <run_address>0xa434</run_address>
         <size>0x29d</size>
         <input_file_ref idref="fl-c1"/>
      </object_component>
      <object_component id="oc-1b">
         <name>.debug_info</name>
         <load_address>0xa6d1</load_address>
         <run_address>0xa6d1</run_address>
         <size>0x1df</size>
         <input_file_ref idref="fl-c1"/>
      </object_component>
      <object_component id="oc-3a">
         <name>.debug_info</name>
         <load_address>0xa8b0</load_address>
         <run_address>0xa8b0</run_address>
         <size>0x46</size>
         <input_file_ref idref="fl-c1"/>
      </object_component>
      <object_component id="oc-76">
         <name>.debug_info</name>
         <load_address>0xa8f6</load_address>
         <run_address>0xa8f6</run_address>
         <size>0x2c</size>
         <input_file_ref idref="fl-c1"/>
      </object_component>
      <object_component id="oc-74">
         <name>.debug_info</name>
         <load_address>0xa922</load_address>
         <run_address>0xa922</run_address>
         <size>0x293</size>
         <input_file_ref idref="fl-c2"/>
      </object_component>
      <object_component id="oc-15">
         <name>.debug_info</name>
         <load_address>0xabb5</load_address>
         <run_address>0xabb5</run_address>
         <size>0x245</size>
         <input_file_ref idref="fl-c2"/>
      </object_component>
      <object_component id="oc-2a">
         <name>.debug_info</name>
         <load_address>0xadfa</load_address>
         <run_address>0xadfa</run_address>
         <size>0x60</size>
         <input_file_ref idref="fl-c2"/>
      </object_component>
      <object_component id="oc-b0">
         <name>.debug_info</name>
         <load_address>0xae5a</load_address>
         <run_address>0xae5a</run_address>
         <size>0x46</size>
         <input_file_ref idref="fl-c2"/>
      </object_component>
      <object_component id="oc-6f">
         <name>.debug_info</name>
         <load_address>0xaea0</load_address>
         <run_address>0xaea0</run_address>
         <size>0x39</size>
         <input_file_ref idref="fl-c2"/>
      </object_component>
      <object_component id="oc-27">
         <name>.debug_info</name>
         <load_address>0xaed9</load_address>
         <run_address>0xaed9</run_address>
         <size>0x100</size>
         <input_file_ref idref="fl-c3"/>
      </object_component>
      <object_component id="oc-53">
         <name>.debug_info</name>
         <load_address>0xafd9</load_address>
         <run_address>0xafd9</run_address>
         <size>0x1a4</size>
         <input_file_ref idref="fl-c3"/>
      </object_component>
      <object_component id="oc-d7">
         <name>.debug_info</name>
         <load_address>0xb17d</load_address>
         <run_address>0xb17d</run_address>
         <size>0x117</size>
         <input_file_ref idref="fl-c4"/>
      </object_component>
      <object_component id="oc-163">
         <name>.debug_info</name>
         <load_address>0xb294</load_address>
         <run_address>0xb294</run_address>
         <size>0x284</size>
         <input_file_ref idref="fl-c7"/>
      </object_component>
      <object_component id="oc-122">
         <name>.debug_info</name>
         <load_address>0xb518</load_address>
         <run_address>0xb518</run_address>
         <size>0x22a</size>
         <input_file_ref idref="fl-c7"/>
      </object_component>
      <object_component id="oc-35">
         <name>.debug_info</name>
         <load_address>0xb742</load_address>
         <run_address>0xb742</run_address>
         <size>0x111</size>
         <input_file_ref idref="fl-c8"/>
      </object_component>
      <object_component id="oc-144">
         <name>.debug_info</name>
         <load_address>0xb853</load_address>
         <run_address>0xb853</run_address>
         <size>0x547</size>
         <input_file_ref idref="fl-ca"/>
      </object_component>
      <object_component id="oc-e1">
         <name>.debug_info</name>
         <load_address>0xbd9a</load_address>
         <run_address>0xbd9a</run_address>
         <size>0x19b</size>
         <input_file_ref idref="fl-ca"/>
      </object_component>
      <object_component id="oc-174">
         <name>.debug_info</name>
         <load_address>0xbf35</load_address>
         <run_address>0xbf35</run_address>
         <size>0x39</size>
         <input_file_ref idref="fl-ca"/>
      </object_component>
      <object_component id="oc-18a">
         <name>.debug_info</name>
         <load_address>0xbf6e</load_address>
         <run_address>0xbf6e</run_address>
         <size>0x39</size>
         <input_file_ref idref="fl-ca"/>
      </object_component>
      <object_component id="oc-179">
         <name>.debug_info</name>
         <load_address>0xbfa7</load_address>
         <run_address>0xbfa7</run_address>
         <size>0x39</size>
         <input_file_ref idref="fl-ca"/>
      </object_component>
      <object_component id="oc-17e">
         <name>.debug_info</name>
         <load_address>0xbfe0</load_address>
         <run_address>0xbfe0</run_address>
         <size>0xcd</size>
         <input_file_ref idref="fl-ca"/>
      </object_component>
      <object_component id="oc-8b">
         <name>.debug_info</name>
         <load_address>0xc0ad</load_address>
         <run_address>0xc0ad</run_address>
         <size>0x148</size>
         <input_file_ref idref="fl-cb"/>
      </object_component>
      <object_component id="oc-1c7">
         <name>.debug_info</name>
         <load_address>0xc1f5</load_address>
         <run_address>0xc1f5</run_address>
         <size>0x99</size>
      </object_component>
      <object_component id="oc-15c">
         <name>.debug_line</name>
         <load_address>0x0</load_address>
         <run_address>0x0</run_address>
         <size>0x8a</size>
         <input_file_ref idref="fl-1"/>
      </object_component>
      <object_component id="oc-c4">
         <name>.debug_line</name>
         <load_address>0x8a</load_address>
         <run_address>0x8a</run_address>
         <size>0xff</size>
         <input_file_ref idref="fl-1"/>
      </object_component>
      <object_component id="oc-160">
         <name>.debug_line</name>
         <load_address>0x189</load_address>
         <run_address>0x189</run_address>
         <size>0x5d</size>
         <input_file_ref idref="fl-1"/>
      </object_component>
      <object_component id="oc-ae">
         <name>.debug_line</name>
         <load_address>0x1e6</load_address>
         <run_address>0x1e6</run_address>
         <size>0x74</size>
         <input_file_ref idref="fl-1"/>
      </object_component>
      <object_component id="oc-137">
         <name>.debug_line</name>
         <load_address>0x25a</load_address>
         <run_address>0x25a</run_address>
         <size>0x60</size>
         <input_file_ref idref="fl-1"/>
      </object_component>
      <object_component id="oc-32">
         <name>.debug_line</name>
         <load_address>0x2ba</load_address>
         <run_address>0x2ba</run_address>
         <size>0x20</size>
         <input_file_ref idref="fl-1"/>
      </object_component>
      <object_component id="oc-11e">
         <name>.debug_line</name>
         <load_address>0x2da</load_address>
         <run_address>0x2da</run_address>
         <size>0x78</size>
         <input_file_ref idref="fl-1"/>
      </object_component>
      <object_component id="oc-119">
         <name>.debug_line</name>
         <load_address>0x352</load_address>
         <run_address>0x352</run_address>
         <size>0x75</size>
         <input_file_ref idref="fl-1"/>
      </object_component>
      <object_component id="oc-ba">
         <name>.debug_line</name>
         <load_address>0x3c7</load_address>
         <run_address>0x3c7</run_address>
         <size>0x70</size>
         <input_file_ref idref="fl-1"/>
      </object_component>
      <object_component id="oc-ca">
         <name>.debug_line</name>
         <load_address>0x437</load_address>
         <run_address>0x437</run_address>
         <size>0x83</size>
         <input_file_ref idref="fl-2"/>
      </object_component>
      <object_component id="oc-12e">
         <name>.debug_line</name>
         <load_address>0x4ba</load_address>
         <run_address>0x4ba</run_address>
         <size>0x3b</size>
         <input_file_ref idref="fl-3"/>
      </object_component>
      <object_component id="oc-12a">
         <name>.debug_line</name>
         <load_address>0x4f5</load_address>
         <run_address>0x4f5</run_address>
         <size>0x2d</size>
         <input_file_ref idref="fl-3"/>
      </object_component>
      <object_component id="oc-12c">
         <name>.debug_line</name>
         <load_address>0x522</load_address>
         <run_address>0x522</run_address>
         <size>0x2d</size>
         <input_file_ref idref="fl-3"/>
      </object_component>
      <object_component id="oc-94">
         <name>.debug_line</name>
         <load_address>0x54f</load_address>
         <run_address>0x54f</run_address>
         <size>0x50</size>
         <input_file_ref idref="fl-3"/>
      </object_component>
      <object_component id="oc-132">
         <name>.debug_line</name>
         <load_address>0x59f</load_address>
         <run_address>0x59f</run_address>
         <size>0x5d</size>
         <input_file_ref idref="fl-3"/>
      </object_component>
      <object_component id="oc-aa">
         <name>.debug_line</name>
         <load_address>0x5fc</load_address>
         <run_address>0x5fc</run_address>
         <size>0x40</size>
         <input_file_ref idref="fl-5"/>
      </object_component>
      <object_component id="oc-6b">
         <name>.debug_line</name>
         <load_address>0x63c</load_address>
         <run_address>0x63c</run_address>
         <size>0x40</size>
         <input_file_ref idref="fl-5"/>
      </object_component>
      <object_component id="oc-68">
         <name>.debug_line</name>
         <load_address>0x67c</load_address>
         <run_address>0x67c</run_address>
         <size>0x71</size>
         <input_file_ref idref="fl-5"/>
      </object_component>
      <object_component id="oc-15a">
         <name>.debug_line</name>
         <load_address>0x6ed</load_address>
         <run_address>0x6ed</run_address>
         <size>0x3b</size>
         <input_file_ref idref="fl-6"/>
      </object_component>
      <object_component id="oc-a6">
         <name>.debug_line</name>
         <load_address>0x728</load_address>
         <run_address>0x728</run_address>
         <size>0x159</size>
         <input_file_ref idref="fl-6"/>
      </object_component>
      <object_component id="oc-7c">
         <name>.debug_line</name>
         <load_address>0x881</load_address>
         <run_address>0x881</run_address>
         <size>0x20</size>
         <input_file_ref idref="fl-c1"/>
      </object_component>
      <object_component id="oc-1e">
         <name>.debug_line</name>
         <load_address>0x8a1</load_address>
         <run_address>0x8a1</run_address>
         <size>0x55</size>
         <input_file_ref idref="fl-c1"/>
      </object_component>
      <object_component id="oc-3d">
         <name>.debug_line</name>
         <load_address>0x8f6</load_address>
         <run_address>0x8f6</run_address>
         <size>0x3a</size>
         <input_file_ref idref="fl-c1"/>
      </object_component>
      <object_component id="oc-79">
         <name>.debug_line</name>
         <load_address>0x930</load_address>
         <run_address>0x930</run_address>
         <size>0x8a</size>
         <input_file_ref idref="fl-c1"/>
      </object_component>
      <object_component id="oc-b6">
         <name>.debug_line</name>
         <load_address>0x9ba</load_address>
         <run_address>0x9ba</run_address>
         <size>0x20</size>
         <input_file_ref idref="fl-c2"/>
      </object_component>
      <object_component id="oc-18">
         <name>.debug_line</name>
         <load_address>0x9da</load_address>
         <run_address>0x9da</run_address>
         <size>0xa9</size>
         <input_file_ref idref="fl-c2"/>
      </object_component>
      <object_component id="oc-2d">
         <name>.debug_line</name>
         <load_address>0xa83</load_address>
         <run_address>0xa83</run_address>
         <size>0x3a</size>
         <input_file_ref idref="fl-c2"/>
      </object_component>
      <object_component id="oc-b3">
         <name>.debug_line</name>
         <load_address>0xabd</load_address>
         <run_address>0xabd</run_address>
         <size>0x92</size>
         <input_file_ref idref="fl-c2"/>
      </object_component>
      <object_component id="oc-72">
         <name>.debug_line</name>
         <load_address>0xb4f</load_address>
         <run_address>0xb4f</run_address>
         <size>0x8e</size>
         <input_file_ref idref="fl-c2"/>
      </object_component>
      <object_component id="oc-6e">
         <name>.debug_line</name>
         <load_address>0xbdd</load_address>
         <run_address>0xbdd</run_address>
         <size>0x33</size>
         <input_file_ref idref="fl-c3"/>
      </object_component>
      <object_component id="oc-56">
         <name>.debug_line</name>
         <load_address>0xc10</load_address>
         <run_address>0xc10</run_address>
         <size>0x56</size>
         <input_file_ref idref="fl-c3"/>
      </object_component>
      <object_component id="oc-d5">
         <name>.debug_line</name>
         <load_address>0xc66</load_address>
         <run_address>0xc66</run_address>
         <size>0x3c</size>
         <input_file_ref idref="fl-c4"/>
      </object_component>
      <object_component id="oc-186">
         <name>.debug_line</name>
         <load_address>0xca2</load_address>
         <run_address>0xca2</run_address>
         <size>0x20</size>
         <input_file_ref idref="fl-c7"/>
      </object_component>
      <object_component id="oc-125">
         <name>.debug_line</name>
         <load_address>0xcc2</load_address>
         <run_address>0xcc2</run_address>
         <size>0xaa</size>
         <input_file_ref idref="fl-c7"/>
      </object_component>
      <object_component id="oc-38">
         <name>.debug_line</name>
         <load_address>0xd6c</load_address>
         <run_address>0xd6c</run_address>
         <size>0x88</size>
         <input_file_ref idref="fl-c8"/>
      </object_component>
      <object_component id="oc-173">
         <name>.debug_line</name>
         <load_address>0xdf4</load_address>
         <run_address>0xdf4</run_address>
         <size>0xb7</size>
         <input_file_ref idref="fl-ca"/>
      </object_component>
      <object_component id="oc-e4">
         <name>.debug_line</name>
         <load_address>0xeab</load_address>
         <run_address>0xeab</run_address>
         <size>0x6c</size>
         <input_file_ref idref="fl-ca"/>
      </object_component>
      <object_component id="oc-177">
         <name>.debug_line</name>
         <load_address>0xf17</load_address>
         <run_address>0xf17</run_address>
         <size>0x2e</size>
         <input_file_ref idref="fl-ca"/>
      </object_component>
      <object_component id="oc-18d">
         <name>.debug_line</name>
         <load_address>0xf45</load_address>
         <run_address>0xf45</run_address>
         <size>0x92</size>
         <input_file_ref idref="fl-ca"/>
      </object_component>
      <object_component id="oc-17c">
         <name>.debug_line</name>
         <load_address>0xfd7</load_address>
         <run_address>0xfd7</run_address>
         <size>0x8f</size>
         <input_file_ref idref="fl-ca"/>
      </object_component>
      <object_component id="oc-181">
         <name>.debug_line</name>
         <load_address>0x1066</load_address>
         <run_address>0x1066</run_address>
         <size>0x8b</size>
         <input_file_ref idref="fl-ca"/>
      </object_component>
      <object_component id="oc-8e">
         <name>.debug_line</name>
         <load_address>0x10f1</load_address>
         <run_address>0x10f1</run_address>
         <size>0x40</size>
         <input_file_ref idref="fl-cb"/>
      </object_component>
      <object_component id="oc-c5">
         <name>.debug_frame</name>
         <load_address>0x0</load_address>
         <run_address>0x0</run_address>
         <size>0xd8</size>
         <input_file_ref idref="fl-1"/>
      </object_component>
      <object_component id="oc-cb">
         <name>.debug_frame</name>
         <load_address>0xd8</load_address>
         <run_address>0xd8</run_address>
         <size>0x70</size>
         <input_file_ref idref="fl-2"/>
      </object_component>
      <object_component id="oc-95">
         <name>.debug_frame</name>
         <load_address>0x148</load_address>
         <run_address>0x148</run_address>
         <size>0x5c</size>
         <input_file_ref idref="fl-3"/>
      </object_component>
      <object_component id="oc-69">
         <name>.debug_frame</name>
         <load_address>0x1a4</load_address>
         <run_address>0x1a4</run_address>
         <size>0x6c</size>
         <input_file_ref idref="fl-5"/>
      </object_component>
      <object_component id="oc-a7">
         <name>.debug_frame</name>
         <load_address>0x210</load_address>
         <run_address>0x210</run_address>
         <size>0x70</size>
         <input_file_ref idref="fl-6"/>
      </object_component>
      <object_component id="oc-1f">
         <name>.debug_frame</name>
         <load_address>0x280</load_address>
         <run_address>0x280</run_address>
         <size>0x54</size>
         <input_file_ref idref="fl-c1"/>
      </object_component>
      <object_component id="oc-19">
         <name>.debug_frame</name>
         <load_address>0x2d4</load_address>
         <run_address>0x2d4</run_address>
         <size>0x60</size>
         <input_file_ref idref="fl-c2"/>
      </object_component>
      <object_component id="oc-57">
         <name>.debug_frame</name>
         <load_address>0x334</load_address>
         <run_address>0x334</run_address>
         <size>0x58</size>
         <input_file_ref idref="fl-c3"/>
      </object_component>
      <object_component id="oc-d6">
         <name>.debug_frame</name>
         <load_address>0x38c</load_address>
         <run_address>0x38c</run_address>
         <size>0x54</size>
         <input_file_ref idref="fl-c4"/>
      </object_component>
      <object_component id="oc-126">
         <name>.debug_frame</name>
         <load_address>0x3e0</load_address>
         <run_address>0x3e0</run_address>
         <size>0x54</size>
         <input_file_ref idref="fl-c7"/>
      </object_component>
      <object_component id="oc-e5">
         <name>.debug_frame</name>
         <load_address>0x434</load_address>
         <run_address>0x434</run_address>
         <size>0x5c</size>
         <input_file_ref idref="fl-ca"/>
      </object_component>
      <object_component id="oc-8f">
         <name>.debug_frame</name>
         <load_address>0x490</load_address>
         <run_address>0x490</run_address>
         <size>0x54</size>
         <input_file_ref idref="fl-cb"/>
      </object_component>
      <object_component id="oc-15b">
         <name>.debug_abbrev</name>
         <load_address>0x0</load_address>
         <run_address>0x0</run_address>
         <size>0xb6</size>
         <input_file_ref idref="fl-1"/>
      </object_component>
      <object_component id="oc-127">
         <name>.debug_abbrev</name>
         <load_address>0xb6</load_address>
         <run_address>0xb6</run_address>
         <size>0x7a</size>
         <input_file_ref idref="fl-1"/>
      </object_component>
      <object_component id="oc-15f">
         <name>.debug_abbrev</name>
         <load_address>0x130</load_address>
         <run_address>0x130</run_address>
         <size>0xbd</size>
         <input_file_ref idref="fl-1"/>
      </object_component>
      <object_component id="oc-ad">
         <name>.debug_abbrev</name>
         <load_address>0x1ed</load_address>
         <run_address>0x1ed</run_address>
         <size>0x69</size>
         <input_file_ref idref="fl-1"/>
      </object_component>
      <object_component id="oc-136">
         <name>.debug_abbrev</name>
         <load_address>0x256</load_address>
         <run_address>0x256</run_address>
         <size>0x97</size>
         <input_file_ref idref="fl-1"/>
      </object_component>
      <object_component id="oc-31">
         <name>.debug_abbrev</name>
         <load_address>0x2ed</load_address>
         <run_address>0x2ed</run_address>
         <size>0x1f</size>
         <input_file_ref idref="fl-1"/>
      </object_component>
      <object_component id="oc-11d">
         <name>.debug_abbrev</name>
         <load_address>0x30c</load_address>
         <run_address>0x30c</run_address>
         <size>0x5c</size>
         <input_file_ref idref="fl-1"/>
      </object_component>
      <object_component id="oc-118">
         <name>.debug_abbrev</name>
         <load_address>0x368</load_address>
         <run_address>0x368</run_address>
         <size>0x24</size>
         <input_file_ref idref="fl-1"/>
      </object_component>
      <object_component id="oc-b9">
         <name>.debug_abbrev</name>
         <load_address>0x38c</load_address>
         <run_address>0x38c</run_address>
         <size>0x24</size>
         <input_file_ref idref="fl-1"/>
      </object_component>
      <object_component id="oc-128">
         <name>.debug_abbrev</name>
         <load_address>0x3b0</load_address>
         <run_address>0x3b0</run_address>
         <size>0x6e</size>
         <input_file_ref idref="fl-2"/>
      </object_component>
      <object_component id="oc-12d">
         <name>.debug_abbrev</name>
         <load_address>0x41e</load_address>
         <run_address>0x41e</run_address>
         <size>0xa6</size>
         <input_file_ref idref="fl-3"/>
      </object_component>
      <object_component id="oc-129">
         <name>.debug_abbrev</name>
         <load_address>0x4c4</load_address>
         <run_address>0x4c4</run_address>
         <size>0x27</size>
         <input_file_ref idref="fl-3"/>
      </object_component>
      <object_component id="oc-12b">
         <name>.debug_abbrev</name>
         <load_address>0x4eb</load_address>
         <run_address>0x4eb</run_address>
         <size>0x27</size>
         <input_file_ref idref="fl-3"/>
      </object_component>
      <object_component id="oc-d2">
         <name>.debug_abbrev</name>
         <load_address>0x512</load_address>
         <run_address>0x512</run_address>
         <size>0x62</size>
         <input_file_ref idref="fl-3"/>
      </object_component>
      <object_component id="oc-131">
         <name>.debug_abbrev</name>
         <load_address>0x574</load_address>
         <run_address>0x574</run_address>
         <size>0xbd</size>
         <input_file_ref idref="fl-3"/>
      </object_component>
      <object_component id="oc-a9">
         <name>.debug_abbrev</name>
         <load_address>0x631</load_address>
         <run_address>0x631</run_address>
         <size>0x7c</size>
         <input_file_ref idref="fl-5"/>
      </object_component>
      <object_component id="oc-6a">
         <name>.debug_abbrev</name>
         <load_address>0x6ad</load_address>
         <run_address>0x6ad</run_address>
         <size>0x29</size>
         <input_file_ref idref="fl-5"/>
      </object_component>
      <object_component id="oc-a8">
         <name>.debug_abbrev</name>
         <load_address>0x6d6</load_address>
         <run_address>0x6d6</run_address>
         <size>0x89</size>
         <input_file_ref idref="fl-5"/>
      </object_component>
      <object_component id="oc-159">
         <name>.debug_abbrev</name>
         <load_address>0x75f</load_address>
         <run_address>0x75f</run_address>
         <size>0x29</size>
         <input_file_ref idref="fl-6"/>
      </object_component>
      <object_component id="oc-115">
         <name>.debug_abbrev</name>
         <load_address>0x788</load_address>
         <run_address>0x788</run_address>
         <size>0x8b</size>
         <input_file_ref idref="fl-6"/>
      </object_component>
      <object_component id="oc-7b">
         <name>.debug_abbrev</name>
         <load_address>0x813</load_address>
         <run_address>0x813</run_address>
         <size>0x37</size>
         <input_file_ref idref="fl-c1"/>
      </object_component>
      <object_component id="oc-39">
         <name>.debug_abbrev</name>
         <load_address>0x84a</load_address>
         <run_address>0x84a</run_address>
         <size>0x74</size>
         <input_file_ref idref="fl-c1"/>
      </object_component>
      <object_component id="oc-3c">
         <name>.debug_abbrev</name>
         <load_address>0x8be</load_address>
         <run_address>0x8be</run_address>
         <size>0x24</size>
         <input_file_ref idref="fl-c1"/>
      </object_component>
      <object_component id="oc-78">
         <name>.debug_abbrev</name>
         <load_address>0x8e2</load_address>
         <run_address>0x8e2</run_address>
         <size>0x24</size>
         <input_file_ref idref="fl-c1"/>
      </object_component>
      <object_component id="oc-b5">
         <name>.debug_abbrev</name>
         <load_address>0x906</load_address>
         <run_address>0x906</run_address>
         <size>0x37</size>
         <input_file_ref idref="fl-c2"/>
      </object_component>
      <object_component id="oc-29">
         <name>.debug_abbrev</name>
         <load_address>0x93d</load_address>
         <run_address>0x93d</run_address>
         <size>0x6f</size>
         <input_file_ref idref="fl-c2"/>
      </object_component>
      <object_component id="oc-2c">
         <name>.debug_abbrev</name>
         <load_address>0x9ac</load_address>
         <run_address>0x9ac</run_address>
         <size>0x24</size>
         <input_file_ref idref="fl-c2"/>
      </object_component>
      <object_component id="oc-b2">
         <name>.debug_abbrev</name>
         <load_address>0x9d0</load_address>
         <run_address>0x9d0</run_address>
         <size>0x35</size>
         <input_file_ref idref="fl-c2"/>
      </object_component>
      <object_component id="oc-71">
         <name>.debug_abbrev</name>
         <load_address>0xa05</load_address>
         <run_address>0xa05</run_address>
         <size>0x24</size>
         <input_file_ref idref="fl-c2"/>
      </object_component>
      <object_component id="oc-6d">
         <name>.debug_abbrev</name>
         <load_address>0xa29</load_address>
         <run_address>0xa29</run_address>
         <size>0x29</size>
         <input_file_ref idref="fl-c3"/>
      </object_component>
      <object_component id="oc-99">
         <name>.debug_abbrev</name>
         <load_address>0xa52</load_address>
         <run_address>0xa52</run_address>
         <size>0x61</size>
         <input_file_ref idref="fl-c3"/>
      </object_component>
      <object_component id="oc-139">
         <name>.debug_abbrev</name>
         <load_address>0xab3</load_address>
         <run_address>0xab3</run_address>
         <size>0x45</size>
         <input_file_ref idref="fl-c4"/>
      </object_component>
      <object_component id="oc-185">
         <name>.debug_abbrev</name>
         <load_address>0xaf8</load_address>
         <run_address>0xaf8</run_address>
         <size>0x35</size>
         <input_file_ref idref="fl-c7"/>
      </object_component>
      <object_component id="oc-162">
         <name>.debug_abbrev</name>
         <load_address>0xb2d</load_address>
         <run_address>0xb2d</run_address>
         <size>0x71</size>
         <input_file_ref idref="fl-c7"/>
      </object_component>
      <object_component id="oc-75">
         <name>.debug_abbrev</name>
         <load_address>0xb9e</load_address>
         <run_address>0xb9e</run_address>
         <size>0x3e</size>
         <input_file_ref idref="fl-c8"/>
      </object_component>
      <object_component id="oc-172">
         <name>.debug_abbrev</name>
         <load_address>0xbdc</load_address>
         <run_address>0xbdc</run_address>
         <size>0xdb</size>
         <input_file_ref idref="fl-ca"/>
      </object_component>
      <object_component id="oc-143">
         <name>.debug_abbrev</name>
         <load_address>0xcb7</load_address>
         <run_address>0xcb7</run_address>
         <size>0x7e</size>
         <input_file_ref idref="fl-ca"/>
      </object_component>
      <object_component id="oc-176">
         <name>.debug_abbrev</name>
         <load_address>0xd35</load_address>
         <run_address>0xd35</run_address>
         <size>0x24</size>
         <input_file_ref idref="fl-ca"/>
      </object_component>
      <object_component id="oc-18c">
         <name>.debug_abbrev</name>
         <load_address>0xd59</load_address>
         <run_address>0xd59</run_address>
         <size>0x24</size>
         <input_file_ref idref="fl-ca"/>
      </object_component>
      <object_component id="oc-17b">
         <name>.debug_abbrev</name>
         <load_address>0xd7d</load_address>
         <run_address>0xd7d</run_address>
         <size>0x24</size>
         <input_file_ref idref="fl-ca"/>
      </object_component>
      <object_component id="oc-180">
         <name>.debug_abbrev</name>
         <load_address>0xda1</load_address>
         <run_address>0xda1</run_address>
         <size>0x4b</size>
         <input_file_ref idref="fl-ca"/>
      </object_component>
      <object_component id="oc-bf">
         <name>.debug_abbrev</name>
         <load_address>0xdec</load_address>
         <run_address>0xdec</run_address>
         <size>0x55</size>
         <input_file_ref idref="fl-cb"/>
      </object_component>
      <object_component id="oc-1c8">
         <name>.debug_abbrev</name>
         <load_address>0xe41</load_address>
         <run_address>0xe41</run_address>
         <size>0xf</size>
      </object_component>
      <object_component id="oc-161">
         <name>.debug_str</name>
         <load_address>0x0</load_address>
         <run_address>0x0</run_address>
         <size>0x15c5</size>
         <input_file_ref idref="fl-1"/>
      </object_component>
      <object_component id="oc-af">
         <name>.debug_str</name>
         <load_address>0x15c5</load_address>
         <run_address>0x15c5</run_address>
         <size>0x2ac</size>
         <input_file_ref idref="fl-1"/>
      </object_component>
      <object_component id="oc-138">
         <name>.debug_str</name>
         <load_address>0x1871</load_address>
         <run_address>0x1871</run_address>
         <size>0x481</size>
         <input_file_ref idref="fl-1"/>
      </object_component>
      <object_component id="oc-33">
         <name>.debug_str</name>
         <load_address>0x1cf2</load_address>
         <run_address>0x1cf2</run_address>
         <size>0xfc</size>
         <input_file_ref idref="fl-1"/>
      </object_component>
      <object_component id="oc-11f">
         <name>.debug_str</name>
         <load_address>0x1dee</load_address>
         <run_address>0x1dee</run_address>
         <size>0x33b</size>
         <input_file_ref idref="fl-1"/>
      </object_component>
      <object_component id="oc-11a">
         <name>.debug_str</name>
         <load_address>0x2129</load_address>
         <run_address>0x2129</run_address>
         <size>0x144</size>
         <input_file_ref idref="fl-1"/>
      </object_component>
      <object_component id="oc-bb">
         <name>.debug_str</name>
         <load_address>0x226d</load_address>
         <run_address>0x226d</run_address>
         <size>0xde</size>
         <input_file_ref idref="fl-1"/>
      </object_component>
      <object_component id="oc-133">
         <name>.debug_str</name>
         <load_address>0x234b</load_address>
         <run_address>0x234b</run_address>
         <size>0x15c7</size>
         <input_file_ref idref="fl-3"/>
      </object_component>
      <object_component id="oc-3e">
         <name>.debug_str</name>
         <load_address>0x3912</load_address>
         <run_address>0x3912</run_address>
         <size>0x100</size>
         <input_file_ref idref="fl-c1"/>
      </object_component>
      <object_component id="oc-7a">
         <name>.debug_str</name>
         <load_address>0x3a12</load_address>
         <run_address>0x3a12</run_address>
         <size>0x12d</size>
         <input_file_ref idref="fl-c1"/>
      </object_component>
      <object_component id="oc-2e">
         <name>.debug_str</name>
         <load_address>0x3b3f</load_address>
         <run_address>0x3b3f</run_address>
         <size>0x10d</size>
         <input_file_ref idref="fl-c2"/>
      </object_component>
      <object_component id="oc-b4">
         <name>.debug_str</name>
         <load_address>0x3c4c</load_address>
         <run_address>0x3c4c</run_address>
         <size>0x158</size>
         <input_file_ref idref="fl-c2"/>
      </object_component>
      <object_component id="oc-73">
         <name>.debug_str</name>
         <load_address>0x3da4</load_address>
         <run_address>0x3da4</run_address>
         <size>0x145</size>
         <input_file_ref idref="fl-c2"/>
      </object_component>
      <object_component id="oc-178">
         <name>.debug_str</name>
         <load_address>0x3ee9</load_address>
         <run_address>0x3ee9</run_address>
         <size>0xe2</size>
         <input_file_ref idref="fl-ca"/>
      </object_component>
      <object_component id="oc-18e">
         <name>.debug_str</name>
         <load_address>0x3fcb</load_address>
         <run_address>0x3fcb</run_address>
         <size>0x144</size>
         <input_file_ref idref="fl-ca"/>
      </object_component>
      <object_component id="oc-17d">
         <name>.debug_str</name>
         <load_address>0x410f</load_address>
         <run_address>0x410f</run_address>
         <size>0x13d</size>
         <input_file_ref idref="fl-ca"/>
      </object_component>
      <object_component id="oc-182">
         <name>.debug_str</name>
         <load_address>0x424c</load_address>
         <run_address>0x424c</run_address>
         <size>0x184</size>
         <input_file_ref idref="fl-ca"/>
      </object_component>
      <object_component id="oc-c1">
         <name>.debug_aranges</name>
         <load_address>0x0</load_address>
         <run_address>0x0</run_address>
         <size>0x48</size>
         <input_file_ref idref="fl-1"/>
      </object_component>
      <object_component id="oc-c8">
         <name>.debug_aranges</name>
         <load_address>0x48</load_address>
         <run_address>0x48</run_address>
         <size>0x28</size>
         <input_file_ref idref="fl-2"/>
      </object_component>
      <object_component id="oc-92">
         <name>.debug_aranges</name>
         <load_address>0x70</load_address>
         <run_address>0x70</run_address>
         <size>0x20</size>
         <input_file_ref idref="fl-3"/>
      </object_component>
      <object_component id="oc-66">
         <name>.debug_aranges</name>
         <load_address>0x90</load_address>
         <run_address>0x90</run_address>
         <size>0x28</size>
         <input_file_ref idref="fl-5"/>
      </object_component>
      <object_component id="oc-a4">
         <name>.debug_aranges</name>
         <load_address>0xb8</load_address>
         <run_address>0xb8</run_address>
         <size>0x28</size>
         <input_file_ref idref="fl-6"/>
      </object_component>
      <object_component id="oc-1c">
         <name>.debug_aranges</name>
         <load_address>0xe0</load_address>
         <run_address>0xe0</run_address>
         <size>0x20</size>
         <input_file_ref idref="fl-c1"/>
      </object_component>
      <object_component id="oc-16">
         <name>.debug_aranges</name>
         <load_address>0x100</load_address>
         <run_address>0x100</run_address>
         <size>0x20</size>
         <input_file_ref idref="fl-c2"/>
      </object_component>
      <object_component id="oc-54">
         <name>.debug_aranges</name>
         <load_address>0x120</load_address>
         <run_address>0x120</run_address>
         <size>0x20</size>
         <input_file_ref idref="fl-c3"/>
      </object_component>
      <object_component id="oc-d8">
         <name>.debug_aranges</name>
         <load_address>0x140</load_address>
         <run_address>0x140</run_address>
         <size>0x20</size>
         <input_file_ref idref="fl-c4"/>
      </object_component>
      <object_component id="oc-123">
         <name>.debug_aranges</name>
         <load_address>0x160</load_address>
         <run_address>0x160</run_address>
         <size>0x20</size>
         <input_file_ref idref="fl-c7"/>
      </object_component>
      <object_component id="oc-36">
         <name>.debug_aranges</name>
         <load_address>0x180</load_address>
         <run_address>0x180</run_address>
         <size>0x20</size>
         <input_file_ref idref="fl-c8"/>
      </object_component>
      <object_component id="oc-e2">
         <name>.debug_aranges</name>
         <load_address>0x1a0</load_address>
         <run_address>0x1a0</run_address>
         <size>0x20</size>
         <input_file_ref idref="fl-ca"/>
      </object_component>
      <object_component id="oc-8c">
         <name>.debug_aranges</name>
         <load_address>0x1c0</load_address>
         <run_address>0x1c0</run_address>
         <size>0x20</size>
         <input_file_ref idref="fl-cb"/>
      </object_component>
      <object_component id="oc-c3">
         <name>.debug_pubnames</name>
         <load_address>0x0</load_address>
         <run_address>0x0</run_address>
         <size>0x68</size>
         <input_file_ref idref="fl-1"/>
      </object_component>
      <object_component id="oc-c9">
         <name>.debug_pubnames</name>
         <load_address>0x68</load_address>
         <run_address>0x68</run_address>
         <size>0x2c</size>
         <input_file_ref idref="fl-2"/>
      </object_component>
      <object_component id="oc-ce">
         <name>.debug_pubnames</name>
         <load_address>0x94</load_address>
         <run_address>0x94</run_address>
         <size>0x1e</size>
         <input_file_ref idref="fl-3"/>
      </object_component>
      <object_component id="oc-d1">
         <name>.debug_pubnames</name>
         <load_address>0xb2</load_address>
         <run_address>0xb2</run_address>
         <size>0x1e</size>
         <input_file_ref idref="fl-3"/>
      </object_component>
      <object_component id="oc-93">
         <name>.debug_pubnames</name>
         <load_address>0xd0</load_address>
         <run_address>0xd0</run_address>
         <size>0x1b</size>
         <input_file_ref idref="fl-3"/>
      </object_component>
      <object_component id="oc-25">
         <name>.debug_pubnames</name>
         <load_address>0xeb</load_address>
         <run_address>0xeb</run_address>
         <size>0x27</size>
         <input_file_ref idref="fl-5"/>
      </object_component>
      <object_component id="oc-67">
         <name>.debug_pubnames</name>
         <load_address>0x112</load_address>
         <run_address>0x112</run_address>
         <size>0x38</size>
         <input_file_ref idref="fl-5"/>
      </object_component>
      <object_component id="oc-114">
         <name>.debug_pubnames</name>
         <load_address>0x14a</load_address>
         <run_address>0x14a</run_address>
         <size>0x26</size>
         <input_file_ref idref="fl-6"/>
      </object_component>
      <object_component id="oc-a5">
         <name>.debug_pubnames</name>
         <load_address>0x170</load_address>
         <run_address>0x170</run_address>
         <size>0x3b</size>
         <input_file_ref idref="fl-6"/>
      </object_component>
      <object_component id="oc-1d">
         <name>.debug_pubnames</name>
         <load_address>0x1ab</load_address>
         <run_address>0x1ab</run_address>
         <size>0x2b</size>
         <input_file_ref idref="fl-c1"/>
      </object_component>
      <object_component id="oc-17">
         <name>.debug_pubnames</name>
         <load_address>0x1d6</load_address>
         <run_address>0x1d6</run_address>
         <size>0x2b</size>
         <input_file_ref idref="fl-c2"/>
      </object_component>
      <object_component id="oc-28">
         <name>.debug_pubnames</name>
         <load_address>0x201</load_address>
         <run_address>0x201</run_address>
         <size>0x1e</size>
         <input_file_ref idref="fl-c3"/>
      </object_component>
      <object_component id="oc-55">
         <name>.debug_pubnames</name>
         <load_address>0x21f</load_address>
         <run_address>0x21f</run_address>
         <size>0x26</size>
         <input_file_ref idref="fl-c3"/>
      </object_component>
      <object_component id="oc-d9">
         <name>.debug_pubnames</name>
         <load_address>0x245</load_address>
         <run_address>0x245</run_address>
         <size>0x1c</size>
         <input_file_ref idref="fl-c4"/>
      </object_component>
      <object_component id="oc-124">
         <name>.debug_pubnames</name>
         <load_address>0x261</load_address>
         <run_address>0x261</run_address>
         <size>0x1d</size>
         <input_file_ref idref="fl-c7"/>
      </object_component>
      <object_component id="oc-37">
         <name>.debug_pubnames</name>
         <load_address>0x27e</load_address>
         <run_address>0x27e</run_address>
         <size>0x1d</size>
         <input_file_ref idref="fl-c8"/>
      </object_component>
      <object_component id="oc-e3">
         <name>.debug_pubnames</name>
         <load_address>0x29b</load_address>
         <run_address>0x29b</run_address>
         <size>0x35</size>
         <input_file_ref idref="fl-ca"/>
      </object_component>
      <object_component id="oc-8d">
         <name>.debug_pubnames</name>
         <load_address>0x2d0</load_address>
         <run_address>0x2d0</run_address>
         <size>0x27</size>
         <input_file_ref idref="fl-cb"/>
      </object_component>
      <object_component id="oc-15e">
         <name>.debug_pubtypes</name>
         <load_address>0x0</load_address>
         <run_address>0x0</run_address>
         <size>0x2ce</size>
         <input_file_ref idref="fl-1"/>
      </object_component>
      <object_component id="oc-ac">
         <name>.debug_pubtypes</name>
         <load_address>0x2ce</load_address>
         <run_address>0x2ce</run_address>
         <size>0x25c</size>
         <input_file_ref idref="fl-1"/>
      </object_component>
      <object_component id="oc-135">
         <name>.debug_pubtypes</name>
         <load_address>0x52a</load_address>
         <run_address>0x52a</run_address>
         <size>0xdd</size>
         <input_file_ref idref="fl-1"/>
      </object_component>
      <object_component id="oc-30">
         <name>.debug_pubtypes</name>
         <load_address>0x607</load_address>
         <run_address>0x607</run_address>
         <size>0xed</size>
         <input_file_ref idref="fl-1"/>
      </object_component>
      <object_component id="oc-11c">
         <name>.debug_pubtypes</name>
         <load_address>0x6f4</load_address>
         <run_address>0x6f4</run_address>
         <size>0x325</size>
         <input_file_ref idref="fl-1"/>
      </object_component>
      <object_component id="oc-117">
         <name>.debug_pubtypes</name>
         <load_address>0xa19</load_address>
         <run_address>0xa19</run_address>
         <size>0xaa</size>
         <input_file_ref idref="fl-1"/>
      </object_component>
      <object_component id="oc-b8">
         <name>.debug_pubtypes</name>
         <load_address>0xac3</load_address>
         <run_address>0xac3</run_address>
         <size>0x1d</size>
         <input_file_ref idref="fl-1"/>
      </object_component>
      <object_component id="oc-130">
         <name>.debug_pubtypes</name>
         <load_address>0xae0</load_address>
         <run_address>0xae0</run_address>
         <size>0x2ce</size>
         <input_file_ref idref="fl-3"/>
      </object_component>
      <object_component id="oc-3b">
         <name>.debug_pubtypes</name>
         <load_address>0xdae</load_address>
         <run_address>0xdae</run_address>
         <size>0x48</size>
         <input_file_ref idref="fl-c1"/>
      </object_component>
      <object_component id="oc-77">
         <name>.debug_pubtypes</name>
         <load_address>0xdf6</load_address>
         <run_address>0xdf6</run_address>
         <size>0x1d</size>
         <input_file_ref idref="fl-c1"/>
      </object_component>
      <object_component id="oc-2b">
         <name>.debug_pubtypes</name>
         <load_address>0xe13</load_address>
         <run_address>0xe13</run_address>
         <size>0x5d</size>
         <input_file_ref idref="fl-c2"/>
      </object_component>
      <object_component id="oc-b1">
         <name>.debug_pubtypes</name>
         <load_address>0xe70</load_address>
         <run_address>0xe70</run_address>
         <size>0x48</size>
         <input_file_ref idref="fl-c2"/>
      </object_component>
      <object_component id="oc-70">
         <name>.debug_pubtypes</name>
         <load_address>0xeb8</load_address>
         <run_address>0xeb8</run_address>
         <size>0x35</size>
         <input_file_ref idref="fl-c2"/>
      </object_component>
      <object_component id="oc-175">
         <name>.debug_pubtypes</name>
         <load_address>0xeed</load_address>
         <run_address>0xeed</run_address>
         <size>0x32</size>
         <input_file_ref idref="fl-ca"/>
      </object_component>
      <object_component id="oc-18b">
         <name>.debug_pubtypes</name>
         <load_address>0xf1f</load_address>
         <run_address>0xf1f</run_address>
         <size>0x30</size>
         <input_file_ref idref="fl-ca"/>
      </object_component>
      <object_component id="oc-17a">
         <name>.debug_pubtypes</name>
         <load_address>0xf4f</load_address>
         <run_address>0xf4f</run_address>
         <size>0x2c</size>
         <input_file_ref idref="fl-ca"/>
      </object_component>
      <object_component id="oc-17f">
         <name>.debug_pubtypes</name>
         <load_address>0xf7b</load_address>
         <run_address>0xf7b</run_address>
         <size>0x50</size>
         <input_file_ref idref="fl-ca"/>
      </object_component>
   </object_component_list>
   <logical_group_list>
      <logical_group id="lg-3" display="no" color="cyan">
         <name>.intvecs</name>
         <load_address>0x0</load_address>
         <run_address>0x0</run_address>
         <size>0xe4</size>
         <contents>
            <object_component_ref idref="oc-23"/>
         </contents>
      </logical_group>
      <logical_group id="lg-4" display="no" color="cyan">
         <name>.text</name>
         <load_address>0xe4</load_address>
         <run_address>0xe4</run_address>
         <size>0x7e8</size>
         <contents>
            <object_component_ref idref="oc-a2"/>
            <object_component_ref idref="oc-c0"/>
            <object_component_ref idref="oc-c6"/>
            <object_component_ref idref="oc-34"/>
            <object_component_ref idref="oc-14"/>
            <object_component_ref idref="oc-90"/>
            <object_component_ref idref="oc-e0"/>
            <object_component_ref idref="oc-52"/>
            <object_component_ref idref="oc-121"/>
            <object_component_ref idref="oc-1a"/>
            <object_component_ref idref="oc-64"/>
            <object_component_ref idref="oc-8a"/>
            <object_component_ref idref="oc-d4"/>
         </contents>
      </logical_group>
      <logical_group id="lg-5" display="no" color="cyan">
         <name>.const</name>
         <load_address>0x8cc</load_address>
         <run_address>0x8cc</run_address>
         <size>0x11</size>
         <contents>
            <object_component_ref idref="oc-cf"/>
            <object_component_ref idref="oc-cc"/>
         </contents>
      </logical_group>
      <logical_group id="lg-6" display="no" color="cyan">
         <name>.cinit</name>
         <load_address>0x8e0</load_address>
         <run_address>0x8e0</run_address>
         <size>0x18</size>
         <contents>
            <object_component_ref idref="oc-1c5"/>
            <object_component_ref idref="oc-1c3"/>
            <object_component_ref idref="oc-1c4"/>
         </contents>
      </logical_group>
      <logical_group id="lg-7" display="no" color="cyan">
         <name>.pinit</name>
         <run_address>0x0</run_address>
         <size>0x0</size>
         <contents>
         </contents>
      </logical_group>
      <logical_group id="lg-8" display="no" color="cyan">
         <name>.init_array</name>
         <run_address>0x0</run_address>
         <size>0x0</size>
         <contents>
         </contents>
      </logical_group>
      <logical_group id="lg-9" display="no" color="cyan">
         <name>.binit</name>
         <load_address>0x0</load_address>
         <run_address>0x0</run_address>
         <size>0x0</size>
         <contents>
            <object_component_ref idref="oc-198"/>
         </contents>
      </logical_group>
      <logical_group id="lg-a" display="no" color="cyan">
         <name>.flashMailbox</name>
         <run_address>0x0</run_address>
         <size>0x0</size>
         <contents>
         </contents>
      </logical_group>
      <logical_group id="lg-b" display="no" color="cyan">
         <name>.tlvTable</name>
         <run_address>0x0</run_address>
         <size>0x0</size>
         <contents>
         </contents>
      </logical_group>
      <logical_group id="lg-c" display="no" color="cyan">
         <name>.bslArea</name>
         <run_address>0x0</run_address>
         <size>0x0</size>
         <contents>
         </contents>
      </logical_group>
      <logical_group id="lg-d" display="no" color="cyan">
         <name>.vtable</name>
         <run_address>0x0</run_address>
         <size>0x0</size>
         <contents>
         </contents>
      </logical_group>
      <logical_group id="lg-e" display="no" color="cyan">
         <name>.data</name>
         <run_address>0x20000000</run_address>
         <size>0x4</size>
         <contents>
            <object_component_ref idref="oc-112"/>
         </contents>
      </logical_group>
      <logical_group id="lg-f" display="no" color="cyan">
         <name>.bss</name>
         <run_address>0x0</run_address>
         <size>0x0</size>
         <contents>
         </contents>
      </logical_group>
      <logical_group id="lg-10" display="no" color="cyan">
         <name>.sysmem</name>
         <run_address>0x0</run_address>
         <size>0x0</size>
         <contents>
         </contents>
      </logical_group>
      <logical_group id="lg-11" display="no" color="cyan">
         <name>.stack</name>
         <run_address>0x2000fe00</run_address>
         <size>0x200</size>
         <contents>
            <object_component_ref idref="oc-26"/>
            <object_component_ref idref="oc-1c6"/>
         </contents>
      </logical_group>
      <logical_group id="lg-12" display="no" color="cyan">
         <name>.TI.ramfunc</name>
         <run_address>0x0</run_address>
         <size>0x0</size>
         <contents>
         </contents>
      </logical_group>
      <logical_group id="lg-196" display="no" color="cyan">
         <name>.TI.noinit</name>
         <run_address>0x0</run_address>
         <size>0x0</size>
         <contents>
         </contents>
      </logical_group>
      <logical_group id="lg-197" display="no" color="cyan">
         <name>.TI.persistent</name>
         <run_address>0x0</run_address>
         <size>0x0</size>
         <contents>
         </contents>
      </logical_group>
      <logical_group id="lg-1ab" display="never" color="cyan">
         <name>.debug_info</name>
         <load_address>0x0</load_address>
         <run_address>0x0</run_address>
         <size>0xc28e</size>
         <contents>
            <object_component_ref idref="oc-120"/>
            <object_component_ref idref="oc-c2"/>
            <object_component_ref idref="oc-15d"/>
            <object_component_ref idref="oc-ab"/>
            <object_component_ref idref="oc-134"/>
            <object_component_ref idref="oc-2f"/>
            <object_component_ref idref="oc-11b"/>
            <object_component_ref idref="oc-116"/>
            <object_component_ref idref="oc-b7"/>
            <object_component_ref idref="oc-c7"/>
            <object_component_ref idref="oc-d3"/>
            <object_component_ref idref="oc-cd"/>
            <object_component_ref idref="oc-d0"/>
            <object_component_ref idref="oc-91"/>
            <object_component_ref idref="oc-12f"/>
            <object_component_ref idref="oc-6c"/>
            <object_component_ref idref="oc-24"/>
            <object_component_ref idref="oc-65"/>
            <object_component_ref idref="oc-113"/>
            <object_component_ref idref="oc-a3"/>
            <object_component_ref idref="oc-3f"/>
            <object_component_ref idref="oc-1b"/>
            <object_component_ref idref="oc-3a"/>
            <object_component_ref idref="oc-76"/>
            <object_component_ref idref="oc-74"/>
            <object_component_ref idref="oc-15"/>
            <object_component_ref idref="oc-2a"/>
            <object_component_ref idref="oc-b0"/>
            <object_component_ref idref="oc-6f"/>
            <object_component_ref idref="oc-27"/>
            <object_component_ref idref="oc-53"/>
            <object_component_ref idref="oc-d7"/>
            <object_component_ref idref="oc-163"/>
            <object_component_ref idref="oc-122"/>
            <object_component_ref idref="oc-35"/>
            <object_component_ref idref="oc-144"/>
            <object_component_ref idref="oc-e1"/>
            <object_component_ref idref="oc-174"/>
            <object_component_ref idref="oc-18a"/>
            <object_component_ref idref="oc-179"/>
            <object_component_ref idref="oc-17e"/>
            <object_component_ref idref="oc-8b"/>
            <object_component_ref idref="oc-1c7"/>
         </contents>
      </logical_group>
      <logical_group id="lg-1ad" display="never" color="cyan">
         <name>.debug_line</name>
         <load_address>0x0</load_address>
         <run_address>0x0</run_address>
         <size>0x1131</size>
         <contents>
            <object_component_ref idref="oc-15c"/>
            <object_component_ref idref="oc-c4"/>
            <object_component_ref idref="oc-160"/>
            <object_component_ref idref="oc-ae"/>
            <object_component_ref idref="oc-137"/>
            <object_component_ref idref="oc-32"/>
            <object_component_ref idref="oc-11e"/>
            <object_component_ref idref="oc-119"/>
            <object_component_ref idref="oc-ba"/>
            <object_component_ref idref="oc-ca"/>
            <object_component_ref idref="oc-12e"/>
            <object_component_ref idref="oc-12a"/>
            <object_component_ref idref="oc-12c"/>
            <object_component_ref idref="oc-94"/>
            <object_component_ref idref="oc-132"/>
            <object_component_ref idref="oc-aa"/>
            <object_component_ref idref="oc-6b"/>
            <object_component_ref idref="oc-68"/>
            <object_component_ref idref="oc-15a"/>
            <object_component_ref idref="oc-a6"/>
            <object_component_ref idref="oc-7c"/>
            <object_component_ref idref="oc-1e"/>
            <object_component_ref idref="oc-3d"/>
            <object_component_ref idref="oc-79"/>
            <object_component_ref idref="oc-b6"/>
            <object_component_ref idref="oc-18"/>
            <object_component_ref idref="oc-2d"/>
            <object_component_ref idref="oc-b3"/>
            <object_component_ref idref="oc-72"/>
            <object_component_ref idref="oc-6e"/>
            <object_component_ref idref="oc-56"/>
            <object_component_ref idref="oc-d5"/>
            <object_component_ref idref="oc-186"/>
            <object_component_ref idref="oc-125"/>
            <object_component_ref idref="oc-38"/>
            <object_component_ref idref="oc-173"/>
            <object_component_ref idref="oc-e4"/>
            <object_component_ref idref="oc-177"/>
            <object_component_ref idref="oc-18d"/>
            <object_component_ref idref="oc-17c"/>
            <object_component_ref idref="oc-181"/>
            <object_component_ref idref="oc-8e"/>
         </contents>
      </logical_group>
      <logical_group id="lg-1af" display="never" color="cyan">
         <name>.debug_frame</name>
         <load_address>0x0</load_address>
         <run_address>0x0</run_address>
         <size>0x4e4</size>
         <contents>
            <object_component_ref idref="oc-c5"/>
            <object_component_ref idref="oc-cb"/>
            <object_component_ref idref="oc-95"/>
            <object_component_ref idref="oc-69"/>
            <object_component_ref idref="oc-a7"/>
            <object_component_ref idref="oc-1f"/>
            <object_component_ref idref="oc-19"/>
            <object_component_ref idref="oc-57"/>
            <object_component_ref idref="oc-d6"/>
            <object_component_ref idref="oc-126"/>
            <object_component_ref idref="oc-e5"/>
            <object_component_ref idref="oc-8f"/>
         </contents>
      </logical_group>
      <logical_group id="lg-1b1" display="never" color="cyan">
         <name>.debug_abbrev</name>
         <load_address>0x0</load_address>
         <run_address>0x0</run_address>
         <size>0xe50</size>
         <contents>
            <object_component_ref idref="oc-15b"/>
            <object_component_ref idref="oc-127"/>
            <object_component_ref idref="oc-15f"/>
            <object_component_ref idref="oc-ad"/>
            <object_component_ref idref="oc-136"/>
            <object_component_ref idref="oc-31"/>
            <object_component_ref idref="oc-11d"/>
            <object_component_ref idref="oc-118"/>
            <object_component_ref idref="oc-b9"/>
            <object_component_ref idref="oc-128"/>
            <object_component_ref idref="oc-12d"/>
            <object_component_ref idref="oc-129"/>
            <object_component_ref idref="oc-12b"/>
            <object_component_ref idref="oc-d2"/>
            <object_component_ref idref="oc-131"/>
            <object_component_ref idref="oc-a9"/>
            <object_component_ref idref="oc-6a"/>
            <object_component_ref idref="oc-a8"/>
            <object_component_ref idref="oc-159"/>
            <object_component_ref idref="oc-115"/>
            <object_component_ref idref="oc-7b"/>
            <object_component_ref idref="oc-39"/>
            <object_component_ref idref="oc-3c"/>
            <object_component_ref idref="oc-78"/>
            <object_component_ref idref="oc-b5"/>
            <object_component_ref idref="oc-29"/>
            <object_component_ref idref="oc-2c"/>
            <object_component_ref idref="oc-b2"/>
            <object_component_ref idref="oc-71"/>
            <object_component_ref idref="oc-6d"/>
            <object_component_ref idref="oc-99"/>
            <object_component_ref idref="oc-139"/>
            <object_component_ref idref="oc-185"/>
            <object_component_ref idref="oc-162"/>
            <object_component_ref idref="oc-75"/>
            <object_component_ref idref="oc-172"/>
            <object_component_ref idref="oc-143"/>
            <object_component_ref idref="oc-176"/>
            <object_component_ref idref="oc-18c"/>
            <object_component_ref idref="oc-17b"/>
            <object_component_ref idref="oc-180"/>
            <object_component_ref idref="oc-bf"/>
            <object_component_ref idref="oc-1c8"/>
         </contents>
      </logical_group>
      <logical_group id="lg-1b3" display="never" color="cyan">
         <name>.debug_str</name>
         <load_address>0x0</load_address>
         <run_address>0x0</run_address>
         <size>0x43d0</size>
         <contents>
            <object_component_ref idref="oc-161"/>
            <object_component_ref idref="oc-af"/>
            <object_component_ref idref="oc-138"/>
            <object_component_ref idref="oc-33"/>
            <object_component_ref idref="oc-11f"/>
            <object_component_ref idref="oc-11a"/>
            <object_component_ref idref="oc-bb"/>
            <object_component_ref idref="oc-133"/>
            <object_component_ref idref="oc-3e"/>
            <object_component_ref idref="oc-7a"/>
            <object_component_ref idref="oc-2e"/>
            <object_component_ref idref="oc-b4"/>
            <object_component_ref idref="oc-73"/>
            <object_component_ref idref="oc-178"/>
            <object_component_ref idref="oc-18e"/>
            <object_component_ref idref="oc-17d"/>
            <object_component_ref idref="oc-182"/>
         </contents>
      </logical_group>
      <logical_group id="lg-1b5" display="never" color="cyan">
         <name>.debug_aranges</name>
         <load_address>0x0</load_address>
         <run_address>0x0</run_address>
         <size>0x1e0</size>
         <contents>
            <object_component_ref idref="oc-c1"/>
            <object_component_ref idref="oc-c8"/>
            <object_component_ref idref="oc-92"/>
            <object_component_ref idref="oc-66"/>
            <object_component_ref idref="oc-a4"/>
            <object_component_ref idref="oc-1c"/>
            <object_component_ref idref="oc-16"/>
            <object_component_ref idref="oc-54"/>
            <object_component_ref idref="oc-d8"/>
            <object_component_ref idref="oc-123"/>
            <object_component_ref idref="oc-36"/>
            <object_component_ref idref="oc-e2"/>
            <object_component_ref idref="oc-8c"/>
         </contents>
      </logical_group>
      <logical_group id="lg-1b7" display="never" color="cyan">
         <name>.debug_pubnames</name>
         <load_address>0x0</load_address>
         <run_address>0x0</run_address>
         <size>0x2f7</size>
         <contents>
            <object_component_ref idref="oc-c3"/>
            <object_component_ref idref="oc-c9"/>
            <object_component_ref idref="oc-ce"/>
            <object_component_ref idref="oc-d1"/>
            <object_component_ref idref="oc-93"/>
            <object_component_ref idref="oc-25"/>
            <object_component_ref idref="oc-67"/>
            <object_component_ref idref="oc-114"/>
            <object_component_ref idref="oc-a5"/>
            <object_component_ref idref="oc-1d"/>
            <object_component_ref idref="oc-17"/>
            <object_component_ref idref="oc-28"/>
            <object_component_ref idref="oc-55"/>
            <object_component_ref idref="oc-d9"/>
            <object_component_ref idref="oc-124"/>
            <object_component_ref idref="oc-37"/>
            <object_component_ref idref="oc-e3"/>
            <object_component_ref idref="oc-8d"/>
         </contents>
      </logical_group>
      <logical_group id="lg-1b9" display="never" color="cyan">
         <name>.debug_pubtypes</name>
         <load_address>0x0</load_address>
         <run_address>0x0</run_address>
         <size>0xfcb</size>
         <contents>
            <object_component_ref idref="oc-15e"/>
            <object_component_ref idref="oc-ac"/>
            <object_component_ref idref="oc-135"/>
            <object_component_ref idref="oc-30"/>
            <object_component_ref idref="oc-11c"/>
            <object_component_ref idref="oc-117"/>
            <object_component_ref idref="oc-b8"/>
            <object_component_ref idref="oc-130"/>
            <object_component_ref idref="oc-3b"/>
            <object_component_ref idref="oc-77"/>
            <object_component_ref idref="oc-2b"/>
            <object_component_ref idref="oc-b1"/>
            <object_component_ref idref="oc-70"/>
            <object_component_ref idref="oc-175"/>
            <object_component_ref idref="oc-18b"/>
            <object_component_ref idref="oc-17a"/>
            <object_component_ref idref="oc-17f"/>
         </contents>
      </logical_group>
      <load_segment id="lg-1c9" display="no" color="cyan">
         <name>SEGMENT_0</name>
         <load_address>0x0</load_address>
         <run_address>0x0</run_address>
         <size>0x8f8</size>
         <flags>0x5</flags>
         <contents>
            <logical_group_ref idref="lg-3"/>
            <logical_group_ref idref="lg-4"/>
            <logical_group_ref idref="lg-5"/>
            <logical_group_ref idref="lg-6"/>
         </contents>
      </load_segment>
      <load_segment id="lg-1ca" display="no" color="cyan">
         <name>SEGMENT_1</name>
         <run_address>0x20000000</run_address>
         <size>0x4</size>
         <flags>0x6</flags>
         <contents>
            <logical_group_ref idref="lg-e"/>
         </contents>
      </load_segment>
      <load_segment id="lg-1cb" display="no" color="cyan">
         <name>SEGMENT_2</name>
         <run_address>0x2000fe00</run_address>
         <size>0x200</size>
         <flags>0x6</flags>
         <contents>
            <logical_group_ref idref="lg-11"/>
         </contents>
      </load_segment>
   </logical_group_list>
   <placement_map>
      <memory_area display="yes" color="green">
         <name>MAIN</name>
         <page_id>0x0</page_id>
         <origin>0x0</origin>
         <length>0x40000</length>
         <used_space>0x8f5</used_space>
         <unused_space>0x3f70b</unused_space>
         <attributes>RX</attributes>
         <usage_details>
            <allocated_space>
               <start_address>0x0</start_address>
               <size>0x0</size>
               <logical_group_ref idref="lg-9"/>
            </allocated_space>
            <allocated_space>
               <start_address>0x0</start_address>
               <size>0xe4</size>
               <logical_group_ref idref="lg-3"/>
            </allocated_space>
            <allocated_space>
               <start_address>0xe4</start_address>
               <size>0x7e8</size>
               <logical_group_ref idref="lg-4"/>
            </allocated_space>
            <allocated_space>
               <start_address>0x8cc</start_address>
               <size>0x11</size>
               <logical_group_ref idref="lg-5"/>
            </allocated_space>
            <available_space>
               <start_address>0x8dd</start_address>
               <size>0x3</size>
            </available_space>
            <allocated_space>
               <start_address>0x8e0</start_address>
               <size>0x18</size>
               <logical_group_ref idref="lg-6"/>
            </allocated_space>
            <available_space>
               <start_address>0x8f8</start_address>
               <size>0x3f708</size>
            </available_space>
         </usage_details>
      </memory_area>
      <memory_area display="yes" color="green">
         <name>INFO</name>
         <page_id>0x0</page_id>
         <origin>0x200000</origin>
         <length>0x4000</length>
         <used_space>0x0</used_space>
         <unused_space>0x4000</unused_space>
         <attributes>RX</attributes>
         <usage_details>
         </usage_details>
      </memory_area>
      <memory_area display="yes" color="green">
         <name>SRAM_CODE</name>
         <page_id>0x0</page_id>
         <origin>0x1000000</origin>
         <length>0x10000</length>
         <used_space>0x204</used_space>
         <unused_space>0xfdfc</unused_space>
         <attributes>RWX</attributes>
         <usage_details>
            <allocated_space>
               <start_address>0x1000000</start_address>
               <size>0x4</size>
               <logical_group_ref idref="lg-e"/>
            </allocated_space>
            <available_space>
               <start_address>0x1000004</start_address>
               <size>0xfdfc</size>
            </available_space>
            <allocated_space>
               <start_address>0x100fe00</start_address>
               <size>0x200</size>
               <logical_group_ref idref="lg-11"/>
            </allocated_space>
         </usage_details>
      </memory_area>
      <memory_area display="yes" color="green">
         <name>SRAM_DATA</name>
         <page_id>0x0</page_id>
         <origin>0x20000000</origin>
         <length>0x10000</length>
         <used_space>0x204</used_space>
         <unused_space>0xfdfc</unused_space>
         <attributes>RW</attributes>
         <usage_details>
            <allocated_space>
               <start_address>0x20000000</start_address>
               <size>0x4</size>
               <logical_group_ref idref="lg-e"/>
            </allocated_space>
            <available_space>
               <start_address>0x20000004</start_address>
               <size>0xfdfc</size>
            </available_space>
            <allocated_space>
               <start_address>0x2000fe00</start_address>
               <size>0x200</size>
               <logical_group_ref idref="lg-11"/>
            </allocated_space>
         </usage_details>
      </memory_area>
   </placement_map>
   <cptbl_list>
      <cptbl>
         <name>__TI_cinit_table</name>
         <cprec>
            <name>.data</name>
            <load_address>0x8e0</load_address>
            <load_size>0x8</load_size>
            <run_address>0x20000000</run_address>
            <run_size>0x4</run_size>
            <compression>lzss</compression>
         </cprec>
      </cptbl>
   </cptbl_list>
   <handler_table>
      <handler_table_name>__TI_handler_table</handler_table_name>
      <handler>
         <index>0x0</index>
         <name>__TI_decompress_lzss</name>
      </handler>
      <handler>
         <index>0x1</index>
         <name>__TI_decompress_none</name>
      </handler>
   </handler_table>
   <symbol_table>
      <symbol id="sm-1">
         <name>WDTCTL_SYM</name>
         <value>0x4000480c</value>
      </symbol>
      <symbol id="sm-2">
         <name>__TI_CINIT_Base</name>
         <value>0x8f0</value>
      </symbol>
      <symbol id="sm-3">
         <name>__TI_CINIT_Limit</name>
         <value>0x8f8</value>
      </symbol>
      <symbol id="sm-4">
         <name>__TI_Handler_Table_Base</name>
         <value>0x8e8</value>
      </symbol>
      <symbol id="sm-5">
         <name>__TI_Handler_Table_Limit</name>
         <value>0x8f0</value>
      </symbol>
      <symbol id="sm-6">
         <name>binit</name>
         <value>0xffffffff</value>
      </symbol>
      <symbol id="sm-7">
         <name>__binit__</name>
         <value>0xffffffff</value>
      </symbol>
      <symbol id="sm-8">
         <name>__STACK_SIZE</name>
         <value>0x200</value>
      </symbol>
      <symbol id="sm-9">
         <name>__STACK_END</name>
         <value>0x20010000</value>
      </symbol>
      <symbol id="sm-a">
         <name>__c_args__</name>
         <value>0xffffffff</value>
      </symbol>
      <symbol id="sm-b">
         <name>__TI_pprof_out_hndl</name>
         <value>0xffffffff</value>
      </symbol>
      <symbol id="sm-c">
         <name>__TI_prof_data_start</name>
         <value>0xffffffff</value>
      </symbol>
      <symbol id="sm-d">
         <name>__TI_prof_data_size</name>
         <value>0xffffffff</value>
      </symbol>
      <symbol id="sm-63">
         <name>lcd_write</name>
         <value>0x4a9</value>
         <object_component_ref idref="oc-c0"/>
      </symbol>
      <symbol id="sm-64">
         <name>lcd_setup</name>
         <value>0x469</value>
         <object_component_ref idref="oc-c0"/>
      </symbol>
      <symbol id="sm-65">
         <name>lcd_command</name>
         <value>0x55b</value>
         <object_component_ref idref="oc-c0"/>
      </symbol>
      <symbol id="sm-66">
         <name>lcd_clear</name>
         <value>0x457</value>
         <object_component_ref idref="oc-c0"/>
      </symbol>
      <symbol id="sm-67">
         <name>lcd_init</name>
         <value>0x497</value>
         <object_component_ref idref="oc-c0"/>
      </symbol>
      <symbol id="sm-68">
         <name>lcd_string</name>
         <value>0x419</value>
         <object_component_ref idref="oc-c0"/>
      </symbol>
      <symbol id="sm-7b">
         <name>delay_us</name>
         <value>0x66d</value>
         <object_component_ref idref="oc-c6"/>
      </symbol>
      <symbol id="sm-7c">
         <name>delay_ms</name>
         <value>0x621</value>
         <object_component_ref idref="oc-c6"/>
      </symbol>
      <symbol id="sm-a0">
         <name>main</name>
         <value>0x7c1</value>
         <object_component_ref idref="oc-90"/>
      </symbol>
      <symbol id="sm-b6">
         <name>Reset_Handler</name>
         <value>0x8b7</value>
         <object_component_ref idref="oc-64"/>
      </symbol>
      <symbol id="sm-b7">
         <name>Default_Handler</name>
         <value>0x8c3</value>
         <object_component_ref idref="oc-64"/>
      </symbol>
      <symbol id="sm-b8">
         <name>interruptVectors</name>
         <value>0x0</value>
         <object_component_ref idref="oc-23"/>
      </symbol>
      <symbol id="sm-100">
         <name>SystemInit</name>
         <value>0x35d</value>
         <object_component_ref idref="oc-a2"/>
      </symbol>
      <symbol id="sm-101">
         <name>SystemCoreClockUpdate</name>
         <value>0xe5</value>
         <object_component_ref idref="oc-a2"/>
      </symbol>
      <symbol id="sm-102">
         <name>SystemCoreClock</name>
         <value>0x20000000</value>
         <object_component_ref idref="oc-112"/>
      </symbol>
      <symbol id="sm-11a">
         <name>__TI_decompress_none</name>
         <value>0x8a9</value>
         <object_component_ref idref="oc-1a"/>
      </symbol>
      <symbol id="sm-13d">
         <name>__TI_decompress_lzss</name>
         <value>0x759</value>
         <object_component_ref idref="oc-14"/>
      </symbol>
      <symbol id="sm-150">
         <name>__stack</name>
         <value>0x2000fe00</value>
         <object_component_ref idref="oc-26"/>
      </symbol>
      <symbol id="sm-151">
         <name>_c_int00_noargs</name>
         <value>0x85d</value>
         <object_component_ref idref="oc-52"/>
      </symbol>
      <symbol id="sm-15c">
         <name>C$$EXIT</name>
         <value>0x8c9</value>
         <object_component_ref idref="oc-d4"/>
      </symbol>
      <symbol id="sm-15d">
         <name>abort</name>
         <value>0x8c9</value>
         <object_component_ref idref="oc-d4"/>
      </symbol>
      <symbol id="sm-16d">
         <name>strlen</name>
         <value>0x895</value>
         <object_component_ref idref="oc-121"/>
      </symbol>
      <symbol id="sm-188">
         <name>memcpy</name>
         <value>0x6bd</value>
         <object_component_ref idref="oc-34"/>
      </symbol>
      <symbol id="sm-189">
         <name>__aeabi_memcpy</name>
         <value>0x6bd</value>
         <object_component_ref idref="oc-34"/>
      </symbol>
      <symbol id="sm-18a">
         <name>__aeabi_memcpy8</name>
         <value>0x6bd</value>
         <object_component_ref idref="oc-34"/>
      </symbol>
      <symbol id="sm-18b">
         <name>__aeabi_memcpy4</name>
         <value>0x6bd</value>
         <object_component_ref idref="oc-34"/>
      </symbol>
      <symbol id="sm-1b4">
         <name>__TI_auto_init_nobinit_nopinit</name>
         <value>0x819</value>
         <object_component_ref idref="oc-e0"/>
      </symbol>
      <symbol id="sm-1be">
         <name>_system_pre_init</name>
         <value>0x8c5</value>
         <object_component_ref idref="oc-8a"/>
      </symbol>
      <symbol id="sm-1c0">
         <name>__TI_static_base__</name>
         <value>0x0</value>
      </symbol>
      <symbol id="sm-1c3">
         <name>__mpu_init</name>
         <value>0x0</value>
      </symbol>
      <symbol id="sm-1c4">
         <name>_system_post_cinit</name>
         <value>0x0</value>
      </symbol>
      <symbol id="sm-1c5">
         <name>NMI_Handler</name>
         <value>0x8c3</value>
      </symbol>
      <symbol id="sm-1c6">
         <name>HardFault_Handler</name>
         <value>0x8c3</value>
      </symbol>
      <symbol id="sm-1c7">
         <name>MemManage_Handler</name>
         <value>0x8c3</value>
      </symbol>
      <symbol id="sm-1c8">
         <name>BusFault_Handler</name>
         <value>0x8c3</value>
      </symbol>
      <symbol id="sm-1c9">
         <name>UsageFault_Handler</name>
         <value>0x8c3</value>
      </symbol>
      <symbol id="sm-1ca">
         <name>SVC_Handler</name>
         <value>0x8c3</value>
      </symbol>
      <symbol id="sm-1cb">
         <name>DebugMon_Handler</name>
         <value>0x8c3</value>
      </symbol>
      <symbol id="sm-1cc">
         <name>PendSV_Handler</name>
         <value>0x8c3</value>
      </symbol>
      <symbol id="sm-1cd">
         <name>SysTick_Handler</name>
         <value>0x8c3</value>
      </symbol>
      <symbol id="sm-1ce">
         <name>PSS_IRQHandler</name>
         <value>0x8c3</value>
      </symbol>
      <symbol id="sm-1cf">
         <name>CS_IRQHandler</name>
         <value>0x8c3</value>
      </symbol>
      <symbol id="sm-1d0">
         <name>PCM_IRQHandler</name>
         <value>0x8c3</value>
      </symbol>
      <symbol id="sm-1d1">
         <name>WDT_A_IRQHandler</name>
         <value>0x8c3</value>
      </symbol>
      <symbol id="sm-1d2">
         <name>FPU_IRQHandler</name>
         <value>0x8c3</value>
      </symbol>
      <symbol id="sm-1d3">
         <name>FLCTL_IRQHandler</name>
         <value>0x8c3</value>
      </symbol>
      <symbol id="sm-1d4">
         <name>COMP_E0_IRQHandler</name>
         <value>0x8c3</value>
      </symbol>
      <symbol id="sm-1d5">
         <name>COMP_E1_IRQHandler</name>
         <value>0x8c3</value>
      </symbol>
      <symbol id="sm-1d6">
         <name>TA0_0_IRQHandler</name>
         <value>0x8c3</value>
      </symbol>
      <symbol id="sm-1d7">
         <name>TA0_N_IRQHandler</name>
         <value>0x8c3</value>
      </symbol>
      <symbol id="sm-1d8">
         <name>TA1_0_IRQHandler</name>
         <value>0x8c3</value>
      </symbol>
      <symbol id="sm-1d9">
         <name>TA1_N_IRQHandler</name>
         <value>0x8c3</value>
      </symbol>
      <symbol id="sm-1da">
         <name>TA2_0_IRQHandler</name>
         <value>0x8c3</value>
      </symbol>
      <symbol id="sm-1db">
         <name>TA2_N_IRQHandler</name>
         <value>0x8c3</value>
      </symbol>
      <symbol id="sm-1dc">
         <name>TA3_0_IRQHandler</name>
         <value>0x8c3</value>
      </symbol>
      <symbol id="sm-1dd">
         <name>TA3_N_IRQHandler</name>
         <value>0x8c3</value>
      </symbol>
      <symbol id="sm-1de">
         <name>EUSCIA0_IRQHandler</name>
         <value>0x8c3</value>
      </symbol>
      <symbol id="sm-1df">
         <name>EUSCIA1_IRQHandler</name>
         <value>0x8c3</value>
      </symbol>
      <symbol id="sm-1e0">
         <name>EUSCIA2_IRQHandler</name>
         <value>0x8c3</value>
      </symbol>
      <symbol id="sm-1e1">
         <name>EUSCIA3_IRQHandler</name>
         <value>0x8c3</value>
      </symbol>
      <symbol id="sm-1e2">
         <name>EUSCIB0_IRQHandler</name>
         <value>0x8c3</value>
      </symbol>
      <symbol id="sm-1e3">
         <name>EUSCIB1_IRQHandler</name>
         <value>0x8c3</value>
      </symbol>
      <symbol id="sm-1e4">
         <name>EUSCIB2_IRQHandler</name>
         <value>0x8c3</value>
      </symbol>
      <symbol id="sm-1e5">
         <name>EUSCIB3_IRQHandler</name>
         <value>0x8c3</value>
      </symbol>
      <symbol id="sm-1e6">
         <name>ADC14_IRQHandler</name>
         <value>0x8c3</value>
      </symbol>
      <symbol id="sm-1e7">
         <name>T32_INT1_IRQHandler</name>
         <value>0x8c3</value>
      </symbol>
      <symbol id="sm-1e8">
         <name>T32_INT2_IRQHandler</name>
         <value>0x8c3</value>
      </symbol>
      <symbol id="sm-1e9">
         <name>T32_INTC_IRQHandler</name>
         <value>0x8c3</value>
      </symbol>
      <symbol id="sm-1ea">
         <name>AES256_IRQHandler</name>
         <value>0x8c3</value>
      </symbol>
      <symbol id="sm-1eb">
         <name>RTC_C_IRQHandler</name>
         <value>0x8c3</value>
      </symbol>
      <symbol id="sm-1ec">
         <name>DMA_ERR_IRQHandler</name>
         <value>0x8c3</value>
      </symbol>
      <symbol id="sm-1ed">
         <name>DMA_INT3_IRQHandler</name>
         <value>0x8c3</value>
      </symbol>
      <symbol id="sm-1ee">
         <name>DMA_INT2_IRQHandler</name>
         <value>0x8c3</value>
      </symbol>
      <symbol id="sm-1ef">
         <name>DMA_INT1_IRQHandler</name>
         <value>0x8c3</value>
      </symbol>
      <symbol id="sm-1f0">
         <name>DMA_INT0_IRQHandler</name>
         <value>0x8c3</value>
      </symbol>
      <symbol id="sm-1f1">
         <name>PORT1_IRQHandler</name>
         <value>0x8c3</value>
      </symbol>
      <symbol id="sm-1f2">
         <name>PORT2_IRQHandler</name>
         <value>0x8c3</value>
      </symbol>
      <symbol id="sm-1f3">
         <name>PORT3_IRQHandler</name>
         <value>0x8c3</value>
      </symbol>
      <symbol id="sm-1f4">
         <name>PORT4_IRQHandler</name>
         <value>0x8c3</value>
      </symbol>
      <symbol id="sm-1f5">
         <name>PORT5_IRQHandler</name>
         <value>0x8c3</value>
      </symbol>
      <symbol id="sm-1f6">
         <name>PORT6_IRQHandler</name>
         <value>0x8c3</value>
      </symbol>
   </symbol_table>
   <title>Link successful</title>
</link_info>
