<?xml version="1.0" encoding="ISO-8859-1" ?>
<link_info>
   <banner>TI ARM Linker Unix v18.1.1.LTS</banner>
   <copyright>Copyright (c) 1996-2017 Texas Instruments Incorporated</copyright>
   <link_time>0x5af3cd66</link_time>
   <link_errors>0x0</link_errors>
   <output_file>UART.out</output_file>
   <entry_point>
      <name>_c_int00_noargs</name>
      <address>0x87d</address>
   </entry_point>
   <input_file_list>
      <input_file id="fl-1">
         <path>./</path>
         <kind>object</kind>
         <file>delay.obj</file>
         <name>delay.obj</name>
      </input_file>
      <input_file id="fl-2">
         <path>./</path>
         <kind>object</kind>
         <file>drive_DAC.obj</file>
         <name>drive_DAC.obj</name>
      </input_file>
      <input_file id="fl-3">
         <path>./</path>
         <kind>object</kind>
         <file>main.obj</file>
         <name>main.obj</name>
      </input_file>
      <input_file id="fl-4">
         <path>./</path>
         <kind>object</kind>
         <file>set_DCO.obj</file>
         <name>set_DCO.obj</name>
      </input_file>
      <input_file id="fl-5">
         <path>./</path>
         <kind>object</kind>
         <file>startup_msp432p401r_ccs.obj</file>
         <name>startup_msp432p401r_ccs.obj</name>
      </input_file>
      <input_file id="fl-6">
         <path>./</path>
         <kind>object</kind>
         <file>system_msp432p401r.obj</file>
         <name>system_msp432p401r.obj</name>
      </input_file>
      <input_file id="fl-7">
         <path>./</path>
         <kind>object</kind>
         <file>uart.obj</file>
         <name>uart.obj</name>
      </input_file>
      <input_file id="fl-b">
         <kind>object</kind>
         <file>&lt;internal&gt;</file>
         <name>&lt;internal&gt;</name>
      </input_file>
      <input_file id="fl-c1">
         <path>/Applications/ti/ccsv8/tools/compiler/ti-cgt-arm_18.1.1.LTS/lib/</path>
         <kind>archive</kind>
         <file>rtsv7M4_T_le_v4SPD16_eabi.lib</file>
         <name>copy_zero_init.c.obj</name>
      </input_file>
      <input_file id="fl-c2">
         <path>/Applications/ti/ccsv8/tools/compiler/ti-cgt-arm_18.1.1.LTS/lib/</path>
         <kind>archive</kind>
         <file>rtsv7M4_T_le_v4SPD16_eabi.lib</file>
         <name>copy_decompress_none.c.obj</name>
      </input_file>
      <input_file id="fl-c3">
         <path>/Applications/ti/ccsv8/tools/compiler/ti-cgt-arm_18.1.1.LTS/lib/</path>
         <kind>archive</kind>
         <file>rtsv7M4_T_le_v4SPD16_eabi.lib</file>
         <name>copy_decompress_lzss.c.obj</name>
      </input_file>
      <input_file id="fl-c4">
         <path>/Applications/ti/ccsv8/tools/compiler/ti-cgt-arm_18.1.1.LTS/lib/</path>
         <kind>archive</kind>
         <file>rtsv7M4_T_le_v4SPD16_eabi.lib</file>
         <name>boot_cortex_m.c.obj</name>
      </input_file>
      <input_file id="fl-c5">
         <path>/Applications/ti/ccsv8/tools/compiler/ti-cgt-arm_18.1.1.LTS/lib/</path>
         <kind>archive</kind>
         <file>rtsv7M4_T_le_v4SPD16_eabi.lib</file>
         <name>exit.c.obj</name>
      </input_file>
      <input_file id="fl-c6">
         <path>/Applications/ti/ccsv8/tools/compiler/ti-cgt-arm_18.1.1.LTS/lib/</path>
         <kind>archive</kind>
         <file>rtsv7M4_T_le_v4SPD16_eabi.lib</file>
         <name>_lock.c.obj</name>
      </input_file>
      <input_file id="fl-c7">
         <path>/Applications/ti/ccsv8/tools/compiler/ti-cgt-arm_18.1.1.LTS/lib/</path>
         <kind>archive</kind>
         <file>rtsv7M4_T_le_v4SPD16_eabi.lib</file>
         <name>args_main.c.obj</name>
      </input_file>
      <input_file id="fl-c8">
         <path>/Applications/ti/ccsv8/tools/compiler/ti-cgt-arm_18.1.1.LTS/lib/</path>
         <kind>archive</kind>
         <file>rtsv7M4_T_le_v4SPD16_eabi.lib</file>
         <name>memcpy_t2.asm.obj</name>
      </input_file>
      <input_file id="fl-c9">
         <path>/Applications/ti/ccsv8/tools/compiler/ti-cgt-arm_18.1.1.LTS/lib/</path>
         <kind>archive</kind>
         <file>rtsv7M4_T_le_v4SPD16_eabi.lib</file>
         <name>memset_t2.asm.obj</name>
      </input_file>
      <input_file id="fl-ca">
         <path>/Applications/ti/ccsv8/tools/compiler/ti-cgt-arm_18.1.1.LTS/lib/</path>
         <kind>archive</kind>
         <file>rtsv7M4_T_le_v4SPD16_eabi.lib</file>
         <name>autoinit.c.obj</name>
      </input_file>
      <input_file id="fl-cb">
         <path>/Applications/ti/ccsv8/tools/compiler/ti-cgt-arm_18.1.1.LTS/lib/</path>
         <kind>archive</kind>
         <file>rtsv7M4_T_le_v4SPD16_eabi.lib</file>
         <name>pre_init.c.obj</name>
      </input_file>
      <input_file id="fl-cc">
         <path>/Applications/ti/ccsv8/tools/compiler/ti-cgt-arm_18.1.1.LTS/lib/</path>
         <kind>archive</kind>
         <file>rtsv7M4_T_le_v4SPD16_eabi.lib</file>
         <name>cpy_tbl.c.obj</name>
      </input_file>
   </input_file_list>
   <object_component_list>
      <object_component id="oc-23">
         <name>.intvecs:retain</name>
         <load_address>0x0</load_address>
         <run_address>0x0</run_address>
         <size>0xe4</size>
         <input_file_ref idref="fl-5"/>
      </object_component>
      <object_component id="oc-a8">
         <name>.text</name>
         <load_address>0xe4</load_address>
         <run_address>0xe4</run_address>
         <size>0x334</size>
         <input_file_ref idref="fl-6"/>
      </object_component>
      <object_component id="oc-96">
         <name>.text</name>
         <load_address>0x418</load_address>
         <run_address>0x418</run_address>
         <size>0x1e0</size>
         <input_file_ref idref="fl-3"/>
      </object_component>
      <object_component id="oc-6a">
         <name>.text</name>
         <load_address>0x5f8</load_address>
         <run_address>0x5f8</run_address>
         <size>0x13c</size>
         <input_file_ref idref="fl-7"/>
      </object_component>
      <object_component id="oc-34">
         <name>.text</name>
         <load_address>0x734</load_address>
         <run_address>0x734</run_address>
         <size>0x9c</size>
         <input_file_ref idref="fl-c8"/>
      </object_component>
      <object_component id="oc-14">
         <name>.text:decompress:lzss:__TI_decompress_lzss</name>
         <load_address>0x7d0</load_address>
         <run_address>0x7d0</run_address>
         <size>0x68</size>
         <input_file_ref idref="fl-c3"/>
      </object_component>
      <object_component id="oc-e1">
         <name>.text:__TI_auto_init_nobinit_nopinit:__TI_auto_init_nobinit_nopinit</name>
         <load_address>0x838</load_address>
         <run_address>0x838</run_address>
         <size>0x44</size>
         <input_file_ref idref="fl-ca"/>
      </object_component>
      <object_component id="oc-52">
         <name>.text:_c_int00_noargs:_c_int00_noargs</name>
         <load_address>0x87c</load_address>
         <run_address>0x87c</run_address>
         <size>0x38</size>
         <input_file_ref idref="fl-c4"/>
      </object_component>
      <object_component id="oc-1a">
         <name>.text:decompress:none:__TI_decompress_none</name>
         <load_address>0x8b4</load_address>
         <run_address>0x8b4</run_address>
         <size>0xe</size>
         <input_file_ref idref="fl-c2"/>
      </object_component>
      <object_component id="oc-64">
         <name>.text</name>
         <load_address>0x8c2</load_address>
         <run_address>0x8c2</run_address>
         <size>0xe</size>
         <input_file_ref idref="fl-5"/>
      </object_component>
      <object_component id="oc-90">
         <name>.text:_system_pre_init</name>
         <load_address>0x8d0</load_address>
         <run_address>0x8d0</run_address>
         <size>0x4</size>
         <input_file_ref idref="fl-cb"/>
      </object_component>
      <object_component id="oc-d5">
         <name>.text:abort:abort</name>
         <load_address>0x8d4</load_address>
         <run_address>0x8d4</run_address>
         <size>0x4</size>
         <input_file_ref idref="fl-c5"/>
      </object_component>
      <object_component id="oc-1a7">
         <name>.cinit..data.load</name>
         <load_address>0x8d8</load_address>
         <run_address>0x8d8</run_address>
         <size>0xb</size>
      </object_component>
      <object_component id="oc-1a5">
         <name>__TI_handler_table</name>
         <load_address>0x8e4</load_address>
         <run_address>0x8e4</run_address>
         <size>0x8</size>
      </object_component>
      <object_component id="oc-1a6">
         <name>__TI_cinit_table</name>
         <load_address>0x8ec</load_address>
         <run_address>0x8ec</run_address>
         <size>0x8</size>
      </object_component>
      <object_component id="oc-17a">
         <name>.binit</name>
         <load_address>0x0</load_address>
         <run_address>0x0</run_address>
         <size>0x0</size>
      </object_component>
      <object_component id="oc-113">
         <name>.data</name>
         <load_address>0x20000008</load_address>
         <run_address>0x20000008</run_address>
         <size>0x4</size>
         <input_file_ref idref="fl-6"/>
      </object_component>
      <object_component id="oc-af">
         <name>.data</name>
         <load_address>0x20000000</load_address>
         <run_address>0x20000000</run_address>
         <size>0x8</size>
         <input_file_ref idref="fl-7"/>
      </object_component>
      <object_component id="oc-26">
         <name>.stack</name>
         <uninitialized>true</uninitialized>
         <run_address>0x2000fe00</run_address>
         <size>0x4</size>
         <input_file_ref idref="fl-c4"/>
      </object_component>
      <object_component id="oc-1a8">
         <name>.stack</name>
         <uninitialized>true</uninitialized>
         <run_address>0x2000fe00</run_address>
         <size>0x0</size>
      </object_component>
      <object_component id="oc-2f">
         <name>.debug_info</name>
         <load_address>0x0</load_address>
         <run_address>0x0</run_address>
         <size>0x84</size>
         <input_file_ref idref="fl-1"/>
      </object_component>
      <object_component id="oc-11e">
         <name>.debug_info</name>
         <load_address>0x84</load_address>
         <run_address>0x84</run_address>
         <size>0x524</size>
         <input_file_ref idref="fl-2"/>
      </object_component>
      <object_component id="oc-cb">
         <name>.debug_info</name>
         <load_address>0x5a8</load_address>
         <run_address>0x5a8</run_address>
         <size>0x37e2</size>
         <input_file_ref idref="fl-2"/>
      </object_component>
      <object_component id="oc-b5">
         <name>.debug_info</name>
         <load_address>0x3d8a</load_address>
         <run_address>0x3d8a</run_address>
         <size>0x26b</size>
         <input_file_ref idref="fl-2"/>
      </object_component>
      <object_component id="oc-143">
         <name>.debug_info</name>
         <load_address>0x3ff5</load_address>
         <run_address>0x3ff5</run_address>
         <size>0x1055</size>
         <input_file_ref idref="fl-2"/>
      </object_component>
      <object_component id="oc-119">
         <name>.debug_info</name>
         <load_address>0x504a</load_address>
         <run_address>0x504a</run_address>
         <size>0x297</size>
         <input_file_ref idref="fl-2"/>
      </object_component>
      <object_component id="oc-d0">
         <name>.debug_info</name>
         <load_address>0x52e1</load_address>
         <run_address>0x52e1</run_address>
         <size>0xbb</size>
         <input_file_ref idref="fl-2"/>
      </object_component>
      <object_component id="oc-97">
         <name>.debug_info</name>
         <load_address>0x539c</load_address>
         <run_address>0x539c</run_address>
         <size>0x3ee</size>
         <input_file_ref idref="fl-3"/>
      </object_component>
      <object_component id="oc-72">
         <name>.debug_info</name>
         <load_address>0x578a</load_address>
         <run_address>0x578a</run_address>
         <size>0x2bf</size>
         <input_file_ref idref="fl-5"/>
      </object_component>
      <object_component id="oc-24">
         <name>.debug_info</name>
         <load_address>0x5a49</load_address>
         <run_address>0x5a49</run_address>
         <size>0xeb</size>
         <input_file_ref idref="fl-5"/>
      </object_component>
      <object_component id="oc-65">
         <name>.debug_info</name>
         <load_address>0x5b34</load_address>
         <run_address>0x5b34</run_address>
         <size>0x1b2</size>
         <input_file_ref idref="fl-5"/>
      </object_component>
      <object_component id="oc-114">
         <name>.debug_info</name>
         <load_address>0x5ce6</load_address>
         <run_address>0x5ce6</run_address>
         <size>0xe4</size>
         <input_file_ref idref="fl-6"/>
      </object_component>
      <object_component id="oc-a9">
         <name>.debug_info</name>
         <load_address>0x5dca</load_address>
         <run_address>0x5dca</run_address>
         <size>0x256</size>
         <input_file_ref idref="fl-6"/>
      </object_component>
      <object_component id="oc-b0">
         <name>.debug_info</name>
         <load_address>0x6020</load_address>
         <run_address>0x6020</run_address>
         <size>0xe1</size>
         <input_file_ref idref="fl-7"/>
      </object_component>
      <object_component id="oc-6b">
         <name>.debug_info</name>
         <load_address>0x6101</load_address>
         <run_address>0x6101</run_address>
         <size>0x29c</size>
         <input_file_ref idref="fl-7"/>
      </object_component>
      <object_component id="oc-3f">
         <name>.debug_info</name>
         <load_address>0x639d</load_address>
         <run_address>0x639d</run_address>
         <size>0x29d</size>
         <input_file_ref idref="fl-c2"/>
      </object_component>
      <object_component id="oc-1e">
         <name>.debug_info</name>
         <load_address>0x663a</load_address>
         <run_address>0x663a</run_address>
         <size>0x1df</size>
         <input_file_ref idref="fl-c2"/>
      </object_component>
      <object_component id="oc-3a">
         <name>.debug_info</name>
         <load_address>0x6819</load_address>
         <run_address>0x6819</run_address>
         <size>0x46</size>
         <input_file_ref idref="fl-c2"/>
      </object_component>
      <object_component id="oc-7c">
         <name>.debug_info</name>
         <load_address>0x685f</load_address>
         <run_address>0x685f</run_address>
         <size>0x2c</size>
         <input_file_ref idref="fl-c2"/>
      </object_component>
      <object_component id="oc-7a">
         <name>.debug_info</name>
         <load_address>0x688b</load_address>
         <run_address>0x688b</run_address>
         <size>0x293</size>
         <input_file_ref idref="fl-c3"/>
      </object_component>
      <object_component id="oc-15">
         <name>.debug_info</name>
         <load_address>0x6b1e</load_address>
         <run_address>0x6b1e</run_address>
         <size>0x245</size>
         <input_file_ref idref="fl-c3"/>
      </object_component>
      <object_component id="oc-2a">
         <name>.debug_info</name>
         <load_address>0x6d63</load_address>
         <run_address>0x6d63</run_address>
         <size>0x60</size>
         <input_file_ref idref="fl-c3"/>
      </object_component>
      <object_component id="oc-ba">
         <name>.debug_info</name>
         <load_address>0x6dc3</load_address>
         <run_address>0x6dc3</run_address>
         <size>0x46</size>
         <input_file_ref idref="fl-c3"/>
      </object_component>
      <object_component id="oc-75">
         <name>.debug_info</name>
         <load_address>0x6e09</load_address>
         <run_address>0x6e09</run_address>
         <size>0x39</size>
         <input_file_ref idref="fl-c3"/>
      </object_component>
      <object_component id="oc-27">
         <name>.debug_info</name>
         <load_address>0x6e42</load_address>
         <run_address>0x6e42</run_address>
         <size>0x100</size>
         <input_file_ref idref="fl-c4"/>
      </object_component>
      <object_component id="oc-53">
         <name>.debug_info</name>
         <load_address>0x6f42</load_address>
         <run_address>0x6f42</run_address>
         <size>0x1a4</size>
         <input_file_ref idref="fl-c4"/>
      </object_component>
      <object_component id="oc-d6">
         <name>.debug_info</name>
         <load_address>0x70e6</load_address>
         <run_address>0x70e6</run_address>
         <size>0x117</size>
         <input_file_ref idref="fl-c5"/>
      </object_component>
      <object_component id="oc-35">
         <name>.debug_info</name>
         <load_address>0x71fd</load_address>
         <run_address>0x71fd</run_address>
         <size>0x111</size>
         <input_file_ref idref="fl-c8"/>
      </object_component>
      <object_component id="oc-12a">
         <name>.debug_info</name>
         <load_address>0x730e</load_address>
         <run_address>0x730e</run_address>
         <size>0x547</size>
         <input_file_ref idref="fl-ca"/>
      </object_component>
      <object_component id="oc-e2">
         <name>.debug_info</name>
         <load_address>0x7855</load_address>
         <run_address>0x7855</run_address>
         <size>0x19b</size>
         <input_file_ref idref="fl-ca"/>
      </object_component>
      <object_component id="oc-158">
         <name>.debug_info</name>
         <load_address>0x79f0</load_address>
         <run_address>0x79f0</run_address>
         <size>0x39</size>
         <input_file_ref idref="fl-ca"/>
      </object_component>
      <object_component id="oc-16c">
         <name>.debug_info</name>
         <load_address>0x7a29</load_address>
         <run_address>0x7a29</run_address>
         <size>0x39</size>
         <input_file_ref idref="fl-ca"/>
      </object_component>
      <object_component id="oc-15d">
         <name>.debug_info</name>
         <load_address>0x7a62</load_address>
         <run_address>0x7a62</run_address>
         <size>0x39</size>
         <input_file_ref idref="fl-ca"/>
      </object_component>
      <object_component id="oc-162">
         <name>.debug_info</name>
         <load_address>0x7a9b</load_address>
         <run_address>0x7a9b</run_address>
         <size>0xcd</size>
         <input_file_ref idref="fl-ca"/>
      </object_component>
      <object_component id="oc-91">
         <name>.debug_info</name>
         <load_address>0x7b68</load_address>
         <run_address>0x7b68</run_address>
         <size>0x148</size>
         <input_file_ref idref="fl-cb"/>
      </object_component>
      <object_component id="oc-1a9">
         <name>.debug_info</name>
         <load_address>0x7cb0</load_address>
         <run_address>0x7cb0</run_address>
         <size>0x9a</size>
      </object_component>
      <object_component id="oc-32">
         <name>.debug_line</name>
         <load_address>0x0</load_address>
         <run_address>0x0</run_address>
         <size>0x20</size>
         <input_file_ref idref="fl-1"/>
      </object_component>
      <object_component id="oc-142">
         <name>.debug_line</name>
         <load_address>0x20</load_address>
         <run_address>0x20</run_address>
         <size>0x20</size>
         <input_file_ref idref="fl-2"/>
      </object_component>
      <object_component id="oc-ce">
         <name>.debug_line</name>
         <load_address>0x40</load_address>
         <run_address>0x40</run_address>
         <size>0x5d</size>
         <input_file_ref idref="fl-2"/>
      </object_component>
      <object_component id="oc-b8">
         <name>.debug_line</name>
         <load_address>0x9d</load_address>
         <run_address>0x9d</run_address>
         <size>0x74</size>
         <input_file_ref idref="fl-2"/>
      </object_component>
      <object_component id="oc-146">
         <name>.debug_line</name>
         <load_address>0x111</load_address>
         <run_address>0x111</run_address>
         <size>0x60</size>
         <input_file_ref idref="fl-2"/>
      </object_component>
      <object_component id="oc-11c">
         <name>.debug_line</name>
         <load_address>0x171</load_address>
         <run_address>0x171</run_address>
         <size>0x78</size>
         <input_file_ref idref="fl-2"/>
      </object_component>
      <object_component id="oc-d3">
         <name>.debug_line</name>
         <load_address>0x1e9</load_address>
         <run_address>0x1e9</run_address>
         <size>0x75</size>
         <input_file_ref idref="fl-2"/>
      </object_component>
      <object_component id="oc-9a">
         <name>.debug_line</name>
         <load_address>0x25e</load_address>
         <run_address>0x25e</run_address>
         <size>0x11e</size>
         <input_file_ref idref="fl-3"/>
      </object_component>
      <object_component id="oc-b4">
         <name>.debug_line</name>
         <load_address>0x37c</load_address>
         <run_address>0x37c</run_address>
         <size>0x40</size>
         <input_file_ref idref="fl-5"/>
      </object_component>
      <object_component id="oc-71">
         <name>.debug_line</name>
         <load_address>0x3bc</load_address>
         <run_address>0x3bc</run_address>
         <size>0x40</size>
         <input_file_ref idref="fl-5"/>
      </object_component>
      <object_component id="oc-68">
         <name>.debug_line</name>
         <load_address>0x3fc</load_address>
         <run_address>0x3fc</run_address>
         <size>0x71</size>
         <input_file_ref idref="fl-5"/>
      </object_component>
      <object_component id="oc-140">
         <name>.debug_line</name>
         <load_address>0x46d</load_address>
         <run_address>0x46d</run_address>
         <size>0x3b</size>
         <input_file_ref idref="fl-6"/>
      </object_component>
      <object_component id="oc-ac">
         <name>.debug_line</name>
         <load_address>0x4a8</load_address>
         <run_address>0x4a8</run_address>
         <size>0x159</size>
         <input_file_ref idref="fl-6"/>
      </object_component>
      <object_component id="oc-118">
         <name>.debug_line</name>
         <load_address>0x601</load_address>
         <run_address>0x601</run_address>
         <size>0x2d</size>
         <input_file_ref idref="fl-7"/>
      </object_component>
      <object_component id="oc-6e">
         <name>.debug_line</name>
         <load_address>0x62e</load_address>
         <run_address>0x62e</run_address>
         <size>0xf9</size>
         <input_file_ref idref="fl-7"/>
      </object_component>
      <object_component id="oc-82">
         <name>.debug_line</name>
         <load_address>0x727</load_address>
         <run_address>0x727</run_address>
         <size>0x20</size>
         <input_file_ref idref="fl-c2"/>
      </object_component>
      <object_component id="oc-1d">
         <name>.debug_line</name>
         <load_address>0x747</load_address>
         <run_address>0x747</run_address>
         <size>0x55</size>
         <input_file_ref idref="fl-c2"/>
      </object_component>
      <object_component id="oc-3d">
         <name>.debug_line</name>
         <load_address>0x79c</load_address>
         <run_address>0x79c</run_address>
         <size>0x3a</size>
         <input_file_ref idref="fl-c2"/>
      </object_component>
      <object_component id="oc-7f">
         <name>.debug_line</name>
         <load_address>0x7d6</load_address>
         <run_address>0x7d6</run_address>
         <size>0x8a</size>
         <input_file_ref idref="fl-c2"/>
      </object_component>
      <object_component id="oc-c0">
         <name>.debug_line</name>
         <load_address>0x860</load_address>
         <run_address>0x860</run_address>
         <size>0x20</size>
         <input_file_ref idref="fl-c3"/>
      </object_component>
      <object_component id="oc-18">
         <name>.debug_line</name>
         <load_address>0x880</load_address>
         <run_address>0x880</run_address>
         <size>0xa9</size>
         <input_file_ref idref="fl-c3"/>
      </object_component>
      <object_component id="oc-2d">
         <name>.debug_line</name>
         <load_address>0x929</load_address>
         <run_address>0x929</run_address>
         <size>0x3a</size>
         <input_file_ref idref="fl-c3"/>
      </object_component>
      <object_component id="oc-bd">
         <name>.debug_line</name>
         <load_address>0x963</load_address>
         <run_address>0x963</run_address>
         <size>0x92</size>
         <input_file_ref idref="fl-c3"/>
      </object_component>
      <object_component id="oc-78">
         <name>.debug_line</name>
         <load_address>0x9f5</load_address>
         <run_address>0x9f5</run_address>
         <size>0x8e</size>
         <input_file_ref idref="fl-c3"/>
      </object_component>
      <object_component id="oc-74">
         <name>.debug_line</name>
         <load_address>0xa83</load_address>
         <run_address>0xa83</run_address>
         <size>0x33</size>
         <input_file_ref idref="fl-c4"/>
      </object_component>
      <object_component id="oc-56">
         <name>.debug_line</name>
         <load_address>0xab6</load_address>
         <run_address>0xab6</run_address>
         <size>0x56</size>
         <input_file_ref idref="fl-c4"/>
      </object_component>
      <object_component id="oc-d9">
         <name>.debug_line</name>
         <load_address>0xb0c</load_address>
         <run_address>0xb0c</run_address>
         <size>0x3c</size>
         <input_file_ref idref="fl-c5"/>
      </object_component>
      <object_component id="oc-38">
         <name>.debug_line</name>
         <load_address>0xb48</load_address>
         <run_address>0xb48</run_address>
         <size>0x88</size>
         <input_file_ref idref="fl-c8"/>
      </object_component>
      <object_component id="oc-157">
         <name>.debug_line</name>
         <load_address>0xbd0</load_address>
         <run_address>0xbd0</run_address>
         <size>0xb7</size>
         <input_file_ref idref="fl-ca"/>
      </object_component>
      <object_component id="oc-e5">
         <name>.debug_line</name>
         <load_address>0xc87</load_address>
         <run_address>0xc87</run_address>
         <size>0x6c</size>
         <input_file_ref idref="fl-ca"/>
      </object_component>
      <object_component id="oc-15b">
         <name>.debug_line</name>
         <load_address>0xcf3</load_address>
         <run_address>0xcf3</run_address>
         <size>0x2e</size>
         <input_file_ref idref="fl-ca"/>
      </object_component>
      <object_component id="oc-16f">
         <name>.debug_line</name>
         <load_address>0xd21</load_address>
         <run_address>0xd21</run_address>
         <size>0x92</size>
         <input_file_ref idref="fl-ca"/>
      </object_component>
      <object_component id="oc-160">
         <name>.debug_line</name>
         <load_address>0xdb3</load_address>
         <run_address>0xdb3</run_address>
         <size>0x8f</size>
         <input_file_ref idref="fl-ca"/>
      </object_component>
      <object_component id="oc-165">
         <name>.debug_line</name>
         <load_address>0xe42</load_address>
         <run_address>0xe42</run_address>
         <size>0x8b</size>
         <input_file_ref idref="fl-ca"/>
      </object_component>
      <object_component id="oc-94">
         <name>.debug_line</name>
         <load_address>0xecd</load_address>
         <run_address>0xecd</run_address>
         <size>0x40</size>
         <input_file_ref idref="fl-cb"/>
      </object_component>
      <object_component id="oc-31">
         <name>.debug_abbrev</name>
         <load_address>0x0</load_address>
         <run_address>0x0</run_address>
         <size>0x1f</size>
         <input_file_ref idref="fl-1"/>
      </object_component>
      <object_component id="oc-141">
         <name>.debug_abbrev</name>
         <load_address>0x1f</load_address>
         <run_address>0x1f</run_address>
         <size>0x71</size>
         <input_file_ref idref="fl-2"/>
      </object_component>
      <object_component id="oc-cd">
         <name>.debug_abbrev</name>
         <load_address>0x90</load_address>
         <run_address>0x90</run_address>
         <size>0xbd</size>
         <input_file_ref idref="fl-2"/>
      </object_component>
      <object_component id="oc-b7">
         <name>.debug_abbrev</name>
         <load_address>0x14d</load_address>
         <run_address>0x14d</run_address>
         <size>0x69</size>
         <input_file_ref idref="fl-2"/>
      </object_component>
      <object_component id="oc-145">
         <name>.debug_abbrev</name>
         <load_address>0x1b6</load_address>
         <run_address>0x1b6</run_address>
         <size>0x97</size>
         <input_file_ref idref="fl-2"/>
      </object_component>
      <object_component id="oc-11b">
         <name>.debug_abbrev</name>
         <load_address>0x24d</load_address>
         <run_address>0x24d</run_address>
         <size>0x5c</size>
         <input_file_ref idref="fl-2"/>
      </object_component>
      <object_component id="oc-d2">
         <name>.debug_abbrev</name>
         <load_address>0x2a9</load_address>
         <run_address>0x2a9</run_address>
         <size>0x24</size>
         <input_file_ref idref="fl-2"/>
      </object_component>
      <object_component id="oc-ca">
         <name>.debug_abbrev</name>
         <load_address>0x2cd</load_address>
         <run_address>0x2cd</run_address>
         <size>0xd4</size>
         <input_file_ref idref="fl-3"/>
      </object_component>
      <object_component id="oc-b3">
         <name>.debug_abbrev</name>
         <load_address>0x3a1</load_address>
         <run_address>0x3a1</run_address>
         <size>0x7c</size>
         <input_file_ref idref="fl-5"/>
      </object_component>
      <object_component id="oc-70">
         <name>.debug_abbrev</name>
         <load_address>0x41d</load_address>
         <run_address>0x41d</run_address>
         <size>0x29</size>
         <input_file_ref idref="fl-5"/>
      </object_component>
      <object_component id="oc-ae">
         <name>.debug_abbrev</name>
         <load_address>0x446</load_address>
         <run_address>0x446</run_address>
         <size>0x89</size>
         <input_file_ref idref="fl-5"/>
      </object_component>
      <object_component id="oc-13f">
         <name>.debug_abbrev</name>
         <load_address>0x4cf</load_address>
         <run_address>0x4cf</run_address>
         <size>0x29</size>
         <input_file_ref idref="fl-6"/>
      </object_component>
      <object_component id="oc-116">
         <name>.debug_abbrev</name>
         <load_address>0x4f8</load_address>
         <run_address>0x4f8</run_address>
         <size>0x8b</size>
         <input_file_ref idref="fl-6"/>
      </object_component>
      <object_component id="oc-117">
         <name>.debug_abbrev</name>
         <load_address>0x583</load_address>
         <run_address>0x583</run_address>
         <size>0x27</size>
         <input_file_ref idref="fl-7"/>
      </object_component>
      <object_component id="oc-b2">
         <name>.debug_abbrev</name>
         <load_address>0x5aa</load_address>
         <run_address>0x5aa</run_address>
         <size>0x9b</size>
         <input_file_ref idref="fl-7"/>
      </object_component>
      <object_component id="oc-81">
         <name>.debug_abbrev</name>
         <load_address>0x645</load_address>
         <run_address>0x645</run_address>
         <size>0x37</size>
         <input_file_ref idref="fl-c2"/>
      </object_component>
      <object_component id="oc-39">
         <name>.debug_abbrev</name>
         <load_address>0x67c</load_address>
         <run_address>0x67c</run_address>
         <size>0x74</size>
         <input_file_ref idref="fl-c2"/>
      </object_component>
      <object_component id="oc-3c">
         <name>.debug_abbrev</name>
         <load_address>0x6f0</load_address>
         <run_address>0x6f0</run_address>
         <size>0x24</size>
         <input_file_ref idref="fl-c2"/>
      </object_component>
      <object_component id="oc-7e">
         <name>.debug_abbrev</name>
         <load_address>0x714</load_address>
         <run_address>0x714</run_address>
         <size>0x24</size>
         <input_file_ref idref="fl-c2"/>
      </object_component>
      <object_component id="oc-bf">
         <name>.debug_abbrev</name>
         <load_address>0x738</load_address>
         <run_address>0x738</run_address>
         <size>0x37</size>
         <input_file_ref idref="fl-c3"/>
      </object_component>
      <object_component id="oc-29">
         <name>.debug_abbrev</name>
         <load_address>0x76f</load_address>
         <run_address>0x76f</run_address>
         <size>0x6f</size>
         <input_file_ref idref="fl-c3"/>
      </object_component>
      <object_component id="oc-2c">
         <name>.debug_abbrev</name>
         <load_address>0x7de</load_address>
         <run_address>0x7de</run_address>
         <size>0x24</size>
         <input_file_ref idref="fl-c3"/>
      </object_component>
      <object_component id="oc-bc">
         <name>.debug_abbrev</name>
         <load_address>0x802</load_address>
         <run_address>0x802</run_address>
         <size>0x35</size>
         <input_file_ref idref="fl-c3"/>
      </object_component>
      <object_component id="oc-77">
         <name>.debug_abbrev</name>
         <load_address>0x837</load_address>
         <run_address>0x837</run_address>
         <size>0x24</size>
         <input_file_ref idref="fl-c3"/>
      </object_component>
      <object_component id="oc-73">
         <name>.debug_abbrev</name>
         <load_address>0x85b</load_address>
         <run_address>0x85b</run_address>
         <size>0x29</size>
         <input_file_ref idref="fl-c4"/>
      </object_component>
      <object_component id="oc-9f">
         <name>.debug_abbrev</name>
         <load_address>0x884</load_address>
         <run_address>0x884</run_address>
         <size>0x61</size>
         <input_file_ref idref="fl-c4"/>
      </object_component>
      <object_component id="oc-11f">
         <name>.debug_abbrev</name>
         <load_address>0x8e5</load_address>
         <run_address>0x8e5</run_address>
         <size>0x45</size>
         <input_file_ref idref="fl-c5"/>
      </object_component>
      <object_component id="oc-7b">
         <name>.debug_abbrev</name>
         <load_address>0x92a</load_address>
         <run_address>0x92a</run_address>
         <size>0x3e</size>
         <input_file_ref idref="fl-c8"/>
      </object_component>
      <object_component id="oc-156">
         <name>.debug_abbrev</name>
         <load_address>0x968</load_address>
         <run_address>0x968</run_address>
         <size>0xdb</size>
         <input_file_ref idref="fl-ca"/>
      </object_component>
      <object_component id="oc-129">
         <name>.debug_abbrev</name>
         <load_address>0xa43</load_address>
         <run_address>0xa43</run_address>
         <size>0x7e</size>
         <input_file_ref idref="fl-ca"/>
      </object_component>
      <object_component id="oc-15a">
         <name>.debug_abbrev</name>
         <load_address>0xac1</load_address>
         <run_address>0xac1</run_address>
         <size>0x24</size>
         <input_file_ref idref="fl-ca"/>
      </object_component>
      <object_component id="oc-16e">
         <name>.debug_abbrev</name>
         <load_address>0xae5</load_address>
         <run_address>0xae5</run_address>
         <size>0x24</size>
         <input_file_ref idref="fl-ca"/>
      </object_component>
      <object_component id="oc-15f">
         <name>.debug_abbrev</name>
         <load_address>0xb09</load_address>
         <run_address>0xb09</run_address>
         <size>0x24</size>
         <input_file_ref idref="fl-ca"/>
      </object_component>
      <object_component id="oc-164">
         <name>.debug_abbrev</name>
         <load_address>0xb2d</load_address>
         <run_address>0xb2d</run_address>
         <size>0x4b</size>
         <input_file_ref idref="fl-ca"/>
      </object_component>
      <object_component id="oc-c9">
         <name>.debug_abbrev</name>
         <load_address>0xb78</load_address>
         <run_address>0xb78</run_address>
         <size>0x55</size>
         <input_file_ref idref="fl-cb"/>
      </object_component>
      <object_component id="oc-1aa">
         <name>.debug_abbrev</name>
         <load_address>0xbcd</load_address>
         <run_address>0xbcd</run_address>
         <size>0xf</size>
      </object_component>
      <object_component id="oc-33">
         <name>.debug_str</name>
         <load_address>0x0</load_address>
         <run_address>0x0</run_address>
         <size>0xfc</size>
         <input_file_ref idref="fl-1"/>
      </object_component>
      <object_component id="oc-cf">
         <name>.debug_str</name>
         <load_address>0xfc</load_address>
         <run_address>0xfc</run_address>
         <size>0x15c6</size>
         <input_file_ref idref="fl-2"/>
      </object_component>
      <object_component id="oc-b9">
         <name>.debug_str</name>
         <load_address>0x16c2</load_address>
         <run_address>0x16c2</run_address>
         <size>0x2ad</size>
         <input_file_ref idref="fl-2"/>
      </object_component>
      <object_component id="oc-147">
         <name>.debug_str</name>
         <load_address>0x196f</load_address>
         <run_address>0x196f</run_address>
         <size>0x482</size>
         <input_file_ref idref="fl-2"/>
      </object_component>
      <object_component id="oc-11d">
         <name>.debug_str</name>
         <load_address>0x1df1</load_address>
         <run_address>0x1df1</run_address>
         <size>0x33c</size>
         <input_file_ref idref="fl-2"/>
      </object_component>
      <object_component id="oc-d4">
         <name>.debug_str</name>
         <load_address>0x212d</load_address>
         <run_address>0x212d</run_address>
         <size>0x145</size>
         <input_file_ref idref="fl-2"/>
      </object_component>
      <object_component id="oc-3e">
         <name>.debug_str</name>
         <load_address>0x2272</load_address>
         <run_address>0x2272</run_address>
         <size>0x100</size>
         <input_file_ref idref="fl-c2"/>
      </object_component>
      <object_component id="oc-80">
         <name>.debug_str</name>
         <load_address>0x2372</load_address>
         <run_address>0x2372</run_address>
         <size>0x12d</size>
         <input_file_ref idref="fl-c2"/>
      </object_component>
      <object_component id="oc-2e">
         <name>.debug_str</name>
         <load_address>0x249f</load_address>
         <run_address>0x249f</run_address>
         <size>0x10d</size>
         <input_file_ref idref="fl-c3"/>
      </object_component>
      <object_component id="oc-be">
         <name>.debug_str</name>
         <load_address>0x25ac</load_address>
         <run_address>0x25ac</run_address>
         <size>0x158</size>
         <input_file_ref idref="fl-c3"/>
      </object_component>
      <object_component id="oc-79">
         <name>.debug_str</name>
         <load_address>0x2704</load_address>
         <run_address>0x2704</run_address>
         <size>0x145</size>
         <input_file_ref idref="fl-c3"/>
      </object_component>
      <object_component id="oc-15c">
         <name>.debug_str</name>
         <load_address>0x2849</load_address>
         <run_address>0x2849</run_address>
         <size>0xe2</size>
         <input_file_ref idref="fl-ca"/>
      </object_component>
      <object_component id="oc-170">
         <name>.debug_str</name>
         <load_address>0x292b</load_address>
         <run_address>0x292b</run_address>
         <size>0x144</size>
         <input_file_ref idref="fl-ca"/>
      </object_component>
      <object_component id="oc-161">
         <name>.debug_str</name>
         <load_address>0x2a6f</load_address>
         <run_address>0x2a6f</run_address>
         <size>0x13d</size>
         <input_file_ref idref="fl-ca"/>
      </object_component>
      <object_component id="oc-166">
         <name>.debug_str</name>
         <load_address>0x2bac</load_address>
         <run_address>0x2bac</run_address>
         <size>0x184</size>
         <input_file_ref idref="fl-ca"/>
      </object_component>
      <object_component id="oc-30">
         <name>.debug_pubtypes</name>
         <load_address>0x0</load_address>
         <run_address>0x0</run_address>
         <size>0xed</size>
         <input_file_ref idref="fl-1"/>
      </object_component>
      <object_component id="oc-cc">
         <name>.debug_pubtypes</name>
         <load_address>0xed</load_address>
         <run_address>0xed</run_address>
         <size>0x2ce</size>
         <input_file_ref idref="fl-2"/>
      </object_component>
      <object_component id="oc-b6">
         <name>.debug_pubtypes</name>
         <load_address>0x3bb</load_address>
         <run_address>0x3bb</run_address>
         <size>0x25c</size>
         <input_file_ref idref="fl-2"/>
      </object_component>
      <object_component id="oc-144">
         <name>.debug_pubtypes</name>
         <load_address>0x617</load_address>
         <run_address>0x617</run_address>
         <size>0xdd</size>
         <input_file_ref idref="fl-2"/>
      </object_component>
      <object_component id="oc-11a">
         <name>.debug_pubtypes</name>
         <load_address>0x6f4</load_address>
         <run_address>0x6f4</run_address>
         <size>0x325</size>
         <input_file_ref idref="fl-2"/>
      </object_component>
      <object_component id="oc-d1">
         <name>.debug_pubtypes</name>
         <load_address>0xa19</load_address>
         <run_address>0xa19</run_address>
         <size>0xaa</size>
         <input_file_ref idref="fl-2"/>
      </object_component>
      <object_component id="oc-3b">
         <name>.debug_pubtypes</name>
         <load_address>0xac3</load_address>
         <run_address>0xac3</run_address>
         <size>0x48</size>
         <input_file_ref idref="fl-c2"/>
      </object_component>
      <object_component id="oc-7d">
         <name>.debug_pubtypes</name>
         <load_address>0xb0b</load_address>
         <run_address>0xb0b</run_address>
         <size>0x1d</size>
         <input_file_ref idref="fl-c2"/>
      </object_component>
      <object_component id="oc-2b">
         <name>.debug_pubtypes</name>
         <load_address>0xb28</load_address>
         <run_address>0xb28</run_address>
         <size>0x5d</size>
         <input_file_ref idref="fl-c3"/>
      </object_component>
      <object_component id="oc-bb">
         <name>.debug_pubtypes</name>
         <load_address>0xb85</load_address>
         <run_address>0xb85</run_address>
         <size>0x48</size>
         <input_file_ref idref="fl-c3"/>
      </object_component>
      <object_component id="oc-76">
         <name>.debug_pubtypes</name>
         <load_address>0xbcd</load_address>
         <run_address>0xbcd</run_address>
         <size>0x35</size>
         <input_file_ref idref="fl-c3"/>
      </object_component>
      <object_component id="oc-159">
         <name>.debug_pubtypes</name>
         <load_address>0xc02</load_address>
         <run_address>0xc02</run_address>
         <size>0x32</size>
         <input_file_ref idref="fl-ca"/>
      </object_component>
      <object_component id="oc-16d">
         <name>.debug_pubtypes</name>
         <load_address>0xc34</load_address>
         <run_address>0xc34</run_address>
         <size>0x30</size>
         <input_file_ref idref="fl-ca"/>
      </object_component>
      <object_component id="oc-15e">
         <name>.debug_pubtypes</name>
         <load_address>0xc64</load_address>
         <run_address>0xc64</run_address>
         <size>0x2c</size>
         <input_file_ref idref="fl-ca"/>
      </object_component>
      <object_component id="oc-163">
         <name>.debug_pubtypes</name>
         <load_address>0xc90</load_address>
         <run_address>0xc90</run_address>
         <size>0x50</size>
         <input_file_ref idref="fl-ca"/>
      </object_component>
      <object_component id="oc-9b">
         <name>.debug_frame</name>
         <load_address>0x0</load_address>
         <run_address>0x0</run_address>
         <size>0xa4</size>
         <input_file_ref idref="fl-3"/>
      </object_component>
      <object_component id="oc-69">
         <name>.debug_frame</name>
         <load_address>0xa4</load_address>
         <run_address>0xa4</run_address>
         <size>0x6c</size>
         <input_file_ref idref="fl-5"/>
      </object_component>
      <object_component id="oc-ad">
         <name>.debug_frame</name>
         <load_address>0x110</load_address>
         <run_address>0x110</run_address>
         <size>0x70</size>
         <input_file_ref idref="fl-6"/>
      </object_component>
      <object_component id="oc-6f">
         <name>.debug_frame</name>
         <load_address>0x180</load_address>
         <run_address>0x180</run_address>
         <size>0xc0</size>
         <input_file_ref idref="fl-7"/>
      </object_component>
      <object_component id="oc-1b">
         <name>.debug_frame</name>
         <load_address>0x240</load_address>
         <run_address>0x240</run_address>
         <size>0x54</size>
         <input_file_ref idref="fl-c2"/>
      </object_component>
      <object_component id="oc-19">
         <name>.debug_frame</name>
         <load_address>0x294</load_address>
         <run_address>0x294</run_address>
         <size>0x60</size>
         <input_file_ref idref="fl-c3"/>
      </object_component>
      <object_component id="oc-57">
         <name>.debug_frame</name>
         <load_address>0x2f4</load_address>
         <run_address>0x2f4</run_address>
         <size>0x58</size>
         <input_file_ref idref="fl-c4"/>
      </object_component>
      <object_component id="oc-da">
         <name>.debug_frame</name>
         <load_address>0x34c</load_address>
         <run_address>0x34c</run_address>
         <size>0x54</size>
         <input_file_ref idref="fl-c5"/>
      </object_component>
      <object_component id="oc-e6">
         <name>.debug_frame</name>
         <load_address>0x3a0</load_address>
         <run_address>0x3a0</run_address>
         <size>0x5c</size>
         <input_file_ref idref="fl-ca"/>
      </object_component>
      <object_component id="oc-95">
         <name>.debug_frame</name>
         <load_address>0x3fc</load_address>
         <run_address>0x3fc</run_address>
         <size>0x54</size>
         <input_file_ref idref="fl-cb"/>
      </object_component>
      <object_component id="oc-98">
         <name>.debug_aranges</name>
         <load_address>0x0</load_address>
         <run_address>0x0</run_address>
         <size>0x38</size>
         <input_file_ref idref="fl-3"/>
      </object_component>
      <object_component id="oc-66">
         <name>.debug_aranges</name>
         <load_address>0x38</load_address>
         <run_address>0x38</run_address>
         <size>0x28</size>
         <input_file_ref idref="fl-5"/>
      </object_component>
      <object_component id="oc-aa">
         <name>.debug_aranges</name>
         <load_address>0x60</load_address>
         <run_address>0x60</run_address>
         <size>0x28</size>
         <input_file_ref idref="fl-6"/>
      </object_component>
      <object_component id="oc-6c">
         <name>.debug_aranges</name>
         <load_address>0x88</load_address>
         <run_address>0x88</run_address>
         <size>0x48</size>
         <input_file_ref idref="fl-7"/>
      </object_component>
      <object_component id="oc-1c">
         <name>.debug_aranges</name>
         <load_address>0xd0</load_address>
         <run_address>0xd0</run_address>
         <size>0x20</size>
         <input_file_ref idref="fl-c2"/>
      </object_component>
      <object_component id="oc-16">
         <name>.debug_aranges</name>
         <load_address>0xf0</load_address>
         <run_address>0xf0</run_address>
         <size>0x20</size>
         <input_file_ref idref="fl-c3"/>
      </object_component>
      <object_component id="oc-54">
         <name>.debug_aranges</name>
         <load_address>0x110</load_address>
         <run_address>0x110</run_address>
         <size>0x20</size>
         <input_file_ref idref="fl-c4"/>
      </object_component>
      <object_component id="oc-d7">
         <name>.debug_aranges</name>
         <load_address>0x130</load_address>
         <run_address>0x130</run_address>
         <size>0x20</size>
         <input_file_ref idref="fl-c5"/>
      </object_component>
      <object_component id="oc-36">
         <name>.debug_aranges</name>
         <load_address>0x150</load_address>
         <run_address>0x150</run_address>
         <size>0x20</size>
         <input_file_ref idref="fl-c8"/>
      </object_component>
      <object_component id="oc-e3">
         <name>.debug_aranges</name>
         <load_address>0x170</load_address>
         <run_address>0x170</run_address>
         <size>0x20</size>
         <input_file_ref idref="fl-ca"/>
      </object_component>
      <object_component id="oc-92">
         <name>.debug_aranges</name>
         <load_address>0x190</load_address>
         <run_address>0x190</run_address>
         <size>0x20</size>
         <input_file_ref idref="fl-cb"/>
      </object_component>
      <object_component id="oc-99">
         <name>.debug_pubnames</name>
         <load_address>0x0</load_address>
         <run_address>0x0</run_address>
         <size>0x55</size>
         <input_file_ref idref="fl-3"/>
      </object_component>
      <object_component id="oc-25">
         <name>.debug_pubnames</name>
         <load_address>0x55</load_address>
         <run_address>0x55</run_address>
         <size>0x27</size>
         <input_file_ref idref="fl-5"/>
      </object_component>
      <object_component id="oc-67">
         <name>.debug_pubnames</name>
         <load_address>0x7c</load_address>
         <run_address>0x7c</run_address>
         <size>0x38</size>
         <input_file_ref idref="fl-5"/>
      </object_component>
      <object_component id="oc-115">
         <name>.debug_pubnames</name>
         <load_address>0xb4</load_address>
         <run_address>0xb4</run_address>
         <size>0x26</size>
         <input_file_ref idref="fl-6"/>
      </object_component>
      <object_component id="oc-ab">
         <name>.debug_pubnames</name>
         <load_address>0xda</load_address>
         <run_address>0xda</run_address>
         <size>0x3b</size>
         <input_file_ref idref="fl-6"/>
      </object_component>
      <object_component id="oc-b1">
         <name>.debug_pubnames</name>
         <load_address>0x115</load_address>
         <run_address>0x115</run_address>
         <size>0x29</size>
         <input_file_ref idref="fl-7"/>
      </object_component>
      <object_component id="oc-6d">
         <name>.debug_pubnames</name>
         <load_address>0x13e</load_address>
         <run_address>0x13e</run_address>
         <size>0x6c</size>
         <input_file_ref idref="fl-7"/>
      </object_component>
      <object_component id="oc-1f">
         <name>.debug_pubnames</name>
         <load_address>0x1aa</load_address>
         <run_address>0x1aa</run_address>
         <size>0x2b</size>
         <input_file_ref idref="fl-c2"/>
      </object_component>
      <object_component id="oc-17">
         <name>.debug_pubnames</name>
         <load_address>0x1d5</load_address>
         <run_address>0x1d5</run_address>
         <size>0x2b</size>
         <input_file_ref idref="fl-c3"/>
      </object_component>
      <object_component id="oc-28">
         <name>.debug_pubnames</name>
         <load_address>0x200</load_address>
         <run_address>0x200</run_address>
         <size>0x1e</size>
         <input_file_ref idref="fl-c4"/>
      </object_component>
      <object_component id="oc-55">
         <name>.debug_pubnames</name>
         <load_address>0x21e</load_address>
         <run_address>0x21e</run_address>
         <size>0x26</size>
         <input_file_ref idref="fl-c4"/>
      </object_component>
      <object_component id="oc-d8">
         <name>.debug_pubnames</name>
         <load_address>0x244</load_address>
         <run_address>0x244</run_address>
         <size>0x1c</size>
         <input_file_ref idref="fl-c5"/>
      </object_component>
      <object_component id="oc-37">
         <name>.debug_pubnames</name>
         <load_address>0x260</load_address>
         <run_address>0x260</run_address>
         <size>0x1d</size>
         <input_file_ref idref="fl-c8"/>
      </object_component>
      <object_component id="oc-e4">
         <name>.debug_pubnames</name>
         <load_address>0x27d</load_address>
         <run_address>0x27d</run_address>
         <size>0x35</size>
         <input_file_ref idref="fl-ca"/>
      </object_component>
      <object_component id="oc-93">
         <name>.debug_pubnames</name>
         <load_address>0x2b2</load_address>
         <run_address>0x2b2</run_address>
         <size>0x27</size>
         <input_file_ref idref="fl-cb"/>
      </object_component>
   </object_component_list>
   <logical_group_list>
      <logical_group id="lg-3" display="no" color="cyan">
         <name>.intvecs</name>
         <load_address>0x0</load_address>
         <run_address>0x0</run_address>
         <size>0xe4</size>
         <contents>
            <object_component_ref idref="oc-23"/>
         </contents>
      </logical_group>
      <logical_group id="lg-4" display="no" color="cyan">
         <name>.text</name>
         <load_address>0xe4</load_address>
         <run_address>0xe4</run_address>
         <size>0x7f4</size>
         <contents>
            <object_component_ref idref="oc-a8"/>
            <object_component_ref idref="oc-96"/>
            <object_component_ref idref="oc-6a"/>
            <object_component_ref idref="oc-34"/>
            <object_component_ref idref="oc-14"/>
            <object_component_ref idref="oc-e1"/>
            <object_component_ref idref="oc-52"/>
            <object_component_ref idref="oc-1a"/>
            <object_component_ref idref="oc-64"/>
            <object_component_ref idref="oc-90"/>
            <object_component_ref idref="oc-d5"/>
         </contents>
      </logical_group>
      <logical_group id="lg-5" display="no" color="cyan">
         <name>.const</name>
         <run_address>0x0</run_address>
         <size>0x0</size>
         <contents>
         </contents>
      </logical_group>
      <logical_group id="lg-6" display="no" color="cyan">
         <name>.cinit</name>
         <load_address>0x8d8</load_address>
         <run_address>0x8d8</run_address>
         <size>0x1c</size>
         <contents>
            <object_component_ref idref="oc-1a7"/>
            <object_component_ref idref="oc-1a5"/>
            <object_component_ref idref="oc-1a6"/>
         </contents>
      </logical_group>
      <logical_group id="lg-7" display="no" color="cyan">
         <name>.pinit</name>
         <run_address>0x0</run_address>
         <size>0x0</size>
         <contents>
         </contents>
      </logical_group>
      <logical_group id="lg-8" display="no" color="cyan">
         <name>.init_array</name>
         <run_address>0x0</run_address>
         <size>0x0</size>
         <contents>
         </contents>
      </logical_group>
      <logical_group id="lg-9" display="no" color="cyan">
         <name>.binit</name>
         <load_address>0x0</load_address>
         <run_address>0x0</run_address>
         <size>0x0</size>
         <contents>
            <object_component_ref idref="oc-17a"/>
         </contents>
      </logical_group>
      <logical_group id="lg-a" display="no" color="cyan">
         <name>.flashMailbox</name>
         <run_address>0x0</run_address>
         <size>0x0</size>
         <contents>
         </contents>
      </logical_group>
      <logical_group id="lg-b" display="no" color="cyan">
         <name>.tlvTable</name>
         <run_address>0x0</run_address>
         <size>0x0</size>
         <contents>
         </contents>
      </logical_group>
      <logical_group id="lg-c" display="no" color="cyan">
         <name>.bslArea</name>
         <run_address>0x0</run_address>
         <size>0x0</size>
         <contents>
         </contents>
      </logical_group>
      <logical_group id="lg-d" display="no" color="cyan">
         <name>.vtable</name>
         <run_address>0x0</run_address>
         <size>0x0</size>
         <contents>
         </contents>
      </logical_group>
      <logical_group id="lg-e" display="no" color="cyan">
         <name>.data</name>
         <run_address>0x20000000</run_address>
         <size>0xc</size>
         <contents>
            <object_component_ref idref="oc-113"/>
            <object_component_ref idref="oc-af"/>
         </contents>
      </logical_group>
      <logical_group id="lg-f" display="no" color="cyan">
         <name>.bss</name>
         <run_address>0x0</run_address>
         <size>0x0</size>
         <contents>
         </contents>
      </logical_group>
      <logical_group id="lg-10" display="no" color="cyan">
         <name>.sysmem</name>
         <run_address>0x0</run_address>
         <size>0x0</size>
         <contents>
         </contents>
      </logical_group>
      <logical_group id="lg-11" display="no" color="cyan">
         <name>.stack</name>
         <run_address>0x2000fe00</run_address>
         <size>0x200</size>
         <contents>
            <object_component_ref idref="oc-26"/>
            <object_component_ref idref="oc-1a8"/>
         </contents>
      </logical_group>
      <logical_group id="lg-12" display="no" color="cyan">
         <name>.TI.ramfunc</name>
         <run_address>0x0</run_address>
         <size>0x0</size>
         <contents>
         </contents>
      </logical_group>
      <logical_group id="lg-178" display="no" color="cyan">
         <name>.TI.noinit</name>
         <run_address>0x0</run_address>
         <size>0x0</size>
         <contents>
         </contents>
      </logical_group>
      <logical_group id="lg-179" display="no" color="cyan">
         <name>.TI.persistent</name>
         <run_address>0x0</run_address>
         <size>0x0</size>
         <contents>
         </contents>
      </logical_group>
      <logical_group id="lg-18d" display="never" color="cyan">
         <name>.debug_info</name>
         <load_address>0x0</load_address>
         <run_address>0x0</run_address>
         <size>0x7d4a</size>
         <contents>
            <object_component_ref idref="oc-2f"/>
            <object_component_ref idref="oc-11e"/>
            <object_component_ref idref="oc-cb"/>
            <object_component_ref idref="oc-b5"/>
            <object_component_ref idref="oc-143"/>
            <object_component_ref idref="oc-119"/>
            <object_component_ref idref="oc-d0"/>
            <object_component_ref idref="oc-97"/>
            <object_component_ref idref="oc-72"/>
            <object_component_ref idref="oc-24"/>
            <object_component_ref idref="oc-65"/>
            <object_component_ref idref="oc-114"/>
            <object_component_ref idref="oc-a9"/>
            <object_component_ref idref="oc-b0"/>
            <object_component_ref idref="oc-6b"/>
            <object_component_ref idref="oc-3f"/>
            <object_component_ref idref="oc-1e"/>
            <object_component_ref idref="oc-3a"/>
            <object_component_ref idref="oc-7c"/>
            <object_component_ref idref="oc-7a"/>
            <object_component_ref idref="oc-15"/>
            <object_component_ref idref="oc-2a"/>
            <object_component_ref idref="oc-ba"/>
            <object_component_ref idref="oc-75"/>
            <object_component_ref idref="oc-27"/>
            <object_component_ref idref="oc-53"/>
            <object_component_ref idref="oc-d6"/>
            <object_component_ref idref="oc-35"/>
            <object_component_ref idref="oc-12a"/>
            <object_component_ref idref="oc-e2"/>
            <object_component_ref idref="oc-158"/>
            <object_component_ref idref="oc-16c"/>
            <object_component_ref idref="oc-15d"/>
            <object_component_ref idref="oc-162"/>
            <object_component_ref idref="oc-91"/>
            <object_component_ref idref="oc-1a9"/>
         </contents>
      </logical_group>
      <logical_group id="lg-18f" display="never" color="cyan">
         <name>.debug_line</name>
         <load_address>0x0</load_address>
         <run_address>0x0</run_address>
         <size>0xf0d</size>
         <contents>
            <object_component_ref idref="oc-32"/>
            <object_component_ref idref="oc-142"/>
            <object_component_ref idref="oc-ce"/>
            <object_component_ref idref="oc-b8"/>
            <object_component_ref idref="oc-146"/>
            <object_component_ref idref="oc-11c"/>
            <object_component_ref idref="oc-d3"/>
            <object_component_ref idref="oc-9a"/>
            <object_component_ref idref="oc-b4"/>
            <object_component_ref idref="oc-71"/>
            <object_component_ref idref="oc-68"/>
            <object_component_ref idref="oc-140"/>
            <object_component_ref idref="oc-ac"/>
            <object_component_ref idref="oc-118"/>
            <object_component_ref idref="oc-6e"/>
            <object_component_ref idref="oc-82"/>
            <object_component_ref idref="oc-1d"/>
            <object_component_ref idref="oc-3d"/>
            <object_component_ref idref="oc-7f"/>
            <object_component_ref idref="oc-c0"/>
            <object_component_ref idref="oc-18"/>
            <object_component_ref idref="oc-2d"/>
            <object_component_ref idref="oc-bd"/>
            <object_component_ref idref="oc-78"/>
            <object_component_ref idref="oc-74"/>
            <object_component_ref idref="oc-56"/>
            <object_component_ref idref="oc-d9"/>
            <object_component_ref idref="oc-38"/>
            <object_component_ref idref="oc-157"/>
            <object_component_ref idref="oc-e5"/>
            <object_component_ref idref="oc-15b"/>
            <object_component_ref idref="oc-16f"/>
            <object_component_ref idref="oc-160"/>
            <object_component_ref idref="oc-165"/>
            <object_component_ref idref="oc-94"/>
         </contents>
      </logical_group>
      <logical_group id="lg-191" display="never" color="cyan">
         <name>.debug_abbrev</name>
         <load_address>0x0</load_address>
         <run_address>0x0</run_address>
         <size>0xbdc</size>
         <contents>
            <object_component_ref idref="oc-31"/>
            <object_component_ref idref="oc-141"/>
            <object_component_ref idref="oc-cd"/>
            <object_component_ref idref="oc-b7"/>
            <object_component_ref idref="oc-145"/>
            <object_component_ref idref="oc-11b"/>
            <object_component_ref idref="oc-d2"/>
            <object_component_ref idref="oc-ca"/>
            <object_component_ref idref="oc-b3"/>
            <object_component_ref idref="oc-70"/>
            <object_component_ref idref="oc-ae"/>
            <object_component_ref idref="oc-13f"/>
            <object_component_ref idref="oc-116"/>
            <object_component_ref idref="oc-117"/>
            <object_component_ref idref="oc-b2"/>
            <object_component_ref idref="oc-81"/>
            <object_component_ref idref="oc-39"/>
            <object_component_ref idref="oc-3c"/>
            <object_component_ref idref="oc-7e"/>
            <object_component_ref idref="oc-bf"/>
            <object_component_ref idref="oc-29"/>
            <object_component_ref idref="oc-2c"/>
            <object_component_ref idref="oc-bc"/>
            <object_component_ref idref="oc-77"/>
            <object_component_ref idref="oc-73"/>
            <object_component_ref idref="oc-9f"/>
            <object_component_ref idref="oc-11f"/>
            <object_component_ref idref="oc-7b"/>
            <object_component_ref idref="oc-156"/>
            <object_component_ref idref="oc-129"/>
            <object_component_ref idref="oc-15a"/>
            <object_component_ref idref="oc-16e"/>
            <object_component_ref idref="oc-15f"/>
            <object_component_ref idref="oc-164"/>
            <object_component_ref idref="oc-c9"/>
            <object_component_ref idref="oc-1aa"/>
         </contents>
      </logical_group>
      <logical_group id="lg-193" display="never" color="cyan">
         <name>.debug_str</name>
         <load_address>0x0</load_address>
         <run_address>0x0</run_address>
         <size>0x2d30</size>
         <contents>
            <object_component_ref idref="oc-33"/>
            <object_component_ref idref="oc-cf"/>
            <object_component_ref idref="oc-b9"/>
            <object_component_ref idref="oc-147"/>
            <object_component_ref idref="oc-11d"/>
            <object_component_ref idref="oc-d4"/>
            <object_component_ref idref="oc-3e"/>
            <object_component_ref idref="oc-80"/>
            <object_component_ref idref="oc-2e"/>
            <object_component_ref idref="oc-be"/>
            <object_component_ref idref="oc-79"/>
            <object_component_ref idref="oc-15c"/>
            <object_component_ref idref="oc-170"/>
            <object_component_ref idref="oc-161"/>
            <object_component_ref idref="oc-166"/>
         </contents>
      </logical_group>
      <logical_group id="lg-195" display="never" color="cyan">
         <name>.debug_pubtypes</name>
         <load_address>0x0</load_address>
         <run_address>0x0</run_address>
         <size>0xce0</size>
         <contents>
            <object_component_ref idref="oc-30"/>
            <object_component_ref idref="oc-cc"/>
            <object_component_ref idref="oc-b6"/>
            <object_component_ref idref="oc-144"/>
            <object_component_ref idref="oc-11a"/>
            <object_component_ref idref="oc-d1"/>
            <object_component_ref idref="oc-3b"/>
            <object_component_ref idref="oc-7d"/>
            <object_component_ref idref="oc-2b"/>
            <object_component_ref idref="oc-bb"/>
            <object_component_ref idref="oc-76"/>
            <object_component_ref idref="oc-159"/>
            <object_component_ref idref="oc-16d"/>
            <object_component_ref idref="oc-15e"/>
            <object_component_ref idref="oc-163"/>
         </contents>
      </logical_group>
      <logical_group id="lg-197" display="never" color="cyan">
         <name>.debug_frame</name>
         <load_address>0x0</load_address>
         <run_address>0x0</run_address>
         <size>0x450</size>
         <contents>
            <object_component_ref idref="oc-9b"/>
            <object_component_ref idref="oc-69"/>
            <object_component_ref idref="oc-ad"/>
            <object_component_ref idref="oc-6f"/>
            <object_component_ref idref="oc-1b"/>
            <object_component_ref idref="oc-19"/>
            <object_component_ref idref="oc-57"/>
            <object_component_ref idref="oc-da"/>
            <object_component_ref idref="oc-e6"/>
            <object_component_ref idref="oc-95"/>
         </contents>
      </logical_group>
      <logical_group id="lg-199" display="never" color="cyan">
         <name>.debug_aranges</name>
         <load_address>0x0</load_address>
         <run_address>0x0</run_address>
         <size>0x1b0</size>
         <contents>
            <object_component_ref idref="oc-98"/>
            <object_component_ref idref="oc-66"/>
            <object_component_ref idref="oc-aa"/>
            <object_component_ref idref="oc-6c"/>
            <object_component_ref idref="oc-1c"/>
            <object_component_ref idref="oc-16"/>
            <object_component_ref idref="oc-54"/>
            <object_component_ref idref="oc-d7"/>
            <object_component_ref idref="oc-36"/>
            <object_component_ref idref="oc-e3"/>
            <object_component_ref idref="oc-92"/>
         </contents>
      </logical_group>
      <logical_group id="lg-19b" display="never" color="cyan">
         <name>.debug_pubnames</name>
         <load_address>0x0</load_address>
         <run_address>0x0</run_address>
         <size>0x2d9</size>
         <contents>
            <object_component_ref idref="oc-99"/>
            <object_component_ref idref="oc-25"/>
            <object_component_ref idref="oc-67"/>
            <object_component_ref idref="oc-115"/>
            <object_component_ref idref="oc-ab"/>
            <object_component_ref idref="oc-b1"/>
            <object_component_ref idref="oc-6d"/>
            <object_component_ref idref="oc-1f"/>
            <object_component_ref idref="oc-17"/>
            <object_component_ref idref="oc-28"/>
            <object_component_ref idref="oc-55"/>
            <object_component_ref idref="oc-d8"/>
            <object_component_ref idref="oc-37"/>
            <object_component_ref idref="oc-e4"/>
            <object_component_ref idref="oc-93"/>
         </contents>
      </logical_group>
      <load_segment id="lg-1ac" display="no" color="cyan">
         <name>SEGMENT_0</name>
         <load_address>0x0</load_address>
         <run_address>0x0</run_address>
         <size>0x8f4</size>
         <flags>0x5</flags>
         <contents>
            <logical_group_ref idref="lg-3"/>
            <logical_group_ref idref="lg-4"/>
            <logical_group_ref idref="lg-6"/>
         </contents>
      </load_segment>
      <load_segment id="lg-1ad" display="no" color="cyan">
         <name>SEGMENT_1</name>
         <run_address>0x20000000</run_address>
         <size>0xc</size>
         <flags>0x6</flags>
         <contents>
            <logical_group_ref idref="lg-e"/>
         </contents>
      </load_segment>
      <load_segment id="lg-1ae" display="no" color="cyan">
         <name>SEGMENT_2</name>
         <run_address>0x2000fe00</run_address>
         <size>0x200</size>
         <flags>0x6</flags>
         <contents>
            <logical_group_ref idref="lg-11"/>
         </contents>
      </load_segment>
   </logical_group_list>
   <placement_map>
      <memory_area display="yes" color="green">
         <name>MAIN</name>
         <page_id>0x0</page_id>
         <origin>0x0</origin>
         <length>0x40000</length>
         <used_space>0x8f4</used_space>
         <unused_space>0x3f70c</unused_space>
         <attributes>RX</attributes>
         <usage_details>
            <allocated_space>
               <start_address>0x0</start_address>
               <size>0x0</size>
               <logical_group_ref idref="lg-9"/>
            </allocated_space>
            <allocated_space>
               <start_address>0x0</start_address>
               <size>0xe4</size>
               <logical_group_ref idref="lg-3"/>
            </allocated_space>
            <allocated_space>
               <start_address>0xe4</start_address>
               <size>0x7f4</size>
               <logical_group_ref idref="lg-4"/>
            </allocated_space>
            <allocated_space>
               <start_address>0x8d8</start_address>
               <size>0x1c</size>
               <logical_group_ref idref="lg-6"/>
            </allocated_space>
            <available_space>
               <start_address>0x8f4</start_address>
               <size>0x3f70c</size>
            </available_space>
         </usage_details>
      </memory_area>
      <memory_area display="yes" color="green">
         <name>INFO</name>
         <page_id>0x0</page_id>
         <origin>0x200000</origin>
         <length>0x4000</length>
         <used_space>0x0</used_space>
         <unused_space>0x4000</unused_space>
         <attributes>RX</attributes>
         <usage_details>
         </usage_details>
      </memory_area>
      <memory_area display="yes" color="green">
         <name>SRAM_CODE</name>
         <page_id>0x0</page_id>
         <origin>0x1000000</origin>
         <length>0x10000</length>
         <used_space>0x20c</used_space>
         <unused_space>0xfdf4</unused_space>
         <attributes>RWX</attributes>
         <usage_details>
            <allocated_space>
               <start_address>0x1000000</start_address>
               <size>0xc</size>
               <logical_group_ref idref="lg-e"/>
            </allocated_space>
            <available_space>
               <start_address>0x100000c</start_address>
               <size>0xfdf4</size>
            </available_space>
            <allocated_space>
               <start_address>0x100fe00</start_address>
               <size>0x200</size>
               <logical_group_ref idref="lg-11"/>
            </allocated_space>
         </usage_details>
      </memory_area>
      <memory_area display="yes" color="green">
         <name>SRAM_DATA</name>
         <page_id>0x0</page_id>
         <origin>0x20000000</origin>
         <length>0x10000</length>
         <used_space>0x20c</used_space>
         <unused_space>0xfdf4</unused_space>
         <attributes>RW</attributes>
         <usage_details>
            <allocated_space>
               <start_address>0x20000000</start_address>
               <size>0xc</size>
               <logical_group_ref idref="lg-e"/>
            </allocated_space>
            <available_space>
               <start_address>0x2000000c</start_address>
               <size>0xfdf4</size>
            </available_space>
            <allocated_space>
               <start_address>0x2000fe00</start_address>
               <size>0x200</size>
               <logical_group_ref idref="lg-11"/>
            </allocated_space>
         </usage_details>
      </memory_area>
   </placement_map>
   <cptbl_list>
      <cptbl>
         <name>__TI_cinit_table</name>
         <cprec>
            <name>.data</name>
            <load_address>0x8d8</load_address>
            <load_size>0xb</load_size>
            <run_address>0x20000000</run_address>
            <run_size>0xc</run_size>
            <compression>lzss</compression>
         </cprec>
      </cptbl>
   </cptbl_list>
   <handler_table>
      <handler_table_name>__TI_handler_table</handler_table_name>
      <handler>
         <index>0x0</index>
         <name>__TI_decompress_lzss</name>
      </handler>
      <handler>
         <index>0x1</index>
         <name>__TI_decompress_none</name>
      </handler>
   </handler_table>
   <symbol_table>
      <symbol id="sm-1">
         <name>WDTCTL_SYM</name>
         <value>0x4000480c</value>
      </symbol>
      <symbol id="sm-2">
         <name>__TI_CINIT_Base</name>
         <value>0x8ec</value>
      </symbol>
      <symbol id="sm-3">
         <name>__TI_CINIT_Limit</name>
         <value>0x8f4</value>
      </symbol>
      <symbol id="sm-4">
         <name>__TI_Handler_Table_Base</name>
         <value>0x8e4</value>
      </symbol>
      <symbol id="sm-5">
         <name>__TI_Handler_Table_Limit</name>
         <value>0x8ec</value>
      </symbol>
      <symbol id="sm-6">
         <name>binit</name>
         <value>0xffffffff</value>
      </symbol>
      <symbol id="sm-7">
         <name>__binit__</name>
         <value>0xffffffff</value>
      </symbol>
      <symbol id="sm-8">
         <name>__STACK_SIZE</name>
         <value>0x200</value>
      </symbol>
      <symbol id="sm-9">
         <name>__STACK_END</name>
         <value>0x20010000</value>
      </symbol>
      <symbol id="sm-a">
         <name>__c_args__</name>
         <value>0xffffffff</value>
      </symbol>
      <symbol id="sm-b">
         <name>__TI_pprof_out_hndl</name>
         <value>0xffffffff</value>
      </symbol>
      <symbol id="sm-c">
         <name>__TI_prof_data_start</name>
         <value>0xffffffff</value>
      </symbol>
      <symbol id="sm-d">
         <name>__TI_prof_data_size</name>
         <value>0xffffffff</value>
      </symbol>
      <symbol id="sm-75">
         <name>Drive_DAC</name>
         <value>0x553</value>
         <object_component_ref idref="oc-96"/>
      </symbol>
      <symbol id="sm-76">
         <name>main</name>
         <value>0x483</value>
         <object_component_ref idref="oc-96"/>
      </symbol>
      <symbol id="sm-8c">
         <name>Reset_Handler</name>
         <value>0x8c3</value>
         <object_component_ref idref="oc-64"/>
      </symbol>
      <symbol id="sm-8d">
         <name>Default_Handler</name>
         <value>0x8cf</value>
         <object_component_ref idref="oc-64"/>
      </symbol>
      <symbol id="sm-8e">
         <name>interruptVectors</name>
         <value>0x0</value>
         <object_component_ref idref="oc-23"/>
      </symbol>
      <symbol id="sm-d6">
         <name>SystemInit</name>
         <value>0x35d</value>
         <object_component_ref idref="oc-a8"/>
      </symbol>
      <symbol id="sm-d7">
         <name>SystemCoreClockUpdate</name>
         <value>0xe5</value>
         <object_component_ref idref="oc-a8"/>
      </symbol>
      <symbol id="sm-d8">
         <name>SystemCoreClock</name>
         <value>0x20000008</value>
         <object_component_ref idref="oc-113"/>
      </symbol>
      <symbol id="sm-105">
         <name>UART0_init</name>
         <value>0x687</value>
         <object_component_ref idref="oc-6a"/>
      </symbol>
      <symbol id="sm-106">
         <name>getDAC_val</name>
         <value>0x5ff</value>
         <object_component_ref idref="oc-6a"/>
      </symbol>
      <symbol id="sm-107">
         <name>delayMs</name>
         <value>0x6c9</value>
         <object_component_ref idref="oc-6a"/>
      </symbol>
      <symbol id="sm-108">
         <name>EUSCIA0_IRQHandler</name>
         <value>0x613</value>
         <object_component_ref idref="oc-6a"/>
      </symbol>
      <symbol id="sm-109">
         <name>txReady</name>
         <value>0x5f9</value>
         <object_component_ref idref="oc-6a"/>
      </symbol>
      <symbol id="sm-10a">
         <name>resetDAC</name>
         <value>0x605</value>
         <object_component_ref idref="oc-6a"/>
      </symbol>
      <symbol id="sm-122">
         <name>__TI_decompress_none</name>
         <value>0x8b5</value>
         <object_component_ref idref="oc-1a"/>
      </symbol>
      <symbol id="sm-145">
         <name>__TI_decompress_lzss</name>
         <value>0x7d1</value>
         <object_component_ref idref="oc-14"/>
      </symbol>
      <symbol id="sm-158">
         <name>__stack</name>
         <value>0x2000fe00</value>
         <object_component_ref idref="oc-26"/>
      </symbol>
      <symbol id="sm-159">
         <name>_c_int00_noargs</name>
         <value>0x87d</value>
         <object_component_ref idref="oc-52"/>
      </symbol>
      <symbol id="sm-164">
         <name>C$$EXIT</name>
         <value>0x8d5</value>
         <object_component_ref idref="oc-d5"/>
      </symbol>
      <symbol id="sm-165">
         <name>abort</name>
         <value>0x8d5</value>
         <object_component_ref idref="oc-d5"/>
      </symbol>
      <symbol id="sm-182">
         <name>memcpy</name>
         <value>0x735</value>
         <object_component_ref idref="oc-34"/>
      </symbol>
      <symbol id="sm-183">
         <name>__aeabi_memcpy</name>
         <value>0x735</value>
         <object_component_ref idref="oc-34"/>
      </symbol>
      <symbol id="sm-184">
         <name>__aeabi_memcpy8</name>
         <value>0x735</value>
         <object_component_ref idref="oc-34"/>
      </symbol>
      <symbol id="sm-185">
         <name>__aeabi_memcpy4</name>
         <value>0x735</value>
         <object_component_ref idref="oc-34"/>
      </symbol>
      <symbol id="sm-1ae">
         <name>__TI_auto_init_nobinit_nopinit</name>
         <value>0x839</value>
         <object_component_ref idref="oc-e1"/>
      </symbol>
      <symbol id="sm-1b8">
         <name>_system_pre_init</name>
         <value>0x8d1</value>
         <object_component_ref idref="oc-90"/>
      </symbol>
      <symbol id="sm-1ba">
         <name>__TI_static_base__</name>
         <value>0x0</value>
      </symbol>
      <symbol id="sm-1bd">
         <name>__mpu_init</name>
         <value>0x0</value>
      </symbol>
      <symbol id="sm-1be">
         <name>_system_post_cinit</name>
         <value>0x0</value>
      </symbol>
      <symbol id="sm-1bf">
         <name>NMI_Handler</name>
         <value>0x8cf</value>
      </symbol>
      <symbol id="sm-1c0">
         <name>HardFault_Handler</name>
         <value>0x8cf</value>
      </symbol>
      <symbol id="sm-1c1">
         <name>MemManage_Handler</name>
         <value>0x8cf</value>
      </symbol>
      <symbol id="sm-1c2">
         <name>BusFault_Handler</name>
         <value>0x8cf</value>
      </symbol>
      <symbol id="sm-1c3">
         <name>UsageFault_Handler</name>
         <value>0x8cf</value>
      </symbol>
      <symbol id="sm-1c4">
         <name>SVC_Handler</name>
         <value>0x8cf</value>
      </symbol>
      <symbol id="sm-1c5">
         <name>DebugMon_Handler</name>
         <value>0x8cf</value>
      </symbol>
      <symbol id="sm-1c6">
         <name>PendSV_Handler</name>
         <value>0x8cf</value>
      </symbol>
      <symbol id="sm-1c7">
         <name>SysTick_Handler</name>
         <value>0x8cf</value>
      </symbol>
      <symbol id="sm-1c8">
         <name>PSS_IRQHandler</name>
         <value>0x8cf</value>
      </symbol>
      <symbol id="sm-1c9">
         <name>CS_IRQHandler</name>
         <value>0x8cf</value>
      </symbol>
      <symbol id="sm-1ca">
         <name>PCM_IRQHandler</name>
         <value>0x8cf</value>
      </symbol>
      <symbol id="sm-1cb">
         <name>WDT_A_IRQHandler</name>
         <value>0x8cf</value>
      </symbol>
      <symbol id="sm-1cc">
         <name>FPU_IRQHandler</name>
         <value>0x8cf</value>
      </symbol>
      <symbol id="sm-1cd">
         <name>FLCTL_IRQHandler</name>
         <value>0x8cf</value>
      </symbol>
      <symbol id="sm-1ce">
         <name>COMP_E0_IRQHandler</name>
         <value>0x8cf</value>
      </symbol>
      <symbol id="sm-1cf">
         <name>COMP_E1_IRQHandler</name>
         <value>0x8cf</value>
      </symbol>
      <symbol id="sm-1d0">
         <name>TA0_0_IRQHandler</name>
         <value>0x8cf</value>
      </symbol>
      <symbol id="sm-1d1">
         <name>TA0_N_IRQHandler</name>
         <value>0x8cf</value>
      </symbol>
      <symbol id="sm-1d2">
         <name>TA1_0_IRQHandler</name>
         <value>0x8cf</value>
      </symbol>
      <symbol id="sm-1d3">
         <name>TA1_N_IRQHandler</name>
         <value>0x8cf</value>
      </symbol>
      <symbol id="sm-1d4">
         <name>TA2_0_IRQHandler</name>
         <value>0x8cf</value>
      </symbol>
      <symbol id="sm-1d5">
         <name>TA2_N_IRQHandler</name>
         <value>0x8cf</value>
      </symbol>
      <symbol id="sm-1d6">
         <name>TA3_0_IRQHandler</name>
         <value>0x8cf</value>
      </symbol>
      <symbol id="sm-1d7">
         <name>TA3_N_IRQHandler</name>
         <value>0x8cf</value>
      </symbol>
      <symbol id="sm-1d8">
         <name>EUSCIA0_IRQHandler</name>
         <value>0x613</value>
      </symbol>
      <symbol id="sm-1d9">
         <name>EUSCIA1_IRQHandler</name>
         <value>0x8cf</value>
      </symbol>
      <symbol id="sm-1da">
         <name>EUSCIA2_IRQHandler</name>
         <value>0x8cf</value>
      </symbol>
      <symbol id="sm-1db">
         <name>EUSCIA3_IRQHandler</name>
         <value>0x8cf</value>
      </symbol>
      <symbol id="sm-1dc">
         <name>EUSCIB0_IRQHandler</name>
         <value>0x8cf</value>
      </symbol>
      <symbol id="sm-1dd">
         <name>EUSCIB1_IRQHandler</name>
         <value>0x8cf</value>
      </symbol>
      <symbol id="sm-1de">
         <name>EUSCIB2_IRQHandler</name>
         <value>0x8cf</value>
      </symbol>
      <symbol id="sm-1df">
         <name>EUSCIB3_IRQHandler</name>
         <value>0x8cf</value>
      </symbol>
      <symbol id="sm-1e0">
         <name>ADC14_IRQHandler</name>
         <value>0x8cf</value>
      </symbol>
      <symbol id="sm-1e1">
         <name>T32_INT1_IRQHandler</name>
         <value>0x8cf</value>
      </symbol>
      <symbol id="sm-1e2">
         <name>T32_INT2_IRQHandler</name>
         <value>0x8cf</value>
      </symbol>
      <symbol id="sm-1e3">
         <name>T32_INTC_IRQHandler</name>
         <value>0x8cf</value>
      </symbol>
      <symbol id="sm-1e4">
         <name>AES256_IRQHandler</name>
         <value>0x8cf</value>
      </symbol>
      <symbol id="sm-1e5">
         <name>RTC_C_IRQHandler</name>
         <value>0x8cf</value>
      </symbol>
      <symbol id="sm-1e6">
         <name>DMA_ERR_IRQHandler</name>
         <value>0x8cf</value>
      </symbol>
      <symbol id="sm-1e7">
         <name>DMA_INT3_IRQHandler</name>
         <value>0x8cf</value>
      </symbol>
      <symbol id="sm-1e8">
         <name>DMA_INT2_IRQHandler</name>
         <value>0x8cf</value>
      </symbol>
      <symbol id="sm-1e9">
         <name>DMA_INT1_IRQHandler</name>
         <value>0x8cf</value>
      </symbol>
      <symbol id="sm-1ea">
         <name>DMA_INT0_IRQHandler</name>
         <value>0x8cf</value>
      </symbol>
      <symbol id="sm-1eb">
         <name>PORT1_IRQHandler</name>
         <value>0x8cf</value>
      </symbol>
      <symbol id="sm-1ec">
         <name>PORT2_IRQHandler</name>
         <value>0x8cf</value>
      </symbol>
      <symbol id="sm-1ed">
         <name>PORT3_IRQHandler</name>
         <value>0x8cf</value>
      </symbol>
      <symbol id="sm-1ee">
         <name>PORT4_IRQHandler</name>
         <value>0x8cf</value>
      </symbol>
      <symbol id="sm-1ef">
         <name>PORT5_IRQHandler</name>
         <value>0x8cf</value>
      </symbol>
      <symbol id="sm-1f0">
         <name>PORT6_IRQHandler</name>
         <value>0x8cf</value>
      </symbol>
   </symbol_table>
   <title>Link successful</title>
</link_info>
