<?xml version="1.0" encoding="ISO-8859-1" ?>
<link_info>
   <banner>TI ARM Linker Unix v18.1.1.LTS</banner>
   <copyright>Copyright (c) 1996-2017 Texas Instruments Incorporated</copyright>
   <link_time>0x5ad7733b</link_time>
   <link_errors>0x0</link_errors>
   <output_file>KEYPAD.out</output_file>
   <entry_point>
      <name>_c_int00_noargs</name>
      <address>0x885</address>
   </entry_point>
   <input_file_list>
      <input_file id="fl-1">
         <path>./</path>
         <kind>object</kind>
         <file>LCD.obj</file>
         <name>LCD.obj</name>
      </input_file>
      <input_file id="fl-2">
         <path>./</path>
         <kind>object</kind>
         <file>delay.obj</file>
         <name>delay.obj</name>
      </input_file>
      <input_file id="fl-3">
         <path>./</path>
         <kind>object</kind>
         <file>main.obj</file>
         <name>main.obj</name>
      </input_file>
      <input_file id="fl-4">
         <path>./</path>
         <kind>object</kind>
         <file>set_DCO.obj</file>
         <name>set_DCO.obj</name>
      </input_file>
      <input_file id="fl-5">
         <path>./</path>
         <kind>object</kind>
         <file>startup_msp432p401r_ccs.obj</file>
         <name>startup_msp432p401r_ccs.obj</name>
      </input_file>
      <input_file id="fl-6">
         <path>./</path>
         <kind>object</kind>
         <file>system_msp432p401r.obj</file>
         <name>system_msp432p401r.obj</name>
      </input_file>
      <input_file id="fl-a">
         <kind>object</kind>
         <file>&lt;internal&gt;</file>
         <name>&lt;internal&gt;</name>
      </input_file>
      <input_file id="fl-c0">
         <path>/Applications/ti/ccsv8/tools/compiler/ti-cgt-arm_18.1.1.LTS/lib/</path>
         <kind>archive</kind>
         <file>rtsv7M4_T_le_v4SPD16_eabi.lib</file>
         <name>copy_zero_init.c.obj</name>
      </input_file>
      <input_file id="fl-c1">
         <path>/Applications/ti/ccsv8/tools/compiler/ti-cgt-arm_18.1.1.LTS/lib/</path>
         <kind>archive</kind>
         <file>rtsv7M4_T_le_v4SPD16_eabi.lib</file>
         <name>copy_decompress_none.c.obj</name>
      </input_file>
      <input_file id="fl-c2">
         <path>/Applications/ti/ccsv8/tools/compiler/ti-cgt-arm_18.1.1.LTS/lib/</path>
         <kind>archive</kind>
         <file>rtsv7M4_T_le_v4SPD16_eabi.lib</file>
         <name>copy_decompress_lzss.c.obj</name>
      </input_file>
      <input_file id="fl-c3">
         <path>/Applications/ti/ccsv8/tools/compiler/ti-cgt-arm_18.1.1.LTS/lib/</path>
         <kind>archive</kind>
         <file>rtsv7M4_T_le_v4SPD16_eabi.lib</file>
         <name>boot_cortex_m.c.obj</name>
      </input_file>
      <input_file id="fl-c4">
         <path>/Applications/ti/ccsv8/tools/compiler/ti-cgt-arm_18.1.1.LTS/lib/</path>
         <kind>archive</kind>
         <file>rtsv7M4_T_le_v4SPD16_eabi.lib</file>
         <name>exit.c.obj</name>
      </input_file>
      <input_file id="fl-c5">
         <path>/Applications/ti/ccsv8/tools/compiler/ti-cgt-arm_18.1.1.LTS/lib/</path>
         <kind>archive</kind>
         <file>rtsv7M4_T_le_v4SPD16_eabi.lib</file>
         <name>_lock.c.obj</name>
      </input_file>
      <input_file id="fl-c6">
         <path>/Applications/ti/ccsv8/tools/compiler/ti-cgt-arm_18.1.1.LTS/lib/</path>
         <kind>archive</kind>
         <file>rtsv7M4_T_le_v4SPD16_eabi.lib</file>
         <name>args_main.c.obj</name>
      </input_file>
      <input_file id="fl-c7">
         <path>/Applications/ti/ccsv8/tools/compiler/ti-cgt-arm_18.1.1.LTS/lib/</path>
         <kind>archive</kind>
         <file>rtsv7M4_T_le_v4SPD16_eabi.lib</file>
         <name>strlen.c.obj</name>
      </input_file>
      <input_file id="fl-c8">
         <path>/Applications/ti/ccsv8/tools/compiler/ti-cgt-arm_18.1.1.LTS/lib/</path>
         <kind>archive</kind>
         <file>rtsv7M4_T_le_v4SPD16_eabi.lib</file>
         <name>memcpy_t2.asm.obj</name>
      </input_file>
      <input_file id="fl-c9">
         <path>/Applications/ti/ccsv8/tools/compiler/ti-cgt-arm_18.1.1.LTS/lib/</path>
         <kind>archive</kind>
         <file>rtsv7M4_T_le_v4SPD16_eabi.lib</file>
         <name>memset_t2.asm.obj</name>
      </input_file>
      <input_file id="fl-ca">
         <path>/Applications/ti/ccsv8/tools/compiler/ti-cgt-arm_18.1.1.LTS/lib/</path>
         <kind>archive</kind>
         <file>rtsv7M4_T_le_v4SPD16_eabi.lib</file>
         <name>autoinit.c.obj</name>
      </input_file>
      <input_file id="fl-cb">
         <path>/Applications/ti/ccsv8/tools/compiler/ti-cgt-arm_18.1.1.LTS/lib/</path>
         <kind>archive</kind>
         <file>rtsv7M4_T_le_v4SPD16_eabi.lib</file>
         <name>pre_init.c.obj</name>
      </input_file>
      <input_file id="fl-cc">
         <path>/Applications/ti/ccsv8/tools/compiler/ti-cgt-arm_18.1.1.LTS/lib/</path>
         <kind>archive</kind>
         <file>rtsv7M4_T_le_v4SPD16_eabi.lib</file>
         <name>cpy_tbl.c.obj</name>
      </input_file>
   </input_file_list>
   <object_component_list>
      <object_component id="oc-23">
         <name>.intvecs:retain</name>
         <load_address>0x0</load_address>
         <run_address>0x0</run_address>
         <size>0xe4</size>
         <input_file_ref idref="fl-5"/>
      </object_component>
      <object_component id="oc-a2">
         <name>.text</name>
         <load_address>0xe4</load_address>
         <run_address>0xe4</run_address>
         <size>0x334</size>
         <input_file_ref idref="fl-6"/>
      </object_component>
      <object_component id="oc-c0">
         <name>.text</name>
         <load_address>0x418</load_address>
         <run_address>0x418</run_address>
         <size>0x208</size>
         <input_file_ref idref="fl-1"/>
      </object_component>
      <object_component id="oc-c6">
         <name>.text</name>
         <load_address>0x620</load_address>
         <run_address>0x620</run_address>
         <size>0x9c</size>
         <input_file_ref idref="fl-2"/>
      </object_component>
      <object_component id="oc-34">
         <name>.text</name>
         <load_address>0x6bc</load_address>
         <run_address>0x6bc</run_address>
         <size>0x9c</size>
         <input_file_ref idref="fl-c8"/>
      </object_component>
      <object_component id="oc-90">
         <name>.text</name>
         <load_address>0x758</load_address>
         <run_address>0x758</run_address>
         <size>0x80</size>
         <input_file_ref idref="fl-3"/>
      </object_component>
      <object_component id="oc-14">
         <name>.text:decompress:lzss:__TI_decompress_lzss</name>
         <load_address>0x7d8</load_address>
         <run_address>0x7d8</run_address>
         <size>0x68</size>
         <input_file_ref idref="fl-c2"/>
      </object_component>
      <object_component id="oc-d9">
         <name>.text:__TI_auto_init_nobinit_nopinit:__TI_auto_init_nobinit_nopinit</name>
         <load_address>0x840</load_address>
         <run_address>0x840</run_address>
         <size>0x44</size>
         <input_file_ref idref="fl-ca"/>
      </object_component>
      <object_component id="oc-52">
         <name>.text:_c_int00_noargs:_c_int00_noargs</name>
         <load_address>0x884</load_address>
         <run_address>0x884</run_address>
         <size>0x38</size>
         <input_file_ref idref="fl-c3"/>
      </object_component>
      <object_component id="oc-11a">
         <name>.text:strlen</name>
         <load_address>0x8bc</load_address>
         <run_address>0x8bc</run_address>
         <size>0x14</size>
         <input_file_ref idref="fl-c7"/>
      </object_component>
      <object_component id="oc-1a">
         <name>.text:decompress:none:__TI_decompress_none</name>
         <load_address>0x8d0</load_address>
         <run_address>0x8d0</run_address>
         <size>0xe</size>
         <input_file_ref idref="fl-c1"/>
      </object_component>
      <object_component id="oc-64">
         <name>.text</name>
         <load_address>0x8de</load_address>
         <run_address>0x8de</run_address>
         <size>0xe</size>
         <input_file_ref idref="fl-5"/>
      </object_component>
      <object_component id="oc-8a">
         <name>.text:_system_pre_init</name>
         <load_address>0x8ec</load_address>
         <run_address>0x8ec</run_address>
         <size>0x4</size>
         <input_file_ref idref="fl-cb"/>
      </object_component>
      <object_component id="oc-cd">
         <name>.text:abort:abort</name>
         <load_address>0x8f0</load_address>
         <run_address>0x8f0</run_address>
         <size>0x4</size>
         <input_file_ref idref="fl-c4"/>
      </object_component>
      <object_component id="oc-1b3">
         <name>.cinit..data.load</name>
         <load_address>0x8f8</load_address>
         <run_address>0x8f8</run_address>
         <size>0x8</size>
      </object_component>
      <object_component id="oc-1b1">
         <name>__TI_handler_table</name>
         <load_address>0x900</load_address>
         <run_address>0x900</run_address>
         <size>0x8</size>
      </object_component>
      <object_component id="oc-1b2">
         <name>__TI_cinit_table</name>
         <load_address>0x908</load_address>
         <run_address>0x908</run_address>
         <size>0x8</size>
      </object_component>
      <object_component id="oc-186">
         <name>.binit</name>
         <load_address>0x0</load_address>
         <run_address>0x0</run_address>
         <size>0x0</size>
      </object_component>
      <object_component id="oc-10b">
         <name>.data</name>
         <load_address>0x20000000</load_address>
         <run_address>0x20000000</run_address>
         <size>0x4</size>
         <input_file_ref idref="fl-6"/>
      </object_component>
      <object_component id="oc-26">
         <name>.stack</name>
         <uninitialized>true</uninitialized>
         <run_address>0x2000fe00</run_address>
         <size>0x4</size>
         <input_file_ref idref="fl-c3"/>
      </object_component>
      <object_component id="oc-1b4">
         <name>.stack</name>
         <uninitialized>true</uninitialized>
         <run_address>0x2000fe00</run_address>
         <size>0x0</size>
      </object_component>
      <object_component id="oc-119">
         <name>.debug_info</name>
         <load_address>0x0</load_address>
         <run_address>0x0</run_address>
         <size>0x5e9</size>
         <input_file_ref idref="fl-1"/>
      </object_component>
      <object_component id="oc-c1">
         <name>.debug_info</name>
         <load_address>0x5e9</load_address>
         <run_address>0x5e9</run_address>
         <size>0x43e</size>
         <input_file_ref idref="fl-1"/>
      </object_component>
      <object_component id="oc-146">
         <name>.debug_info</name>
         <load_address>0xa27</load_address>
         <run_address>0xa27</run_address>
         <size>0x37e2</size>
         <input_file_ref idref="fl-1"/>
      </object_component>
      <object_component id="oc-ab">
         <name>.debug_info</name>
         <load_address>0x4209</load_address>
         <run_address>0x4209</run_address>
         <size>0x26b</size>
         <input_file_ref idref="fl-1"/>
      </object_component>
      <object_component id="oc-14b">
         <name>.debug_info</name>
         <load_address>0x4474</load_address>
         <run_address>0x4474</run_address>
         <size>0x1055</size>
         <input_file_ref idref="fl-1"/>
      </object_component>
      <object_component id="oc-2f">
         <name>.debug_info</name>
         <load_address>0x54c9</load_address>
         <run_address>0x54c9</run_address>
         <size>0x84</size>
         <input_file_ref idref="fl-1"/>
      </object_component>
      <object_component id="oc-114">
         <name>.debug_info</name>
         <load_address>0x554d</load_address>
         <run_address>0x554d</run_address>
         <size>0x297</size>
         <input_file_ref idref="fl-1"/>
      </object_component>
      <object_component id="oc-10f">
         <name>.debug_info</name>
         <load_address>0x57e4</load_address>
         <run_address>0x57e4</run_address>
         <size>0xbb</size>
         <input_file_ref idref="fl-1"/>
      </object_component>
      <object_component id="oc-b7">
         <name>.debug_info</name>
         <load_address>0x589f</load_address>
         <run_address>0x589f</run_address>
         <size>0x2c</size>
         <input_file_ref idref="fl-1"/>
      </object_component>
      <object_component id="oc-c7">
         <name>.debug_info</name>
         <load_address>0x58cb</load_address>
         <run_address>0x58cb</run_address>
         <size>0x1f4</size>
         <input_file_ref idref="fl-2"/>
      </object_component>
      <object_component id="oc-91">
         <name>.debug_info</name>
         <load_address>0x5abf</load_address>
         <run_address>0x5abf</run_address>
         <size>0x167</size>
         <input_file_ref idref="fl-3"/>
      </object_component>
      <object_component id="oc-6c">
         <name>.debug_info</name>
         <load_address>0x5c26</load_address>
         <run_address>0x5c26</run_address>
         <size>0x2c1</size>
         <input_file_ref idref="fl-5"/>
      </object_component>
      <object_component id="oc-24">
         <name>.debug_info</name>
         <load_address>0x5ee7</load_address>
         <run_address>0x5ee7</run_address>
         <size>0xed</size>
         <input_file_ref idref="fl-5"/>
      </object_component>
      <object_component id="oc-65">
         <name>.debug_info</name>
         <load_address>0x5fd4</load_address>
         <run_address>0x5fd4</run_address>
         <size>0x1b4</size>
         <input_file_ref idref="fl-5"/>
      </object_component>
      <object_component id="oc-10c">
         <name>.debug_info</name>
         <load_address>0x6188</load_address>
         <run_address>0x6188</run_address>
         <size>0xe6</size>
         <input_file_ref idref="fl-6"/>
      </object_component>
      <object_component id="oc-a3">
         <name>.debug_info</name>
         <load_address>0x626e</load_address>
         <run_address>0x626e</run_address>
         <size>0x258</size>
         <input_file_ref idref="fl-6"/>
      </object_component>
      <object_component id="oc-3f">
         <name>.debug_info</name>
         <load_address>0x64c6</load_address>
         <run_address>0x64c6</run_address>
         <size>0x29d</size>
         <input_file_ref idref="fl-c1"/>
      </object_component>
      <object_component id="oc-1b">
         <name>.debug_info</name>
         <load_address>0x6763</load_address>
         <run_address>0x6763</run_address>
         <size>0x1df</size>
         <input_file_ref idref="fl-c1"/>
      </object_component>
      <object_component id="oc-3a">
         <name>.debug_info</name>
         <load_address>0x6942</load_address>
         <run_address>0x6942</run_address>
         <size>0x46</size>
         <input_file_ref idref="fl-c1"/>
      </object_component>
      <object_component id="oc-76">
         <name>.debug_info</name>
         <load_address>0x6988</load_address>
         <run_address>0x6988</run_address>
         <size>0x2c</size>
         <input_file_ref idref="fl-c1"/>
      </object_component>
      <object_component id="oc-74">
         <name>.debug_info</name>
         <load_address>0x69b4</load_address>
         <run_address>0x69b4</run_address>
         <size>0x293</size>
         <input_file_ref idref="fl-c2"/>
      </object_component>
      <object_component id="oc-15">
         <name>.debug_info</name>
         <load_address>0x6c47</load_address>
         <run_address>0x6c47</run_address>
         <size>0x245</size>
         <input_file_ref idref="fl-c2"/>
      </object_component>
      <object_component id="oc-2a">
         <name>.debug_info</name>
         <load_address>0x6e8c</load_address>
         <run_address>0x6e8c</run_address>
         <size>0x60</size>
         <input_file_ref idref="fl-c2"/>
      </object_component>
      <object_component id="oc-b0">
         <name>.debug_info</name>
         <load_address>0x6eec</load_address>
         <run_address>0x6eec</run_address>
         <size>0x46</size>
         <input_file_ref idref="fl-c2"/>
      </object_component>
      <object_component id="oc-6f">
         <name>.debug_info</name>
         <load_address>0x6f32</load_address>
         <run_address>0x6f32</run_address>
         <size>0x39</size>
         <input_file_ref idref="fl-c2"/>
      </object_component>
      <object_component id="oc-27">
         <name>.debug_info</name>
         <load_address>0x6f6b</load_address>
         <run_address>0x6f6b</run_address>
         <size>0x100</size>
         <input_file_ref idref="fl-c3"/>
      </object_component>
      <object_component id="oc-53">
         <name>.debug_info</name>
         <load_address>0x706b</load_address>
         <run_address>0x706b</run_address>
         <size>0x1a4</size>
         <input_file_ref idref="fl-c3"/>
      </object_component>
      <object_component id="oc-ce">
         <name>.debug_info</name>
         <load_address>0x720f</load_address>
         <run_address>0x720f</run_address>
         <size>0x117</size>
         <input_file_ref idref="fl-c4"/>
      </object_component>
      <object_component id="oc-151">
         <name>.debug_info</name>
         <load_address>0x7326</load_address>
         <run_address>0x7326</run_address>
         <size>0x284</size>
         <input_file_ref idref="fl-c7"/>
      </object_component>
      <object_component id="oc-11b">
         <name>.debug_info</name>
         <load_address>0x75aa</load_address>
         <run_address>0x75aa</run_address>
         <size>0x22a</size>
         <input_file_ref idref="fl-c7"/>
      </object_component>
      <object_component id="oc-35">
         <name>.debug_info</name>
         <load_address>0x77d4</load_address>
         <run_address>0x77d4</run_address>
         <size>0x111</size>
         <input_file_ref idref="fl-c8"/>
      </object_component>
      <object_component id="oc-12d">
         <name>.debug_info</name>
         <load_address>0x78e5</load_address>
         <run_address>0x78e5</run_address>
         <size>0x547</size>
         <input_file_ref idref="fl-ca"/>
      </object_component>
      <object_component id="oc-da">
         <name>.debug_info</name>
         <load_address>0x7e2c</load_address>
         <run_address>0x7e2c</run_address>
         <size>0x19b</size>
         <input_file_ref idref="fl-ca"/>
      </object_component>
      <object_component id="oc-162">
         <name>.debug_info</name>
         <load_address>0x7fc7</load_address>
         <run_address>0x7fc7</run_address>
         <size>0x39</size>
         <input_file_ref idref="fl-ca"/>
      </object_component>
      <object_component id="oc-178">
         <name>.debug_info</name>
         <load_address>0x8000</load_address>
         <run_address>0x8000</run_address>
         <size>0x39</size>
         <input_file_ref idref="fl-ca"/>
      </object_component>
      <object_component id="oc-167">
         <name>.debug_info</name>
         <load_address>0x8039</load_address>
         <run_address>0x8039</run_address>
         <size>0x39</size>
         <input_file_ref idref="fl-ca"/>
      </object_component>
      <object_component id="oc-16c">
         <name>.debug_info</name>
         <load_address>0x8072</load_address>
         <run_address>0x8072</run_address>
         <size>0xcd</size>
         <input_file_ref idref="fl-ca"/>
      </object_component>
      <object_component id="oc-8b">
         <name>.debug_info</name>
         <load_address>0x813f</load_address>
         <run_address>0x813f</run_address>
         <size>0x148</size>
         <input_file_ref idref="fl-cb"/>
      </object_component>
      <object_component id="oc-1b5">
         <name>.debug_info</name>
         <load_address>0x8287</load_address>
         <run_address>0x8287</run_address>
         <size>0x9c</size>
      </object_component>
      <object_component id="oc-145">
         <name>.debug_line</name>
         <load_address>0x0</load_address>
         <run_address>0x0</run_address>
         <size>0x8a</size>
         <input_file_ref idref="fl-1"/>
      </object_component>
      <object_component id="oc-c4">
         <name>.debug_line</name>
         <load_address>0x8a</load_address>
         <run_address>0x8a</run_address>
         <size>0xff</size>
         <input_file_ref idref="fl-1"/>
      </object_component>
      <object_component id="oc-149">
         <name>.debug_line</name>
         <load_address>0x189</load_address>
         <run_address>0x189</run_address>
         <size>0x5d</size>
         <input_file_ref idref="fl-1"/>
      </object_component>
      <object_component id="oc-ae">
         <name>.debug_line</name>
         <load_address>0x1e6</load_address>
         <run_address>0x1e6</run_address>
         <size>0x74</size>
         <input_file_ref idref="fl-1"/>
      </object_component>
      <object_component id="oc-14e">
         <name>.debug_line</name>
         <load_address>0x25a</load_address>
         <run_address>0x25a</run_address>
         <size>0x60</size>
         <input_file_ref idref="fl-1"/>
      </object_component>
      <object_component id="oc-32">
         <name>.debug_line</name>
         <load_address>0x2ba</load_address>
         <run_address>0x2ba</run_address>
         <size>0x20</size>
         <input_file_ref idref="fl-1"/>
      </object_component>
      <object_component id="oc-117">
         <name>.debug_line</name>
         <load_address>0x2da</load_address>
         <run_address>0x2da</run_address>
         <size>0x78</size>
         <input_file_ref idref="fl-1"/>
      </object_component>
      <object_component id="oc-112">
         <name>.debug_line</name>
         <load_address>0x352</load_address>
         <run_address>0x352</run_address>
         <size>0x75</size>
         <input_file_ref idref="fl-1"/>
      </object_component>
      <object_component id="oc-ba">
         <name>.debug_line</name>
         <load_address>0x3c7</load_address>
         <run_address>0x3c7</run_address>
         <size>0x70</size>
         <input_file_ref idref="fl-1"/>
      </object_component>
      <object_component id="oc-ca">
         <name>.debug_line</name>
         <load_address>0x437</load_address>
         <run_address>0x437</run_address>
         <size>0x83</size>
         <input_file_ref idref="fl-2"/>
      </object_component>
      <object_component id="oc-94">
         <name>.debug_line</name>
         <load_address>0x4ba</load_address>
         <run_address>0x4ba</run_address>
         <size>0x55</size>
         <input_file_ref idref="fl-3"/>
      </object_component>
      <object_component id="oc-aa">
         <name>.debug_line</name>
         <load_address>0x50f</load_address>
         <run_address>0x50f</run_address>
         <size>0x40</size>
         <input_file_ref idref="fl-5"/>
      </object_component>
      <object_component id="oc-6b">
         <name>.debug_line</name>
         <load_address>0x54f</load_address>
         <run_address>0x54f</run_address>
         <size>0x40</size>
         <input_file_ref idref="fl-5"/>
      </object_component>
      <object_component id="oc-68">
         <name>.debug_line</name>
         <load_address>0x58f</load_address>
         <run_address>0x58f</run_address>
         <size>0x71</size>
         <input_file_ref idref="fl-5"/>
      </object_component>
      <object_component id="oc-143">
         <name>.debug_line</name>
         <load_address>0x600</load_address>
         <run_address>0x600</run_address>
         <size>0x3b</size>
         <input_file_ref idref="fl-6"/>
      </object_component>
      <object_component id="oc-a6">
         <name>.debug_line</name>
         <load_address>0x63b</load_address>
         <run_address>0x63b</run_address>
         <size>0x159</size>
         <input_file_ref idref="fl-6"/>
      </object_component>
      <object_component id="oc-7c">
         <name>.debug_line</name>
         <load_address>0x794</load_address>
         <run_address>0x794</run_address>
         <size>0x20</size>
         <input_file_ref idref="fl-c1"/>
      </object_component>
      <object_component id="oc-1e">
         <name>.debug_line</name>
         <load_address>0x7b4</load_address>
         <run_address>0x7b4</run_address>
         <size>0x55</size>
         <input_file_ref idref="fl-c1"/>
      </object_component>
      <object_component id="oc-3d">
         <name>.debug_line</name>
         <load_address>0x809</load_address>
         <run_address>0x809</run_address>
         <size>0x3a</size>
         <input_file_ref idref="fl-c1"/>
      </object_component>
      <object_component id="oc-79">
         <name>.debug_line</name>
         <load_address>0x843</load_address>
         <run_address>0x843</run_address>
         <size>0x8a</size>
         <input_file_ref idref="fl-c1"/>
      </object_component>
      <object_component id="oc-b6">
         <name>.debug_line</name>
         <load_address>0x8cd</load_address>
         <run_address>0x8cd</run_address>
         <size>0x20</size>
         <input_file_ref idref="fl-c2"/>
      </object_component>
      <object_component id="oc-18">
         <name>.debug_line</name>
         <load_address>0x8ed</load_address>
         <run_address>0x8ed</run_address>
         <size>0xa9</size>
         <input_file_ref idref="fl-c2"/>
      </object_component>
      <object_component id="oc-2d">
         <name>.debug_line</name>
         <load_address>0x996</load_address>
         <run_address>0x996</run_address>
         <size>0x3a</size>
         <input_file_ref idref="fl-c2"/>
      </object_component>
      <object_component id="oc-b3">
         <name>.debug_line</name>
         <load_address>0x9d0</load_address>
         <run_address>0x9d0</run_address>
         <size>0x92</size>
         <input_file_ref idref="fl-c2"/>
      </object_component>
      <object_component id="oc-72">
         <name>.debug_line</name>
         <load_address>0xa62</load_address>
         <run_address>0xa62</run_address>
         <size>0x8e</size>
         <input_file_ref idref="fl-c2"/>
      </object_component>
      <object_component id="oc-6e">
         <name>.debug_line</name>
         <load_address>0xaf0</load_address>
         <run_address>0xaf0</run_address>
         <size>0x33</size>
         <input_file_ref idref="fl-c3"/>
      </object_component>
      <object_component id="oc-56">
         <name>.debug_line</name>
         <load_address>0xb23</load_address>
         <run_address>0xb23</run_address>
         <size>0x56</size>
         <input_file_ref idref="fl-c3"/>
      </object_component>
      <object_component id="oc-d1">
         <name>.debug_line</name>
         <load_address>0xb79</load_address>
         <run_address>0xb79</run_address>
         <size>0x3c</size>
         <input_file_ref idref="fl-c4"/>
      </object_component>
      <object_component id="oc-174">
         <name>.debug_line</name>
         <load_address>0xbb5</load_address>
         <run_address>0xbb5</run_address>
         <size>0x20</size>
         <input_file_ref idref="fl-c7"/>
      </object_component>
      <object_component id="oc-11e">
         <name>.debug_line</name>
         <load_address>0xbd5</load_address>
         <run_address>0xbd5</run_address>
         <size>0xaa</size>
         <input_file_ref idref="fl-c7"/>
      </object_component>
      <object_component id="oc-38">
         <name>.debug_line</name>
         <load_address>0xc7f</load_address>
         <run_address>0xc7f</run_address>
         <size>0x88</size>
         <input_file_ref idref="fl-c8"/>
      </object_component>
      <object_component id="oc-161">
         <name>.debug_line</name>
         <load_address>0xd07</load_address>
         <run_address>0xd07</run_address>
         <size>0xb7</size>
         <input_file_ref idref="fl-ca"/>
      </object_component>
      <object_component id="oc-dd">
         <name>.debug_line</name>
         <load_address>0xdbe</load_address>
         <run_address>0xdbe</run_address>
         <size>0x6c</size>
         <input_file_ref idref="fl-ca"/>
      </object_component>
      <object_component id="oc-165">
         <name>.debug_line</name>
         <load_address>0xe2a</load_address>
         <run_address>0xe2a</run_address>
         <size>0x2e</size>
         <input_file_ref idref="fl-ca"/>
      </object_component>
      <object_component id="oc-17b">
         <name>.debug_line</name>
         <load_address>0xe58</load_address>
         <run_address>0xe58</run_address>
         <size>0x92</size>
         <input_file_ref idref="fl-ca"/>
      </object_component>
      <object_component id="oc-16a">
         <name>.debug_line</name>
         <load_address>0xeea</load_address>
         <run_address>0xeea</run_address>
         <size>0x8f</size>
         <input_file_ref idref="fl-ca"/>
      </object_component>
      <object_component id="oc-16f">
         <name>.debug_line</name>
         <load_address>0xf79</load_address>
         <run_address>0xf79</run_address>
         <size>0x8b</size>
         <input_file_ref idref="fl-ca"/>
      </object_component>
      <object_component id="oc-8e">
         <name>.debug_line</name>
         <load_address>0x1004</load_address>
         <run_address>0x1004</run_address>
         <size>0x40</size>
         <input_file_ref idref="fl-cb"/>
      </object_component>
      <object_component id="oc-c5">
         <name>.debug_frame</name>
         <load_address>0x0</load_address>
         <run_address>0x0</run_address>
         <size>0xd8</size>
         <input_file_ref idref="fl-1"/>
      </object_component>
      <object_component id="oc-cb">
         <name>.debug_frame</name>
         <load_address>0xd8</load_address>
         <run_address>0xd8</run_address>
         <size>0x70</size>
         <input_file_ref idref="fl-2"/>
      </object_component>
      <object_component id="oc-95">
         <name>.debug_frame</name>
         <load_address>0x148</load_address>
         <run_address>0x148</run_address>
         <size>0x58</size>
         <input_file_ref idref="fl-3"/>
      </object_component>
      <object_component id="oc-69">
         <name>.debug_frame</name>
         <load_address>0x1a0</load_address>
         <run_address>0x1a0</run_address>
         <size>0x6c</size>
         <input_file_ref idref="fl-5"/>
      </object_component>
      <object_component id="oc-a7">
         <name>.debug_frame</name>
         <load_address>0x20c</load_address>
         <run_address>0x20c</run_address>
         <size>0x70</size>
         <input_file_ref idref="fl-6"/>
      </object_component>
      <object_component id="oc-1f">
         <name>.debug_frame</name>
         <load_address>0x27c</load_address>
         <run_address>0x27c</run_address>
         <size>0x54</size>
         <input_file_ref idref="fl-c1"/>
      </object_component>
      <object_component id="oc-19">
         <name>.debug_frame</name>
         <load_address>0x2d0</load_address>
         <run_address>0x2d0</run_address>
         <size>0x60</size>
         <input_file_ref idref="fl-c2"/>
      </object_component>
      <object_component id="oc-57">
         <name>.debug_frame</name>
         <load_address>0x330</load_address>
         <run_address>0x330</run_address>
         <size>0x58</size>
         <input_file_ref idref="fl-c3"/>
      </object_component>
      <object_component id="oc-d2">
         <name>.debug_frame</name>
         <load_address>0x388</load_address>
         <run_address>0x388</run_address>
         <size>0x54</size>
         <input_file_ref idref="fl-c4"/>
      </object_component>
      <object_component id="oc-11f">
         <name>.debug_frame</name>
         <load_address>0x3dc</load_address>
         <run_address>0x3dc</run_address>
         <size>0x54</size>
         <input_file_ref idref="fl-c7"/>
      </object_component>
      <object_component id="oc-de">
         <name>.debug_frame</name>
         <load_address>0x430</load_address>
         <run_address>0x430</run_address>
         <size>0x5c</size>
         <input_file_ref idref="fl-ca"/>
      </object_component>
      <object_component id="oc-8f">
         <name>.debug_frame</name>
         <load_address>0x48c</load_address>
         <run_address>0x48c</run_address>
         <size>0x54</size>
         <input_file_ref idref="fl-cb"/>
      </object_component>
      <object_component id="oc-144">
         <name>.debug_abbrev</name>
         <load_address>0x0</load_address>
         <run_address>0x0</run_address>
         <size>0xb6</size>
         <input_file_ref idref="fl-1"/>
      </object_component>
      <object_component id="oc-120">
         <name>.debug_abbrev</name>
         <load_address>0xb6</load_address>
         <run_address>0xb6</run_address>
         <size>0x7a</size>
         <input_file_ref idref="fl-1"/>
      </object_component>
      <object_component id="oc-148">
         <name>.debug_abbrev</name>
         <load_address>0x130</load_address>
         <run_address>0x130</run_address>
         <size>0xbd</size>
         <input_file_ref idref="fl-1"/>
      </object_component>
      <object_component id="oc-ad">
         <name>.debug_abbrev</name>
         <load_address>0x1ed</load_address>
         <run_address>0x1ed</run_address>
         <size>0x69</size>
         <input_file_ref idref="fl-1"/>
      </object_component>
      <object_component id="oc-14d">
         <name>.debug_abbrev</name>
         <load_address>0x256</load_address>
         <run_address>0x256</run_address>
         <size>0x97</size>
         <input_file_ref idref="fl-1"/>
      </object_component>
      <object_component id="oc-31">
         <name>.debug_abbrev</name>
         <load_address>0x2ed</load_address>
         <run_address>0x2ed</run_address>
         <size>0x1f</size>
         <input_file_ref idref="fl-1"/>
      </object_component>
      <object_component id="oc-116">
         <name>.debug_abbrev</name>
         <load_address>0x30c</load_address>
         <run_address>0x30c</run_address>
         <size>0x5c</size>
         <input_file_ref idref="fl-1"/>
      </object_component>
      <object_component id="oc-111">
         <name>.debug_abbrev</name>
         <load_address>0x368</load_address>
         <run_address>0x368</run_address>
         <size>0x24</size>
         <input_file_ref idref="fl-1"/>
      </object_component>
      <object_component id="oc-b9">
         <name>.debug_abbrev</name>
         <load_address>0x38c</load_address>
         <run_address>0x38c</run_address>
         <size>0x24</size>
         <input_file_ref idref="fl-1"/>
      </object_component>
      <object_component id="oc-121">
         <name>.debug_abbrev</name>
         <load_address>0x3b0</load_address>
         <run_address>0x3b0</run_address>
         <size>0x6e</size>
         <input_file_ref idref="fl-2"/>
      </object_component>
      <object_component id="oc-cc">
         <name>.debug_abbrev</name>
         <load_address>0x41e</load_address>
         <run_address>0x41e</run_address>
         <size>0x6b</size>
         <input_file_ref idref="fl-3"/>
      </object_component>
      <object_component id="oc-a9">
         <name>.debug_abbrev</name>
         <load_address>0x489</load_address>
         <run_address>0x489</run_address>
         <size>0x7c</size>
         <input_file_ref idref="fl-5"/>
      </object_component>
      <object_component id="oc-6a">
         <name>.debug_abbrev</name>
         <load_address>0x505</load_address>
         <run_address>0x505</run_address>
         <size>0x29</size>
         <input_file_ref idref="fl-5"/>
      </object_component>
      <object_component id="oc-a8">
         <name>.debug_abbrev</name>
         <load_address>0x52e</load_address>
         <run_address>0x52e</run_address>
         <size>0x89</size>
         <input_file_ref idref="fl-5"/>
      </object_component>
      <object_component id="oc-142">
         <name>.debug_abbrev</name>
         <load_address>0x5b7</load_address>
         <run_address>0x5b7</run_address>
         <size>0x29</size>
         <input_file_ref idref="fl-6"/>
      </object_component>
      <object_component id="oc-10e">
         <name>.debug_abbrev</name>
         <load_address>0x5e0</load_address>
         <run_address>0x5e0</run_address>
         <size>0x8b</size>
         <input_file_ref idref="fl-6"/>
      </object_component>
      <object_component id="oc-7b">
         <name>.debug_abbrev</name>
         <load_address>0x66b</load_address>
         <run_address>0x66b</run_address>
         <size>0x37</size>
         <input_file_ref idref="fl-c1"/>
      </object_component>
      <object_component id="oc-39">
         <name>.debug_abbrev</name>
         <load_address>0x6a2</load_address>
         <run_address>0x6a2</run_address>
         <size>0x74</size>
         <input_file_ref idref="fl-c1"/>
      </object_component>
      <object_component id="oc-3c">
         <name>.debug_abbrev</name>
         <load_address>0x716</load_address>
         <run_address>0x716</run_address>
         <size>0x24</size>
         <input_file_ref idref="fl-c1"/>
      </object_component>
      <object_component id="oc-78">
         <name>.debug_abbrev</name>
         <load_address>0x73a</load_address>
         <run_address>0x73a</run_address>
         <size>0x24</size>
         <input_file_ref idref="fl-c1"/>
      </object_component>
      <object_component id="oc-b5">
         <name>.debug_abbrev</name>
         <load_address>0x75e</load_address>
         <run_address>0x75e</run_address>
         <size>0x37</size>
         <input_file_ref idref="fl-c2"/>
      </object_component>
      <object_component id="oc-29">
         <name>.debug_abbrev</name>
         <load_address>0x795</load_address>
         <run_address>0x795</run_address>
         <size>0x6f</size>
         <input_file_ref idref="fl-c2"/>
      </object_component>
      <object_component id="oc-2c">
         <name>.debug_abbrev</name>
         <load_address>0x804</load_address>
         <run_address>0x804</run_address>
         <size>0x24</size>
         <input_file_ref idref="fl-c2"/>
      </object_component>
      <object_component id="oc-b2">
         <name>.debug_abbrev</name>
         <load_address>0x828</load_address>
         <run_address>0x828</run_address>
         <size>0x35</size>
         <input_file_ref idref="fl-c2"/>
      </object_component>
      <object_component id="oc-71">
         <name>.debug_abbrev</name>
         <load_address>0x85d</load_address>
         <run_address>0x85d</run_address>
         <size>0x24</size>
         <input_file_ref idref="fl-c2"/>
      </object_component>
      <object_component id="oc-6d">
         <name>.debug_abbrev</name>
         <load_address>0x881</load_address>
         <run_address>0x881</run_address>
         <size>0x29</size>
         <input_file_ref idref="fl-c3"/>
      </object_component>
      <object_component id="oc-99">
         <name>.debug_abbrev</name>
         <load_address>0x8aa</load_address>
         <run_address>0x8aa</run_address>
         <size>0x61</size>
         <input_file_ref idref="fl-c3"/>
      </object_component>
      <object_component id="oc-122">
         <name>.debug_abbrev</name>
         <load_address>0x90b</load_address>
         <run_address>0x90b</run_address>
         <size>0x45</size>
         <input_file_ref idref="fl-c4"/>
      </object_component>
      <object_component id="oc-173">
         <name>.debug_abbrev</name>
         <load_address>0x950</load_address>
         <run_address>0x950</run_address>
         <size>0x35</size>
         <input_file_ref idref="fl-c7"/>
      </object_component>
      <object_component id="oc-150">
         <name>.debug_abbrev</name>
         <load_address>0x985</load_address>
         <run_address>0x985</run_address>
         <size>0x71</size>
         <input_file_ref idref="fl-c7"/>
      </object_component>
      <object_component id="oc-75">
         <name>.debug_abbrev</name>
         <load_address>0x9f6</load_address>
         <run_address>0x9f6</run_address>
         <size>0x3e</size>
         <input_file_ref idref="fl-c8"/>
      </object_component>
      <object_component id="oc-160">
         <name>.debug_abbrev</name>
         <load_address>0xa34</load_address>
         <run_address>0xa34</run_address>
         <size>0xdb</size>
         <input_file_ref idref="fl-ca"/>
      </object_component>
      <object_component id="oc-12c">
         <name>.debug_abbrev</name>
         <load_address>0xb0f</load_address>
         <run_address>0xb0f</run_address>
         <size>0x7e</size>
         <input_file_ref idref="fl-ca"/>
      </object_component>
      <object_component id="oc-164">
         <name>.debug_abbrev</name>
         <load_address>0xb8d</load_address>
         <run_address>0xb8d</run_address>
         <size>0x24</size>
         <input_file_ref idref="fl-ca"/>
      </object_component>
      <object_component id="oc-17a">
         <name>.debug_abbrev</name>
         <load_address>0xbb1</load_address>
         <run_address>0xbb1</run_address>
         <size>0x24</size>
         <input_file_ref idref="fl-ca"/>
      </object_component>
      <object_component id="oc-169">
         <name>.debug_abbrev</name>
         <load_address>0xbd5</load_address>
         <run_address>0xbd5</run_address>
         <size>0x24</size>
         <input_file_ref idref="fl-ca"/>
      </object_component>
      <object_component id="oc-16e">
         <name>.debug_abbrev</name>
         <load_address>0xbf9</load_address>
         <run_address>0xbf9</run_address>
         <size>0x4b</size>
         <input_file_ref idref="fl-ca"/>
      </object_component>
      <object_component id="oc-bf">
         <name>.debug_abbrev</name>
         <load_address>0xc44</load_address>
         <run_address>0xc44</run_address>
         <size>0x55</size>
         <input_file_ref idref="fl-cb"/>
      </object_component>
      <object_component id="oc-1b6">
         <name>.debug_abbrev</name>
         <load_address>0xc99</load_address>
         <run_address>0xc99</run_address>
         <size>0xf</size>
      </object_component>
      <object_component id="oc-14a">
         <name>.debug_str</name>
         <load_address>0x0</load_address>
         <run_address>0x0</run_address>
         <size>0x15c8</size>
         <input_file_ref idref="fl-1"/>
      </object_component>
      <object_component id="oc-af">
         <name>.debug_str</name>
         <load_address>0x15c8</load_address>
         <run_address>0x15c8</run_address>
         <size>0x2af</size>
         <input_file_ref idref="fl-1"/>
      </object_component>
      <object_component id="oc-14f">
         <name>.debug_str</name>
         <load_address>0x1877</load_address>
         <run_address>0x1877</run_address>
         <size>0x484</size>
         <input_file_ref idref="fl-1"/>
      </object_component>
      <object_component id="oc-33">
         <name>.debug_str</name>
         <load_address>0x1cfb</load_address>
         <run_address>0x1cfb</run_address>
         <size>0xfc</size>
         <input_file_ref idref="fl-1"/>
      </object_component>
      <object_component id="oc-118">
         <name>.debug_str</name>
         <load_address>0x1df7</load_address>
         <run_address>0x1df7</run_address>
         <size>0x33e</size>
         <input_file_ref idref="fl-1"/>
      </object_component>
      <object_component id="oc-113">
         <name>.debug_str</name>
         <load_address>0x2135</load_address>
         <run_address>0x2135</run_address>
         <size>0x147</size>
         <input_file_ref idref="fl-1"/>
      </object_component>
      <object_component id="oc-bb">
         <name>.debug_str</name>
         <load_address>0x227c</load_address>
         <run_address>0x227c</run_address>
         <size>0xe1</size>
         <input_file_ref idref="fl-1"/>
      </object_component>
      <object_component id="oc-3e">
         <name>.debug_str</name>
         <load_address>0x235d</load_address>
         <run_address>0x235d</run_address>
         <size>0x100</size>
         <input_file_ref idref="fl-c1"/>
      </object_component>
      <object_component id="oc-7a">
         <name>.debug_str</name>
         <load_address>0x245d</load_address>
         <run_address>0x245d</run_address>
         <size>0x12d</size>
         <input_file_ref idref="fl-c1"/>
      </object_component>
      <object_component id="oc-2e">
         <name>.debug_str</name>
         <load_address>0x258a</load_address>
         <run_address>0x258a</run_address>
         <size>0x10d</size>
         <input_file_ref idref="fl-c2"/>
      </object_component>
      <object_component id="oc-b4">
         <name>.debug_str</name>
         <load_address>0x2697</load_address>
         <run_address>0x2697</run_address>
         <size>0x158</size>
         <input_file_ref idref="fl-c2"/>
      </object_component>
      <object_component id="oc-73">
         <name>.debug_str</name>
         <load_address>0x27ef</load_address>
         <run_address>0x27ef</run_address>
         <size>0x145</size>
         <input_file_ref idref="fl-c2"/>
      </object_component>
      <object_component id="oc-166">
         <name>.debug_str</name>
         <load_address>0x2934</load_address>
         <run_address>0x2934</run_address>
         <size>0xe2</size>
         <input_file_ref idref="fl-ca"/>
      </object_component>
      <object_component id="oc-17c">
         <name>.debug_str</name>
         <load_address>0x2a16</load_address>
         <run_address>0x2a16</run_address>
         <size>0x144</size>
         <input_file_ref idref="fl-ca"/>
      </object_component>
      <object_component id="oc-16b">
         <name>.debug_str</name>
         <load_address>0x2b5a</load_address>
         <run_address>0x2b5a</run_address>
         <size>0x13d</size>
         <input_file_ref idref="fl-ca"/>
      </object_component>
      <object_component id="oc-170">
         <name>.debug_str</name>
         <load_address>0x2c97</load_address>
         <run_address>0x2c97</run_address>
         <size>0x184</size>
         <input_file_ref idref="fl-ca"/>
      </object_component>
      <object_component id="oc-c2">
         <name>.debug_aranges</name>
         <load_address>0x0</load_address>
         <run_address>0x0</run_address>
         <size>0x48</size>
         <input_file_ref idref="fl-1"/>
      </object_component>
      <object_component id="oc-c8">
         <name>.debug_aranges</name>
         <load_address>0x48</load_address>
         <run_address>0x48</run_address>
         <size>0x28</size>
         <input_file_ref idref="fl-2"/>
      </object_component>
      <object_component id="oc-92">
         <name>.debug_aranges</name>
         <load_address>0x70</load_address>
         <run_address>0x70</run_address>
         <size>0x20</size>
         <input_file_ref idref="fl-3"/>
      </object_component>
      <object_component id="oc-66">
         <name>.debug_aranges</name>
         <load_address>0x90</load_address>
         <run_address>0x90</run_address>
         <size>0x28</size>
         <input_file_ref idref="fl-5"/>
      </object_component>
      <object_component id="oc-a4">
         <name>.debug_aranges</name>
         <load_address>0xb8</load_address>
         <run_address>0xb8</run_address>
         <size>0x28</size>
         <input_file_ref idref="fl-6"/>
      </object_component>
      <object_component id="oc-1c">
         <name>.debug_aranges</name>
         <load_address>0xe0</load_address>
         <run_address>0xe0</run_address>
         <size>0x20</size>
         <input_file_ref idref="fl-c1"/>
      </object_component>
      <object_component id="oc-16">
         <name>.debug_aranges</name>
         <load_address>0x100</load_address>
         <run_address>0x100</run_address>
         <size>0x20</size>
         <input_file_ref idref="fl-c2"/>
      </object_component>
      <object_component id="oc-54">
         <name>.debug_aranges</name>
         <load_address>0x120</load_address>
         <run_address>0x120</run_address>
         <size>0x20</size>
         <input_file_ref idref="fl-c3"/>
      </object_component>
      <object_component id="oc-cf">
         <name>.debug_aranges</name>
         <load_address>0x140</load_address>
         <run_address>0x140</run_address>
         <size>0x20</size>
         <input_file_ref idref="fl-c4"/>
      </object_component>
      <object_component id="oc-11c">
         <name>.debug_aranges</name>
         <load_address>0x160</load_address>
         <run_address>0x160</run_address>
         <size>0x20</size>
         <input_file_ref idref="fl-c7"/>
      </object_component>
      <object_component id="oc-36">
         <name>.debug_aranges</name>
         <load_address>0x180</load_address>
         <run_address>0x180</run_address>
         <size>0x20</size>
         <input_file_ref idref="fl-c8"/>
      </object_component>
      <object_component id="oc-db">
         <name>.debug_aranges</name>
         <load_address>0x1a0</load_address>
         <run_address>0x1a0</run_address>
         <size>0x20</size>
         <input_file_ref idref="fl-ca"/>
      </object_component>
      <object_component id="oc-8c">
         <name>.debug_aranges</name>
         <load_address>0x1c0</load_address>
         <run_address>0x1c0</run_address>
         <size>0x20</size>
         <input_file_ref idref="fl-cb"/>
      </object_component>
      <object_component id="oc-c3">
         <name>.debug_pubnames</name>
         <load_address>0x0</load_address>
         <run_address>0x0</run_address>
         <size>0x68</size>
         <input_file_ref idref="fl-1"/>
      </object_component>
      <object_component id="oc-c9">
         <name>.debug_pubnames</name>
         <load_address>0x68</load_address>
         <run_address>0x68</run_address>
         <size>0x2c</size>
         <input_file_ref idref="fl-2"/>
      </object_component>
      <object_component id="oc-93">
         <name>.debug_pubnames</name>
         <load_address>0x94</load_address>
         <run_address>0x94</run_address>
         <size>0x1b</size>
         <input_file_ref idref="fl-3"/>
      </object_component>
      <object_component id="oc-25">
         <name>.debug_pubnames</name>
         <load_address>0xaf</load_address>
         <run_address>0xaf</run_address>
         <size>0x27</size>
         <input_file_ref idref="fl-5"/>
      </object_component>
      <object_component id="oc-67">
         <name>.debug_pubnames</name>
         <load_address>0xd6</load_address>
         <run_address>0xd6</run_address>
         <size>0x38</size>
         <input_file_ref idref="fl-5"/>
      </object_component>
      <object_component id="oc-10d">
         <name>.debug_pubnames</name>
         <load_address>0x10e</load_address>
         <run_address>0x10e</run_address>
         <size>0x26</size>
         <input_file_ref idref="fl-6"/>
      </object_component>
      <object_component id="oc-a5">
         <name>.debug_pubnames</name>
         <load_address>0x134</load_address>
         <run_address>0x134</run_address>
         <size>0x3b</size>
         <input_file_ref idref="fl-6"/>
      </object_component>
      <object_component id="oc-1d">
         <name>.debug_pubnames</name>
         <load_address>0x16f</load_address>
         <run_address>0x16f</run_address>
         <size>0x2b</size>
         <input_file_ref idref="fl-c1"/>
      </object_component>
      <object_component id="oc-17">
         <name>.debug_pubnames</name>
         <load_address>0x19a</load_address>
         <run_address>0x19a</run_address>
         <size>0x2b</size>
         <input_file_ref idref="fl-c2"/>
      </object_component>
      <object_component id="oc-28">
         <name>.debug_pubnames</name>
         <load_address>0x1c5</load_address>
         <run_address>0x1c5</run_address>
         <size>0x1e</size>
         <input_file_ref idref="fl-c3"/>
      </object_component>
      <object_component id="oc-55">
         <name>.debug_pubnames</name>
         <load_address>0x1e3</load_address>
         <run_address>0x1e3</run_address>
         <size>0x26</size>
         <input_file_ref idref="fl-c3"/>
      </object_component>
      <object_component id="oc-d0">
         <name>.debug_pubnames</name>
         <load_address>0x209</load_address>
         <run_address>0x209</run_address>
         <size>0x1c</size>
         <input_file_ref idref="fl-c4"/>
      </object_component>
      <object_component id="oc-11d">
         <name>.debug_pubnames</name>
         <load_address>0x225</load_address>
         <run_address>0x225</run_address>
         <size>0x1d</size>
         <input_file_ref idref="fl-c7"/>
      </object_component>
      <object_component id="oc-37">
         <name>.debug_pubnames</name>
         <load_address>0x242</load_address>
         <run_address>0x242</run_address>
         <size>0x1d</size>
         <input_file_ref idref="fl-c8"/>
      </object_component>
      <object_component id="oc-dc">
         <name>.debug_pubnames</name>
         <load_address>0x25f</load_address>
         <run_address>0x25f</run_address>
         <size>0x35</size>
         <input_file_ref idref="fl-ca"/>
      </object_component>
      <object_component id="oc-8d">
         <name>.debug_pubnames</name>
         <load_address>0x294</load_address>
         <run_address>0x294</run_address>
         <size>0x27</size>
         <input_file_ref idref="fl-cb"/>
      </object_component>
      <object_component id="oc-147">
         <name>.debug_pubtypes</name>
         <load_address>0x0</load_address>
         <run_address>0x0</run_address>
         <size>0x2ce</size>
         <input_file_ref idref="fl-1"/>
      </object_component>
      <object_component id="oc-ac">
         <name>.debug_pubtypes</name>
         <load_address>0x2ce</load_address>
         <run_address>0x2ce</run_address>
         <size>0x25c</size>
         <input_file_ref idref="fl-1"/>
      </object_component>
      <object_component id="oc-14c">
         <name>.debug_pubtypes</name>
         <load_address>0x52a</load_address>
         <run_address>0x52a</run_address>
         <size>0xdd</size>
         <input_file_ref idref="fl-1"/>
      </object_component>
      <object_component id="oc-30">
         <name>.debug_pubtypes</name>
         <load_address>0x607</load_address>
         <run_address>0x607</run_address>
         <size>0xed</size>
         <input_file_ref idref="fl-1"/>
      </object_component>
      <object_component id="oc-115">
         <name>.debug_pubtypes</name>
         <load_address>0x6f4</load_address>
         <run_address>0x6f4</run_address>
         <size>0x325</size>
         <input_file_ref idref="fl-1"/>
      </object_component>
      <object_component id="oc-110">
         <name>.debug_pubtypes</name>
         <load_address>0xa19</load_address>
         <run_address>0xa19</run_address>
         <size>0xaa</size>
         <input_file_ref idref="fl-1"/>
      </object_component>
      <object_component id="oc-b8">
         <name>.debug_pubtypes</name>
         <load_address>0xac3</load_address>
         <run_address>0xac3</run_address>
         <size>0x1d</size>
         <input_file_ref idref="fl-1"/>
      </object_component>
      <object_component id="oc-3b">
         <name>.debug_pubtypes</name>
         <load_address>0xae0</load_address>
         <run_address>0xae0</run_address>
         <size>0x48</size>
         <input_file_ref idref="fl-c1"/>
      </object_component>
      <object_component id="oc-77">
         <name>.debug_pubtypes</name>
         <load_address>0xb28</load_address>
         <run_address>0xb28</run_address>
         <size>0x1d</size>
         <input_file_ref idref="fl-c1"/>
      </object_component>
      <object_component id="oc-2b">
         <name>.debug_pubtypes</name>
         <load_address>0xb45</load_address>
         <run_address>0xb45</run_address>
         <size>0x5d</size>
         <input_file_ref idref="fl-c2"/>
      </object_component>
      <object_component id="oc-b1">
         <name>.debug_pubtypes</name>
         <load_address>0xba2</load_address>
         <run_address>0xba2</run_address>
         <size>0x48</size>
         <input_file_ref idref="fl-c2"/>
      </object_component>
      <object_component id="oc-70">
         <name>.debug_pubtypes</name>
         <load_address>0xbea</load_address>
         <run_address>0xbea</run_address>
         <size>0x35</size>
         <input_file_ref idref="fl-c2"/>
      </object_component>
      <object_component id="oc-163">
         <name>.debug_pubtypes</name>
         <load_address>0xc1f</load_address>
         <run_address>0xc1f</run_address>
         <size>0x32</size>
         <input_file_ref idref="fl-ca"/>
      </object_component>
      <object_component id="oc-179">
         <name>.debug_pubtypes</name>
         <load_address>0xc51</load_address>
         <run_address>0xc51</run_address>
         <size>0x30</size>
         <input_file_ref idref="fl-ca"/>
      </object_component>
      <object_component id="oc-168">
         <name>.debug_pubtypes</name>
         <load_address>0xc81</load_address>
         <run_address>0xc81</run_address>
         <size>0x2c</size>
         <input_file_ref idref="fl-ca"/>
      </object_component>
      <object_component id="oc-16d">
         <name>.debug_pubtypes</name>
         <load_address>0xcad</load_address>
         <run_address>0xcad</run_address>
         <size>0x50</size>
         <input_file_ref idref="fl-ca"/>
      </object_component>
   </object_component_list>
   <logical_group_list>
      <logical_group id="lg-3" display="no" color="cyan">
         <name>.intvecs</name>
         <load_address>0x0</load_address>
         <run_address>0x0</run_address>
         <size>0xe4</size>
         <contents>
            <object_component_ref idref="oc-23"/>
         </contents>
      </logical_group>
      <logical_group id="lg-4" display="no" color="cyan">
         <name>.text</name>
         <load_address>0xe4</load_address>
         <run_address>0xe4</run_address>
         <size>0x810</size>
         <contents>
            <object_component_ref idref="oc-a2"/>
            <object_component_ref idref="oc-c0"/>
            <object_component_ref idref="oc-c6"/>
            <object_component_ref idref="oc-34"/>
            <object_component_ref idref="oc-90"/>
            <object_component_ref idref="oc-14"/>
            <object_component_ref idref="oc-d9"/>
            <object_component_ref idref="oc-52"/>
            <object_component_ref idref="oc-11a"/>
            <object_component_ref idref="oc-1a"/>
            <object_component_ref idref="oc-64"/>
            <object_component_ref idref="oc-8a"/>
            <object_component_ref idref="oc-cd"/>
         </contents>
      </logical_group>
      <logical_group id="lg-5" display="no" color="cyan">
         <name>.const</name>
         <run_address>0x0</run_address>
         <size>0x0</size>
         <contents>
         </contents>
      </logical_group>
      <logical_group id="lg-6" display="no" color="cyan">
         <name>.cinit</name>
         <load_address>0x8f8</load_address>
         <run_address>0x8f8</run_address>
         <size>0x18</size>
         <contents>
            <object_component_ref idref="oc-1b3"/>
            <object_component_ref idref="oc-1b1"/>
            <object_component_ref idref="oc-1b2"/>
         </contents>
      </logical_group>
      <logical_group id="lg-7" display="no" color="cyan">
         <name>.pinit</name>
         <run_address>0x0</run_address>
         <size>0x0</size>
         <contents>
         </contents>
      </logical_group>
      <logical_group id="lg-8" display="no" color="cyan">
         <name>.init_array</name>
         <run_address>0x0</run_address>
         <size>0x0</size>
         <contents>
         </contents>
      </logical_group>
      <logical_group id="lg-9" display="no" color="cyan">
         <name>.binit</name>
         <load_address>0x0</load_address>
         <run_address>0x0</run_address>
         <size>0x0</size>
         <contents>
            <object_component_ref idref="oc-186"/>
         </contents>
      </logical_group>
      <logical_group id="lg-a" display="no" color="cyan">
         <name>.flashMailbox</name>
         <run_address>0x0</run_address>
         <size>0x0</size>
         <contents>
         </contents>
      </logical_group>
      <logical_group id="lg-b" display="no" color="cyan">
         <name>.tlvTable</name>
         <run_address>0x0</run_address>
         <size>0x0</size>
         <contents>
         </contents>
      </logical_group>
      <logical_group id="lg-c" display="no" color="cyan">
         <name>.bslArea</name>
         <run_address>0x0</run_address>
         <size>0x0</size>
         <contents>
         </contents>
      </logical_group>
      <logical_group id="lg-d" display="no" color="cyan">
         <name>.vtable</name>
         <run_address>0x0</run_address>
         <size>0x0</size>
         <contents>
         </contents>
      </logical_group>
      <logical_group id="lg-e" display="no" color="cyan">
         <name>.data</name>
         <run_address>0x20000000</run_address>
         <size>0x4</size>
         <contents>
            <object_component_ref idref="oc-10b"/>
         </contents>
      </logical_group>
      <logical_group id="lg-f" display="no" color="cyan">
         <name>.bss</name>
         <run_address>0x0</run_address>
         <size>0x0</size>
         <contents>
         </contents>
      </logical_group>
      <logical_group id="lg-10" display="no" color="cyan">
         <name>.sysmem</name>
         <run_address>0x0</run_address>
         <size>0x0</size>
         <contents>
         </contents>
      </logical_group>
      <logical_group id="lg-11" display="no" color="cyan">
         <name>.stack</name>
         <run_address>0x2000fe00</run_address>
         <size>0x200</size>
         <contents>
            <object_component_ref idref="oc-26"/>
            <object_component_ref idref="oc-1b4"/>
         </contents>
      </logical_group>
      <logical_group id="lg-12" display="no" color="cyan">
         <name>.TI.ramfunc</name>
         <run_address>0x0</run_address>
         <size>0x0</size>
         <contents>
         </contents>
      </logical_group>
      <logical_group id="lg-184" display="no" color="cyan">
         <name>.TI.noinit</name>
         <run_address>0x0</run_address>
         <size>0x0</size>
         <contents>
         </contents>
      </logical_group>
      <logical_group id="lg-185" display="no" color="cyan">
         <name>.TI.persistent</name>
         <run_address>0x0</run_address>
         <size>0x0</size>
         <contents>
         </contents>
      </logical_group>
      <logical_group id="lg-199" display="never" color="cyan">
         <name>.debug_info</name>
         <load_address>0x0</load_address>
         <run_address>0x0</run_address>
         <size>0x8323</size>
         <contents>
            <object_component_ref idref="oc-119"/>
            <object_component_ref idref="oc-c1"/>
            <object_component_ref idref="oc-146"/>
            <object_component_ref idref="oc-ab"/>
            <object_component_ref idref="oc-14b"/>
            <object_component_ref idref="oc-2f"/>
            <object_component_ref idref="oc-114"/>
            <object_component_ref idref="oc-10f"/>
            <object_component_ref idref="oc-b7"/>
            <object_component_ref idref="oc-c7"/>
            <object_component_ref idref="oc-91"/>
            <object_component_ref idref="oc-6c"/>
            <object_component_ref idref="oc-24"/>
            <object_component_ref idref="oc-65"/>
            <object_component_ref idref="oc-10c"/>
            <object_component_ref idref="oc-a3"/>
            <object_component_ref idref="oc-3f"/>
            <object_component_ref idref="oc-1b"/>
            <object_component_ref idref="oc-3a"/>
            <object_component_ref idref="oc-76"/>
            <object_component_ref idref="oc-74"/>
            <object_component_ref idref="oc-15"/>
            <object_component_ref idref="oc-2a"/>
            <object_component_ref idref="oc-b0"/>
            <object_component_ref idref="oc-6f"/>
            <object_component_ref idref="oc-27"/>
            <object_component_ref idref="oc-53"/>
            <object_component_ref idref="oc-ce"/>
            <object_component_ref idref="oc-151"/>
            <object_component_ref idref="oc-11b"/>
            <object_component_ref idref="oc-35"/>
            <object_component_ref idref="oc-12d"/>
            <object_component_ref idref="oc-da"/>
            <object_component_ref idref="oc-162"/>
            <object_component_ref idref="oc-178"/>
            <object_component_ref idref="oc-167"/>
            <object_component_ref idref="oc-16c"/>
            <object_component_ref idref="oc-8b"/>
            <object_component_ref idref="oc-1b5"/>
         </contents>
      </logical_group>
      <logical_group id="lg-19b" display="never" color="cyan">
         <name>.debug_line</name>
         <load_address>0x0</load_address>
         <run_address>0x0</run_address>
         <size>0x1044</size>
         <contents>
            <object_component_ref idref="oc-145"/>
            <object_component_ref idref="oc-c4"/>
            <object_component_ref idref="oc-149"/>
            <object_component_ref idref="oc-ae"/>
            <object_component_ref idref="oc-14e"/>
            <object_component_ref idref="oc-32"/>
            <object_component_ref idref="oc-117"/>
            <object_component_ref idref="oc-112"/>
            <object_component_ref idref="oc-ba"/>
            <object_component_ref idref="oc-ca"/>
            <object_component_ref idref="oc-94"/>
            <object_component_ref idref="oc-aa"/>
            <object_component_ref idref="oc-6b"/>
            <object_component_ref idref="oc-68"/>
            <object_component_ref idref="oc-143"/>
            <object_component_ref idref="oc-a6"/>
            <object_component_ref idref="oc-7c"/>
            <object_component_ref idref="oc-1e"/>
            <object_component_ref idref="oc-3d"/>
            <object_component_ref idref="oc-79"/>
            <object_component_ref idref="oc-b6"/>
            <object_component_ref idref="oc-18"/>
            <object_component_ref idref="oc-2d"/>
            <object_component_ref idref="oc-b3"/>
            <object_component_ref idref="oc-72"/>
            <object_component_ref idref="oc-6e"/>
            <object_component_ref idref="oc-56"/>
            <object_component_ref idref="oc-d1"/>
            <object_component_ref idref="oc-174"/>
            <object_component_ref idref="oc-11e"/>
            <object_component_ref idref="oc-38"/>
            <object_component_ref idref="oc-161"/>
            <object_component_ref idref="oc-dd"/>
            <object_component_ref idref="oc-165"/>
            <object_component_ref idref="oc-17b"/>
            <object_component_ref idref="oc-16a"/>
            <object_component_ref idref="oc-16f"/>
            <object_component_ref idref="oc-8e"/>
         </contents>
      </logical_group>
      <logical_group id="lg-19d" display="never" color="cyan">
         <name>.debug_frame</name>
         <load_address>0x0</load_address>
         <run_address>0x0</run_address>
         <size>0x4e0</size>
         <contents>
            <object_component_ref idref="oc-c5"/>
            <object_component_ref idref="oc-cb"/>
            <object_component_ref idref="oc-95"/>
            <object_component_ref idref="oc-69"/>
            <object_component_ref idref="oc-a7"/>
            <object_component_ref idref="oc-1f"/>
            <object_component_ref idref="oc-19"/>
            <object_component_ref idref="oc-57"/>
            <object_component_ref idref="oc-d2"/>
            <object_component_ref idref="oc-11f"/>
            <object_component_ref idref="oc-de"/>
            <object_component_ref idref="oc-8f"/>
         </contents>
      </logical_group>
      <logical_group id="lg-19f" display="never" color="cyan">
         <name>.debug_abbrev</name>
         <load_address>0x0</load_address>
         <run_address>0x0</run_address>
         <size>0xca8</size>
         <contents>
            <object_component_ref idref="oc-144"/>
            <object_component_ref idref="oc-120"/>
            <object_component_ref idref="oc-148"/>
            <object_component_ref idref="oc-ad"/>
            <object_component_ref idref="oc-14d"/>
            <object_component_ref idref="oc-31"/>
            <object_component_ref idref="oc-116"/>
            <object_component_ref idref="oc-111"/>
            <object_component_ref idref="oc-b9"/>
            <object_component_ref idref="oc-121"/>
            <object_component_ref idref="oc-cc"/>
            <object_component_ref idref="oc-a9"/>
            <object_component_ref idref="oc-6a"/>
            <object_component_ref idref="oc-a8"/>
            <object_component_ref idref="oc-142"/>
            <object_component_ref idref="oc-10e"/>
            <object_component_ref idref="oc-7b"/>
            <object_component_ref idref="oc-39"/>
            <object_component_ref idref="oc-3c"/>
            <object_component_ref idref="oc-78"/>
            <object_component_ref idref="oc-b5"/>
            <object_component_ref idref="oc-29"/>
            <object_component_ref idref="oc-2c"/>
            <object_component_ref idref="oc-b2"/>
            <object_component_ref idref="oc-71"/>
            <object_component_ref idref="oc-6d"/>
            <object_component_ref idref="oc-99"/>
            <object_component_ref idref="oc-122"/>
            <object_component_ref idref="oc-173"/>
            <object_component_ref idref="oc-150"/>
            <object_component_ref idref="oc-75"/>
            <object_component_ref idref="oc-160"/>
            <object_component_ref idref="oc-12c"/>
            <object_component_ref idref="oc-164"/>
            <object_component_ref idref="oc-17a"/>
            <object_component_ref idref="oc-169"/>
            <object_component_ref idref="oc-16e"/>
            <object_component_ref idref="oc-bf"/>
            <object_component_ref idref="oc-1b6"/>
         </contents>
      </logical_group>
      <logical_group id="lg-1a1" display="never" color="cyan">
         <name>.debug_str</name>
         <load_address>0x0</load_address>
         <run_address>0x0</run_address>
         <size>0x2e1b</size>
         <contents>
            <object_component_ref idref="oc-14a"/>
            <object_component_ref idref="oc-af"/>
            <object_component_ref idref="oc-14f"/>
            <object_component_ref idref="oc-33"/>
            <object_component_ref idref="oc-118"/>
            <object_component_ref idref="oc-113"/>
            <object_component_ref idref="oc-bb"/>
            <object_component_ref idref="oc-3e"/>
            <object_component_ref idref="oc-7a"/>
            <object_component_ref idref="oc-2e"/>
            <object_component_ref idref="oc-b4"/>
            <object_component_ref idref="oc-73"/>
            <object_component_ref idref="oc-166"/>
            <object_component_ref idref="oc-17c"/>
            <object_component_ref idref="oc-16b"/>
            <object_component_ref idref="oc-170"/>
         </contents>
      </logical_group>
      <logical_group id="lg-1a3" display="never" color="cyan">
         <name>.debug_aranges</name>
         <load_address>0x0</load_address>
         <run_address>0x0</run_address>
         <size>0x1e0</size>
         <contents>
            <object_component_ref idref="oc-c2"/>
            <object_component_ref idref="oc-c8"/>
            <object_component_ref idref="oc-92"/>
            <object_component_ref idref="oc-66"/>
            <object_component_ref idref="oc-a4"/>
            <object_component_ref idref="oc-1c"/>
            <object_component_ref idref="oc-16"/>
            <object_component_ref idref="oc-54"/>
            <object_component_ref idref="oc-cf"/>
            <object_component_ref idref="oc-11c"/>
            <object_component_ref idref="oc-36"/>
            <object_component_ref idref="oc-db"/>
            <object_component_ref idref="oc-8c"/>
         </contents>
      </logical_group>
      <logical_group id="lg-1a5" display="never" color="cyan">
         <name>.debug_pubnames</name>
         <load_address>0x0</load_address>
         <run_address>0x0</run_address>
         <size>0x2bb</size>
         <contents>
            <object_component_ref idref="oc-c3"/>
            <object_component_ref idref="oc-c9"/>
            <object_component_ref idref="oc-93"/>
            <object_component_ref idref="oc-25"/>
            <object_component_ref idref="oc-67"/>
            <object_component_ref idref="oc-10d"/>
            <object_component_ref idref="oc-a5"/>
            <object_component_ref idref="oc-1d"/>
            <object_component_ref idref="oc-17"/>
            <object_component_ref idref="oc-28"/>
            <object_component_ref idref="oc-55"/>
            <object_component_ref idref="oc-d0"/>
            <object_component_ref idref="oc-11d"/>
            <object_component_ref idref="oc-37"/>
            <object_component_ref idref="oc-dc"/>
            <object_component_ref idref="oc-8d"/>
         </contents>
      </logical_group>
      <logical_group id="lg-1a7" display="never" color="cyan">
         <name>.debug_pubtypes</name>
         <load_address>0x0</load_address>
         <run_address>0x0</run_address>
         <size>0xcfd</size>
         <contents>
            <object_component_ref idref="oc-147"/>
            <object_component_ref idref="oc-ac"/>
            <object_component_ref idref="oc-14c"/>
            <object_component_ref idref="oc-30"/>
            <object_component_ref idref="oc-115"/>
            <object_component_ref idref="oc-110"/>
            <object_component_ref idref="oc-b8"/>
            <object_component_ref idref="oc-3b"/>
            <object_component_ref idref="oc-77"/>
            <object_component_ref idref="oc-2b"/>
            <object_component_ref idref="oc-b1"/>
            <object_component_ref idref="oc-70"/>
            <object_component_ref idref="oc-163"/>
            <object_component_ref idref="oc-179"/>
            <object_component_ref idref="oc-168"/>
            <object_component_ref idref="oc-16d"/>
         </contents>
      </logical_group>
      <load_segment id="lg-1b7" display="no" color="cyan">
         <name>SEGMENT_0</name>
         <load_address>0x0</load_address>
         <run_address>0x0</run_address>
         <size>0x910</size>
         <flags>0x5</flags>
         <contents>
            <logical_group_ref idref="lg-3"/>
            <logical_group_ref idref="lg-4"/>
            <logical_group_ref idref="lg-6"/>
         </contents>
      </load_segment>
      <load_segment id="lg-1b8" display="no" color="cyan">
         <name>SEGMENT_1</name>
         <run_address>0x20000000</run_address>
         <size>0x4</size>
         <flags>0x6</flags>
         <contents>
            <logical_group_ref idref="lg-e"/>
         </contents>
      </load_segment>
      <load_segment id="lg-1b9" display="no" color="cyan">
         <name>SEGMENT_2</name>
         <run_address>0x2000fe00</run_address>
         <size>0x200</size>
         <flags>0x6</flags>
         <contents>
            <logical_group_ref idref="lg-11"/>
         </contents>
      </load_segment>
   </logical_group_list>
   <placement_map>
      <memory_area display="yes" color="green">
         <name>MAIN</name>
         <page_id>0x0</page_id>
         <origin>0x0</origin>
         <length>0x40000</length>
         <used_space>0x90c</used_space>
         <unused_space>0x3f6f4</unused_space>
         <attributes>RX</attributes>
         <usage_details>
            <allocated_space>
               <start_address>0x0</start_address>
               <size>0x0</size>
               <logical_group_ref idref="lg-9"/>
            </allocated_space>
            <allocated_space>
               <start_address>0x0</start_address>
               <size>0xe4</size>
               <logical_group_ref idref="lg-3"/>
            </allocated_space>
            <allocated_space>
               <start_address>0xe4</start_address>
               <size>0x810</size>
               <logical_group_ref idref="lg-4"/>
            </allocated_space>
            <available_space>
               <start_address>0x8f4</start_address>
               <size>0x4</size>
            </available_space>
            <allocated_space>
               <start_address>0x8f8</start_address>
               <size>0x18</size>
               <logical_group_ref idref="lg-6"/>
            </allocated_space>
            <available_space>
               <start_address>0x910</start_address>
               <size>0x3f6f0</size>
            </available_space>
         </usage_details>
      </memory_area>
      <memory_area display="yes" color="green">
         <name>INFO</name>
         <page_id>0x0</page_id>
         <origin>0x200000</origin>
         <length>0x4000</length>
         <used_space>0x0</used_space>
         <unused_space>0x4000</unused_space>
         <attributes>RX</attributes>
         <usage_details>
         </usage_details>
      </memory_area>
      <memory_area display="yes" color="green">
         <name>SRAM_CODE</name>
         <page_id>0x0</page_id>
         <origin>0x1000000</origin>
         <length>0x10000</length>
         <used_space>0x204</used_space>
         <unused_space>0xfdfc</unused_space>
         <attributes>RWX</attributes>
         <usage_details>
            <allocated_space>
               <start_address>0x1000000</start_address>
               <size>0x4</size>
               <logical_group_ref idref="lg-e"/>
            </allocated_space>
            <available_space>
               <start_address>0x1000004</start_address>
               <size>0xfdfc</size>
            </available_space>
            <allocated_space>
               <start_address>0x100fe00</start_address>
               <size>0x200</size>
               <logical_group_ref idref="lg-11"/>
            </allocated_space>
         </usage_details>
      </memory_area>
      <memory_area display="yes" color="green">
         <name>SRAM_DATA</name>
         <page_id>0x0</page_id>
         <origin>0x20000000</origin>
         <length>0x10000</length>
         <used_space>0x204</used_space>
         <unused_space>0xfdfc</unused_space>
         <attributes>RW</attributes>
         <usage_details>
            <allocated_space>
               <start_address>0x20000000</start_address>
               <size>0x4</size>
               <logical_group_ref idref="lg-e"/>
            </allocated_space>
            <available_space>
               <start_address>0x20000004</start_address>
               <size>0xfdfc</size>
            </available_space>
            <allocated_space>
               <start_address>0x2000fe00</start_address>
               <size>0x200</size>
               <logical_group_ref idref="lg-11"/>
            </allocated_space>
         </usage_details>
      </memory_area>
   </placement_map>
   <cptbl_list>
      <cptbl>
         <name>__TI_cinit_table</name>
         <cprec>
            <name>.data</name>
            <load_address>0x8f8</load_address>
            <load_size>0x8</load_size>
            <run_address>0x20000000</run_address>
            <run_size>0x4</run_size>
            <compression>lzss</compression>
         </cprec>
      </cptbl>
   </cptbl_list>
   <handler_table>
      <handler_table_name>__TI_handler_table</handler_table_name>
      <handler>
         <index>0x0</index>
         <name>__TI_decompress_lzss</name>
      </handler>
      <handler>
         <index>0x1</index>
         <name>__TI_decompress_none</name>
      </handler>
   </handler_table>
   <symbol_table>
      <symbol id="sm-1">
         <name>WDTCTL_SYM</name>
         <value>0x4000480c</value>
      </symbol>
      <symbol id="sm-2">
         <name>__TI_CINIT_Base</name>
         <value>0x908</value>
      </symbol>
      <symbol id="sm-3">
         <name>__TI_CINIT_Limit</name>
         <value>0x910</value>
      </symbol>
      <symbol id="sm-4">
         <name>__TI_Handler_Table_Base</name>
         <value>0x900</value>
      </symbol>
      <symbol id="sm-5">
         <name>__TI_Handler_Table_Limit</name>
         <value>0x908</value>
      </symbol>
      <symbol id="sm-6">
         <name>binit</name>
         <value>0xffffffff</value>
      </symbol>
      <symbol id="sm-7">
         <name>__binit__</name>
         <value>0xffffffff</value>
      </symbol>
      <symbol id="sm-8">
         <name>__STACK_SIZE</name>
         <value>0x200</value>
      </symbol>
      <symbol id="sm-9">
         <name>__STACK_END</name>
         <value>0x20010000</value>
      </symbol>
      <symbol id="sm-a">
         <name>__c_args__</name>
         <value>0xffffffff</value>
      </symbol>
      <symbol id="sm-b">
         <name>__TI_pprof_out_hndl</name>
         <value>0xffffffff</value>
      </symbol>
      <symbol id="sm-c">
         <name>__TI_prof_data_start</name>
         <value>0xffffffff</value>
      </symbol>
      <symbol id="sm-d">
         <name>__TI_prof_data_size</name>
         <value>0xffffffff</value>
      </symbol>
      <symbol id="sm-63">
         <name>lcd_write</name>
         <value>0x4a9</value>
         <object_component_ref idref="oc-c0"/>
      </symbol>
      <symbol id="sm-64">
         <name>lcd_setup</name>
         <value>0x469</value>
         <object_component_ref idref="oc-c0"/>
      </symbol>
      <symbol id="sm-65">
         <name>lcd_command</name>
         <value>0x55b</value>
         <object_component_ref idref="oc-c0"/>
      </symbol>
      <symbol id="sm-66">
         <name>lcd_clear</name>
         <value>0x457</value>
         <object_component_ref idref="oc-c0"/>
      </symbol>
      <symbol id="sm-67">
         <name>lcd_init</name>
         <value>0x497</value>
         <object_component_ref idref="oc-c0"/>
      </symbol>
      <symbol id="sm-68">
         <name>lcd_string</name>
         <value>0x419</value>
         <object_component_ref idref="oc-c0"/>
      </symbol>
      <symbol id="sm-7b">
         <name>delay_us</name>
         <value>0x66d</value>
         <object_component_ref idref="oc-c6"/>
      </symbol>
      <symbol id="sm-7c">
         <name>delay_ms</name>
         <value>0x621</value>
         <object_component_ref idref="oc-c6"/>
      </symbol>
      <symbol id="sm-8d">
         <name>main</name>
         <value>0x759</value>
         <object_component_ref idref="oc-90"/>
      </symbol>
      <symbol id="sm-a3">
         <name>Reset_Handler</name>
         <value>0x8df</value>
         <object_component_ref idref="oc-64"/>
      </symbol>
      <symbol id="sm-a4">
         <name>Default_Handler</name>
         <value>0x8eb</value>
         <object_component_ref idref="oc-64"/>
      </symbol>
      <symbol id="sm-a5">
         <name>interruptVectors</name>
         <value>0x0</value>
         <object_component_ref idref="oc-23"/>
      </symbol>
      <symbol id="sm-ed">
         <name>SystemInit</name>
         <value>0x35d</value>
         <object_component_ref idref="oc-a2"/>
      </symbol>
      <symbol id="sm-ee">
         <name>SystemCoreClockUpdate</name>
         <value>0xe5</value>
         <object_component_ref idref="oc-a2"/>
      </symbol>
      <symbol id="sm-ef">
         <name>SystemCoreClock</name>
         <value>0x20000000</value>
         <object_component_ref idref="oc-10b"/>
      </symbol>
      <symbol id="sm-107">
         <name>__TI_decompress_none</name>
         <value>0x8d1</value>
         <object_component_ref idref="oc-1a"/>
      </symbol>
      <symbol id="sm-12a">
         <name>__TI_decompress_lzss</name>
         <value>0x7d9</value>
         <object_component_ref idref="oc-14"/>
      </symbol>
      <symbol id="sm-13d">
         <name>__stack</name>
         <value>0x2000fe00</value>
         <object_component_ref idref="oc-26"/>
      </symbol>
      <symbol id="sm-13e">
         <name>_c_int00_noargs</name>
         <value>0x885</value>
         <object_component_ref idref="oc-52"/>
      </symbol>
      <symbol id="sm-149">
         <name>C$$EXIT</name>
         <value>0x8f1</value>
         <object_component_ref idref="oc-cd"/>
      </symbol>
      <symbol id="sm-14a">
         <name>abort</name>
         <value>0x8f1</value>
         <object_component_ref idref="oc-cd"/>
      </symbol>
      <symbol id="sm-15a">
         <name>strlen</name>
         <value>0x8bd</value>
         <object_component_ref idref="oc-11a"/>
      </symbol>
      <symbol id="sm-175">
         <name>memcpy</name>
         <value>0x6bd</value>
         <object_component_ref idref="oc-34"/>
      </symbol>
      <symbol id="sm-176">
         <name>__aeabi_memcpy</name>
         <value>0x6bd</value>
         <object_component_ref idref="oc-34"/>
      </symbol>
      <symbol id="sm-177">
         <name>__aeabi_memcpy8</name>
         <value>0x6bd</value>
         <object_component_ref idref="oc-34"/>
      </symbol>
      <symbol id="sm-178">
         <name>__aeabi_memcpy4</name>
         <value>0x6bd</value>
         <object_component_ref idref="oc-34"/>
      </symbol>
      <symbol id="sm-1a1">
         <name>__TI_auto_init_nobinit_nopinit</name>
         <value>0x841</value>
         <object_component_ref idref="oc-d9"/>
      </symbol>
      <symbol id="sm-1ab">
         <name>_system_pre_init</name>
         <value>0x8ed</value>
         <object_component_ref idref="oc-8a"/>
      </symbol>
      <symbol id="sm-1ad">
         <name>__TI_static_base__</name>
         <value>0x0</value>
      </symbol>
      <symbol id="sm-1b0">
         <name>__mpu_init</name>
         <value>0x0</value>
      </symbol>
      <symbol id="sm-1b1">
         <name>_system_post_cinit</name>
         <value>0x0</value>
      </symbol>
      <symbol id="sm-1b2">
         <name>NMI_Handler</name>
         <value>0x8eb</value>
      </symbol>
      <symbol id="sm-1b3">
         <name>HardFault_Handler</name>
         <value>0x8eb</value>
      </symbol>
      <symbol id="sm-1b4">
         <name>MemManage_Handler</name>
         <value>0x8eb</value>
      </symbol>
      <symbol id="sm-1b5">
         <name>BusFault_Handler</name>
         <value>0x8eb</value>
      </symbol>
      <symbol id="sm-1b6">
         <name>UsageFault_Handler</name>
         <value>0x8eb</value>
      </symbol>
      <symbol id="sm-1b7">
         <name>SVC_Handler</name>
         <value>0x8eb</value>
      </symbol>
      <symbol id="sm-1b8">
         <name>DebugMon_Handler</name>
         <value>0x8eb</value>
      </symbol>
      <symbol id="sm-1b9">
         <name>PendSV_Handler</name>
         <value>0x8eb</value>
      </symbol>
      <symbol id="sm-1ba">
         <name>SysTick_Handler</name>
         <value>0x8eb</value>
      </symbol>
      <symbol id="sm-1bb">
         <name>PSS_IRQHandler</name>
         <value>0x8eb</value>
      </symbol>
      <symbol id="sm-1bc">
         <name>CS_IRQHandler</name>
         <value>0x8eb</value>
      </symbol>
      <symbol id="sm-1bd">
         <name>PCM_IRQHandler</name>
         <value>0x8eb</value>
      </symbol>
      <symbol id="sm-1be">
         <name>WDT_A_IRQHandler</name>
         <value>0x8eb</value>
      </symbol>
      <symbol id="sm-1bf">
         <name>FPU_IRQHandler</name>
         <value>0x8eb</value>
      </symbol>
      <symbol id="sm-1c0">
         <name>FLCTL_IRQHandler</name>
         <value>0x8eb</value>
      </symbol>
      <symbol id="sm-1c1">
         <name>COMP_E0_IRQHandler</name>
         <value>0x8eb</value>
      </symbol>
      <symbol id="sm-1c2">
         <name>COMP_E1_IRQHandler</name>
         <value>0x8eb</value>
      </symbol>
      <symbol id="sm-1c3">
         <name>TA0_0_IRQHandler</name>
         <value>0x8eb</value>
      </symbol>
      <symbol id="sm-1c4">
         <name>TA0_N_IRQHandler</name>
         <value>0x8eb</value>
      </symbol>
      <symbol id="sm-1c5">
         <name>TA1_0_IRQHandler</name>
         <value>0x8eb</value>
      </symbol>
      <symbol id="sm-1c6">
         <name>TA1_N_IRQHandler</name>
         <value>0x8eb</value>
      </symbol>
      <symbol id="sm-1c7">
         <name>TA2_0_IRQHandler</name>
         <value>0x8eb</value>
      </symbol>
      <symbol id="sm-1c8">
         <name>TA2_N_IRQHandler</name>
         <value>0x8eb</value>
      </symbol>
      <symbol id="sm-1c9">
         <name>TA3_0_IRQHandler</name>
         <value>0x8eb</value>
      </symbol>
      <symbol id="sm-1ca">
         <name>TA3_N_IRQHandler</name>
         <value>0x8eb</value>
      </symbol>
      <symbol id="sm-1cb">
         <name>EUSCIA0_IRQHandler</name>
         <value>0x8eb</value>
      </symbol>
      <symbol id="sm-1cc">
         <name>EUSCIA1_IRQHandler</name>
         <value>0x8eb</value>
      </symbol>
      <symbol id="sm-1cd">
         <name>EUSCIA2_IRQHandler</name>
         <value>0x8eb</value>
      </symbol>
      <symbol id="sm-1ce">
         <name>EUSCIA3_IRQHandler</name>
         <value>0x8eb</value>
      </symbol>
      <symbol id="sm-1cf">
         <name>EUSCIB0_IRQHandler</name>
         <value>0x8eb</value>
      </symbol>
      <symbol id="sm-1d0">
         <name>EUSCIB1_IRQHandler</name>
         <value>0x8eb</value>
      </symbol>
      <symbol id="sm-1d1">
         <name>EUSCIB2_IRQHandler</name>
         <value>0x8eb</value>
      </symbol>
      <symbol id="sm-1d2">
         <name>EUSCIB3_IRQHandler</name>
         <value>0x8eb</value>
      </symbol>
      <symbol id="sm-1d3">
         <name>ADC14_IRQHandler</name>
         <value>0x8eb</value>
      </symbol>
      <symbol id="sm-1d4">
         <name>T32_INT1_IRQHandler</name>
         <value>0x8eb</value>
      </symbol>
      <symbol id="sm-1d5">
         <name>T32_INT2_IRQHandler</name>
         <value>0x8eb</value>
      </symbol>
      <symbol id="sm-1d6">
         <name>T32_INTC_IRQHandler</name>
         <value>0x8eb</value>
      </symbol>
      <symbol id="sm-1d7">
         <name>AES256_IRQHandler</name>
         <value>0x8eb</value>
      </symbol>
      <symbol id="sm-1d8">
         <name>RTC_C_IRQHandler</name>
         <value>0x8eb</value>
      </symbol>
      <symbol id="sm-1d9">
         <name>DMA_ERR_IRQHandler</name>
         <value>0x8eb</value>
      </symbol>
      <symbol id="sm-1da">
         <name>DMA_INT3_IRQHandler</name>
         <value>0x8eb</value>
      </symbol>
      <symbol id="sm-1db">
         <name>DMA_INT2_IRQHandler</name>
         <value>0x8eb</value>
      </symbol>
      <symbol id="sm-1dc">
         <name>DMA_INT1_IRQHandler</name>
         <value>0x8eb</value>
      </symbol>
      <symbol id="sm-1dd">
         <name>DMA_INT0_IRQHandler</name>
         <value>0x8eb</value>
      </symbol>
      <symbol id="sm-1de">
         <name>PORT1_IRQHandler</name>
         <value>0x8eb</value>
      </symbol>
      <symbol id="sm-1df">
         <name>PORT2_IRQHandler</name>
         <value>0x8eb</value>
      </symbol>
      <symbol id="sm-1e0">
         <name>PORT3_IRQHandler</name>
         <value>0x8eb</value>
      </symbol>
      <symbol id="sm-1e1">
         <name>PORT4_IRQHandler</name>
         <value>0x8eb</value>
      </symbol>
      <symbol id="sm-1e2">
         <name>PORT5_IRQHandler</name>
         <value>0x8eb</value>
      </symbol>
      <symbol id="sm-1e3">
         <name>PORT6_IRQHandler</name>
         <value>0x8eb</value>
      </symbol>
   </symbol_table>
   <title>Link successful</title>
</link_info>
