<?xml version="1.0" encoding="ISO-8859-1" ?>
<link_info>
   <banner>TI ARM Linker Unix v18.1.1.LTS</banner>
   <copyright>Copyright (c) 1996-2017 Texas Instruments Incorporated</copyright>
   <link_time>0x5ae9e62b</link_time>
   <link_errors>0x0</link_errors>
   <output_file>A5.out</output_file>
   <entry_point>
      <name>_c_int00_noargs</name>
      <address>0x755</address>
   </entry_point>
   <input_file_list>
      <input_file id="fl-1">
         <path>./</path>
         <kind>object</kind>
         <file>main.obj</file>
         <name>main.obj</name>
      </input_file>
      <input_file id="fl-2">
         <path>./</path>
         <kind>object</kind>
         <file>set_DCO.obj</file>
         <name>set_DCO.obj</name>
      </input_file>
      <input_file id="fl-3">
         <path>./</path>
         <kind>object</kind>
         <file>startup_msp432p401r_ccs.obj</file>
         <name>startup_msp432p401r_ccs.obj</name>
      </input_file>
      <input_file id="fl-4">
         <path>./</path>
         <kind>object</kind>
         <file>system_msp432p401r.obj</file>
         <name>system_msp432p401r.obj</name>
      </input_file>
      <input_file id="fl-5">
         <path>./</path>
         <kind>object</kind>
         <file>timer.obj</file>
         <name>timer.obj</name>
      </input_file>
      <input_file id="fl-9">
         <kind>object</kind>
         <file>&lt;internal&gt;</file>
         <name>&lt;internal&gt;</name>
      </input_file>
      <input_file id="fl-bf">
         <path>/Applications/ti/ccsv8/tools/compiler/ti-cgt-arm_18.1.1.LTS/lib/</path>
         <kind>archive</kind>
         <file>rtsv7M4_T_le_v4SPD16_eabi.lib</file>
         <name>copy_zero_init.c.obj</name>
      </input_file>
      <input_file id="fl-c0">
         <path>/Applications/ti/ccsv8/tools/compiler/ti-cgt-arm_18.1.1.LTS/lib/</path>
         <kind>archive</kind>
         <file>rtsv7M4_T_le_v4SPD16_eabi.lib</file>
         <name>copy_decompress_none.c.obj</name>
      </input_file>
      <input_file id="fl-c1">
         <path>/Applications/ti/ccsv8/tools/compiler/ti-cgt-arm_18.1.1.LTS/lib/</path>
         <kind>archive</kind>
         <file>rtsv7M4_T_le_v4SPD16_eabi.lib</file>
         <name>copy_decompress_lzss.c.obj</name>
      </input_file>
      <input_file id="fl-c2">
         <path>/Applications/ti/ccsv8/tools/compiler/ti-cgt-arm_18.1.1.LTS/lib/</path>
         <kind>archive</kind>
         <file>rtsv7M4_T_le_v4SPD16_eabi.lib</file>
         <name>boot_cortex_m.c.obj</name>
      </input_file>
      <input_file id="fl-c3">
         <path>/Applications/ti/ccsv8/tools/compiler/ti-cgt-arm_18.1.1.LTS/lib/</path>
         <kind>archive</kind>
         <file>rtsv7M4_T_le_v4SPD16_eabi.lib</file>
         <name>exit.c.obj</name>
      </input_file>
      <input_file id="fl-c4">
         <path>/Applications/ti/ccsv8/tools/compiler/ti-cgt-arm_18.1.1.LTS/lib/</path>
         <kind>archive</kind>
         <file>rtsv7M4_T_le_v4SPD16_eabi.lib</file>
         <name>_lock.c.obj</name>
      </input_file>
      <input_file id="fl-c5">
         <path>/Applications/ti/ccsv8/tools/compiler/ti-cgt-arm_18.1.1.LTS/lib/</path>
         <kind>archive</kind>
         <file>rtsv7M4_T_le_v4SPD16_eabi.lib</file>
         <name>args_main.c.obj</name>
      </input_file>
      <input_file id="fl-c6">
         <path>/Applications/ti/ccsv8/tools/compiler/ti-cgt-arm_18.1.1.LTS/lib/</path>
         <kind>archive</kind>
         <file>rtsv7M4_T_le_v4SPD16_eabi.lib</file>
         <name>memcpy_t2.asm.obj</name>
      </input_file>
      <input_file id="fl-c7">
         <path>/Applications/ti/ccsv8/tools/compiler/ti-cgt-arm_18.1.1.LTS/lib/</path>
         <kind>archive</kind>
         <file>rtsv7M4_T_le_v4SPD16_eabi.lib</file>
         <name>memset_t2.asm.obj</name>
      </input_file>
      <input_file id="fl-c8">
         <path>/Applications/ti/ccsv8/tools/compiler/ti-cgt-arm_18.1.1.LTS/lib/</path>
         <kind>archive</kind>
         <file>rtsv7M4_T_le_v4SPD16_eabi.lib</file>
         <name>autoinit.c.obj</name>
      </input_file>
      <input_file id="fl-c9">
         <path>/Applications/ti/ccsv8/tools/compiler/ti-cgt-arm_18.1.1.LTS/lib/</path>
         <kind>archive</kind>
         <file>rtsv7M4_T_le_v4SPD16_eabi.lib</file>
         <name>pre_init.c.obj</name>
      </input_file>
      <input_file id="fl-ca">
         <path>/Applications/ti/ccsv8/tools/compiler/ti-cgt-arm_18.1.1.LTS/lib/</path>
         <kind>archive</kind>
         <file>rtsv7M4_T_le_v4SPD16_eabi.lib</file>
         <name>cpy_tbl.c.obj</name>
      </input_file>
   </input_file_list>
   <object_component_list>
      <object_component id="oc-23">
         <name>.intvecs:retain</name>
         <load_address>0x0</load_address>
         <run_address>0x0</run_address>
         <size>0xe4</size>
         <input_file_ref idref="fl-3"/>
      </object_component>
      <object_component id="oc-a2">
         <name>.text</name>
         <load_address>0xe4</load_address>
         <run_address>0xe4</run_address>
         <size>0x334</size>
         <input_file_ref idref="fl-4"/>
      </object_component>
      <object_component id="oc-a9">
         <name>.text</name>
         <load_address>0x418</load_address>
         <run_address>0x418</run_address>
         <size>0x10c</size>
         <input_file_ref idref="fl-2"/>
      </object_component>
      <object_component id="oc-6a">
         <name>.text</name>
         <load_address>0x524</load_address>
         <run_address>0x524</run_address>
         <size>0xe8</size>
         <input_file_ref idref="fl-1"/>
      </object_component>
      <object_component id="oc-34">
         <name>.text</name>
         <load_address>0x60c</load_address>
         <run_address>0x60c</run_address>
         <size>0x9c</size>
         <input_file_ref idref="fl-c6"/>
      </object_component>
      <object_component id="oc-14">
         <name>.text:decompress:lzss:__TI_decompress_lzss</name>
         <load_address>0x6a8</load_address>
         <run_address>0x6a8</run_address>
         <size>0x68</size>
         <input_file_ref idref="fl-c1"/>
      </object_component>
      <object_component id="oc-d6">
         <name>.text:__TI_auto_init_nobinit_nopinit:__TI_auto_init_nobinit_nopinit</name>
         <load_address>0x710</load_address>
         <run_address>0x710</run_address>
         <size>0x44</size>
         <input_file_ref idref="fl-c8"/>
      </object_component>
      <object_component id="oc-52">
         <name>.text:_c_int00_noargs:_c_int00_noargs</name>
         <load_address>0x754</load_address>
         <run_address>0x754</run_address>
         <size>0x38</size>
         <input_file_ref idref="fl-c2"/>
      </object_component>
      <object_component id="oc-1a">
         <name>.text:decompress:none:__TI_decompress_none</name>
         <load_address>0x78c</load_address>
         <run_address>0x78c</run_address>
         <size>0xe</size>
         <input_file_ref idref="fl-c0"/>
      </object_component>
      <object_component id="oc-64">
         <name>.text</name>
         <load_address>0x79a</load_address>
         <run_address>0x79a</run_address>
         <size>0xe</size>
         <input_file_ref idref="fl-3"/>
      </object_component>
      <object_component id="oc-90">
         <name>.text:_system_pre_init</name>
         <load_address>0x7a8</load_address>
         <run_address>0x7a8</run_address>
         <size>0x4</size>
         <input_file_ref idref="fl-c9"/>
      </object_component>
      <object_component id="oc-ca">
         <name>.text:abort:abort</name>
         <load_address>0x7ac</load_address>
         <run_address>0x7ac</run_address>
         <size>0x4</size>
         <input_file_ref idref="fl-c3"/>
      </object_component>
      <object_component id="oc-1a7">
         <name>.cinit..data.load</name>
         <load_address>0x7b0</load_address>
         <run_address>0x7b0</run_address>
         <size>0xb</size>
      </object_component>
      <object_component id="oc-1a5">
         <name>__TI_handler_table</name>
         <load_address>0x7bc</load_address>
         <run_address>0x7bc</run_address>
         <size>0x8</size>
      </object_component>
      <object_component id="oc-1a6">
         <name>__TI_cinit_table</name>
         <load_address>0x7c4</load_address>
         <run_address>0x7c4</run_address>
         <size>0x8</size>
      </object_component>
      <object_component id="oc-17a">
         <name>.binit</name>
         <load_address>0x0</load_address>
         <run_address>0x0</run_address>
         <size>0x0</size>
      </object_component>
      <object_component id="oc-af">
         <name>.data</name>
         <load_address>0x20000000</load_address>
         <run_address>0x20000000</run_address>
         <size>0x4</size>
         <input_file_ref idref="fl-1"/>
      </object_component>
      <object_component id="oc-108">
         <name>.data</name>
         <load_address>0x20000004</load_address>
         <run_address>0x20000004</run_address>
         <size>0x4</size>
         <input_file_ref idref="fl-4"/>
      </object_component>
      <object_component id="oc-26">
         <name>.stack</name>
         <uninitialized>true</uninitialized>
         <run_address>0x2000fe00</run_address>
         <size>0x4</size>
         <input_file_ref idref="fl-c2"/>
      </object_component>
      <object_component id="oc-1a8">
         <name>.stack</name>
         <uninitialized>true</uninitialized>
         <run_address>0x2000fe00</run_address>
         <size>0x0</size>
      </object_component>
      <object_component id="oc-119">
         <name>.debug_info</name>
         <load_address>0x0</load_address>
         <run_address>0x0</run_address>
         <size>0x541</size>
         <input_file_ref idref="fl-1"/>
      </object_component>
      <object_component id="oc-b0">
         <name>.debug_info</name>
         <load_address>0x541</load_address>
         <run_address>0x541</run_address>
         <size>0xb8</size>
         <input_file_ref idref="fl-1"/>
      </object_component>
      <object_component id="oc-6b">
         <name>.debug_info</name>
         <load_address>0x5f9</load_address>
         <run_address>0x5f9</run_address>
         <size>0x143</size>
         <input_file_ref idref="fl-1"/>
      </object_component>
      <object_component id="oc-13e">
         <name>.debug_info</name>
         <load_address>0x73c</load_address>
         <run_address>0x73c</run_address>
         <size>0x37e2</size>
         <input_file_ref idref="fl-1"/>
      </object_component>
      <object_component id="oc-143">
         <name>.debug_info</name>
         <load_address>0x3f1e</load_address>
         <run_address>0x3f1e</run_address>
         <size>0x1055</size>
         <input_file_ref idref="fl-1"/>
      </object_component>
      <object_component id="oc-b5">
         <name>.debug_info</name>
         <load_address>0x4f73</load_address>
         <run_address>0x4f73</run_address>
         <size>0x26b</size>
         <input_file_ref idref="fl-1"/>
      </object_component>
      <object_component id="oc-2f">
         <name>.debug_info</name>
         <load_address>0x51de</load_address>
         <run_address>0x51de</run_address>
         <size>0x84</size>
         <input_file_ref idref="fl-1"/>
      </object_component>
      <object_component id="oc-114">
         <name>.debug_info</name>
         <load_address>0x5262</load_address>
         <run_address>0x5262</run_address>
         <size>0x297</size>
         <input_file_ref idref="fl-1"/>
      </object_component>
      <object_component id="oc-10c">
         <name>.debug_info</name>
         <load_address>0x54f9</load_address>
         <run_address>0x54f9</run_address>
         <size>0xbb</size>
         <input_file_ref idref="fl-1"/>
      </object_component>
      <object_component id="oc-aa">
         <name>.debug_info</name>
         <load_address>0x55b4</load_address>
         <run_address>0x55b4</run_address>
         <size>0x11e</size>
         <input_file_ref idref="fl-2"/>
      </object_component>
      <object_component id="oc-72">
         <name>.debug_info</name>
         <load_address>0x56d2</load_address>
         <run_address>0x56d2</run_address>
         <size>0x2bd</size>
         <input_file_ref idref="fl-3"/>
      </object_component>
      <object_component id="oc-24">
         <name>.debug_info</name>
         <load_address>0x598f</load_address>
         <run_address>0x598f</run_address>
         <size>0xe9</size>
         <input_file_ref idref="fl-3"/>
      </object_component>
      <object_component id="oc-65">
         <name>.debug_info</name>
         <load_address>0x5a78</load_address>
         <run_address>0x5a78</run_address>
         <size>0x1b0</size>
         <input_file_ref idref="fl-3"/>
      </object_component>
      <object_component id="oc-109">
         <name>.debug_info</name>
         <load_address>0x5c28</load_address>
         <run_address>0x5c28</run_address>
         <size>0xe2</size>
         <input_file_ref idref="fl-4"/>
      </object_component>
      <object_component id="oc-a3">
         <name>.debug_info</name>
         <load_address>0x5d0a</load_address>
         <run_address>0x5d0a</run_address>
         <size>0x254</size>
         <input_file_ref idref="fl-4"/>
      </object_component>
      <object_component id="oc-3f">
         <name>.debug_info</name>
         <load_address>0x5f5e</load_address>
         <run_address>0x5f5e</run_address>
         <size>0x29d</size>
         <input_file_ref idref="fl-c0"/>
      </object_component>
      <object_component id="oc-1b">
         <name>.debug_info</name>
         <load_address>0x61fb</load_address>
         <run_address>0x61fb</run_address>
         <size>0x1df</size>
         <input_file_ref idref="fl-c0"/>
      </object_component>
      <object_component id="oc-3a">
         <name>.debug_info</name>
         <load_address>0x63da</load_address>
         <run_address>0x63da</run_address>
         <size>0x46</size>
         <input_file_ref idref="fl-c0"/>
      </object_component>
      <object_component id="oc-7c">
         <name>.debug_info</name>
         <load_address>0x6420</load_address>
         <run_address>0x6420</run_address>
         <size>0x2c</size>
         <input_file_ref idref="fl-c0"/>
      </object_component>
      <object_component id="oc-7a">
         <name>.debug_info</name>
         <load_address>0x644c</load_address>
         <run_address>0x644c</run_address>
         <size>0x293</size>
         <input_file_ref idref="fl-c1"/>
      </object_component>
      <object_component id="oc-15">
         <name>.debug_info</name>
         <load_address>0x66df</load_address>
         <run_address>0x66df</run_address>
         <size>0x245</size>
         <input_file_ref idref="fl-c1"/>
      </object_component>
      <object_component id="oc-2a">
         <name>.debug_info</name>
         <load_address>0x6924</load_address>
         <run_address>0x6924</run_address>
         <size>0x60</size>
         <input_file_ref idref="fl-c1"/>
      </object_component>
      <object_component id="oc-ba">
         <name>.debug_info</name>
         <load_address>0x6984</load_address>
         <run_address>0x6984</run_address>
         <size>0x46</size>
         <input_file_ref idref="fl-c1"/>
      </object_component>
      <object_component id="oc-75">
         <name>.debug_info</name>
         <load_address>0x69ca</load_address>
         <run_address>0x69ca</run_address>
         <size>0x39</size>
         <input_file_ref idref="fl-c1"/>
      </object_component>
      <object_component id="oc-27">
         <name>.debug_info</name>
         <load_address>0x6a03</load_address>
         <run_address>0x6a03</run_address>
         <size>0x100</size>
         <input_file_ref idref="fl-c2"/>
      </object_component>
      <object_component id="oc-53">
         <name>.debug_info</name>
         <load_address>0x6b03</load_address>
         <run_address>0x6b03</run_address>
         <size>0x1a4</size>
         <input_file_ref idref="fl-c2"/>
      </object_component>
      <object_component id="oc-cb">
         <name>.debug_info</name>
         <load_address>0x6ca7</load_address>
         <run_address>0x6ca7</run_address>
         <size>0x117</size>
         <input_file_ref idref="fl-c3"/>
      </object_component>
      <object_component id="oc-35">
         <name>.debug_info</name>
         <load_address>0x6dbe</load_address>
         <run_address>0x6dbe</run_address>
         <size>0x111</size>
         <input_file_ref idref="fl-c6"/>
      </object_component>
      <object_component id="oc-125">
         <name>.debug_info</name>
         <load_address>0x6ecf</load_address>
         <run_address>0x6ecf</run_address>
         <size>0x547</size>
         <input_file_ref idref="fl-c8"/>
      </object_component>
      <object_component id="oc-d7">
         <name>.debug_info</name>
         <load_address>0x7416</load_address>
         <run_address>0x7416</run_address>
         <size>0x19b</size>
         <input_file_ref idref="fl-c8"/>
      </object_component>
      <object_component id="oc-158">
         <name>.debug_info</name>
         <load_address>0x75b1</load_address>
         <run_address>0x75b1</run_address>
         <size>0x39</size>
         <input_file_ref idref="fl-c8"/>
      </object_component>
      <object_component id="oc-16c">
         <name>.debug_info</name>
         <load_address>0x75ea</load_address>
         <run_address>0x75ea</run_address>
         <size>0x39</size>
         <input_file_ref idref="fl-c8"/>
      </object_component>
      <object_component id="oc-15d">
         <name>.debug_info</name>
         <load_address>0x7623</load_address>
         <run_address>0x7623</run_address>
         <size>0x39</size>
         <input_file_ref idref="fl-c8"/>
      </object_component>
      <object_component id="oc-162">
         <name>.debug_info</name>
         <load_address>0x765c</load_address>
         <run_address>0x765c</run_address>
         <size>0xcd</size>
         <input_file_ref idref="fl-c8"/>
      </object_component>
      <object_component id="oc-91">
         <name>.debug_info</name>
         <load_address>0x7729</load_address>
         <run_address>0x7729</run_address>
         <size>0x148</size>
         <input_file_ref idref="fl-c9"/>
      </object_component>
      <object_component id="oc-1a9">
         <name>.debug_info</name>
         <load_address>0x7871</load_address>
         <run_address>0x7871</run_address>
         <size>0x98</size>
      </object_component>
      <object_component id="oc-13d">
         <name>.debug_line</name>
         <load_address>0x0</load_address>
         <run_address>0x0</run_address>
         <size>0x30</size>
         <input_file_ref idref="fl-1"/>
      </object_component>
      <object_component id="oc-113">
         <name>.debug_line</name>
         <load_address>0x30</load_address>
         <run_address>0x30</run_address>
         <size>0x2d</size>
         <input_file_ref idref="fl-1"/>
      </object_component>
      <object_component id="oc-6e">
         <name>.debug_line</name>
         <load_address>0x5d</load_address>
         <run_address>0x5d</run_address>
         <size>0x76</size>
         <input_file_ref idref="fl-1"/>
      </object_component>
      <object_component id="oc-141">
         <name>.debug_line</name>
         <load_address>0xd3</load_address>
         <run_address>0xd3</run_address>
         <size>0x5d</size>
         <input_file_ref idref="fl-1"/>
      </object_component>
      <object_component id="oc-146">
         <name>.debug_line</name>
         <load_address>0x130</load_address>
         <run_address>0x130</run_address>
         <size>0x60</size>
         <input_file_ref idref="fl-1"/>
      </object_component>
      <object_component id="oc-b8">
         <name>.debug_line</name>
         <load_address>0x190</load_address>
         <run_address>0x190</run_address>
         <size>0x74</size>
         <input_file_ref idref="fl-1"/>
      </object_component>
      <object_component id="oc-32">
         <name>.debug_line</name>
         <load_address>0x204</load_address>
         <run_address>0x204</run_address>
         <size>0x20</size>
         <input_file_ref idref="fl-1"/>
      </object_component>
      <object_component id="oc-117">
         <name>.debug_line</name>
         <load_address>0x224</load_address>
         <run_address>0x224</run_address>
         <size>0x78</size>
         <input_file_ref idref="fl-1"/>
      </object_component>
      <object_component id="oc-10f">
         <name>.debug_line</name>
         <load_address>0x29c</load_address>
         <run_address>0x29c</run_address>
         <size>0x75</size>
         <input_file_ref idref="fl-1"/>
      </object_component>
      <object_component id="oc-ad">
         <name>.debug_line</name>
         <load_address>0x311</load_address>
         <run_address>0x311</run_address>
         <size>0x78</size>
         <input_file_ref idref="fl-2"/>
      </object_component>
      <object_component id="oc-b4">
         <name>.debug_line</name>
         <load_address>0x389</load_address>
         <run_address>0x389</run_address>
         <size>0x40</size>
         <input_file_ref idref="fl-3"/>
      </object_component>
      <object_component id="oc-71">
         <name>.debug_line</name>
         <load_address>0x3c9</load_address>
         <run_address>0x3c9</run_address>
         <size>0x40</size>
         <input_file_ref idref="fl-3"/>
      </object_component>
      <object_component id="oc-68">
         <name>.debug_line</name>
         <load_address>0x409</load_address>
         <run_address>0x409</run_address>
         <size>0x71</size>
         <input_file_ref idref="fl-3"/>
      </object_component>
      <object_component id="oc-13b">
         <name>.debug_line</name>
         <load_address>0x47a</load_address>
         <run_address>0x47a</run_address>
         <size>0x3b</size>
         <input_file_ref idref="fl-4"/>
      </object_component>
      <object_component id="oc-a6">
         <name>.debug_line</name>
         <load_address>0x4b5</load_address>
         <run_address>0x4b5</run_address>
         <size>0x159</size>
         <input_file_ref idref="fl-4"/>
      </object_component>
      <object_component id="oc-82">
         <name>.debug_line</name>
         <load_address>0x60e</load_address>
         <run_address>0x60e</run_address>
         <size>0x20</size>
         <input_file_ref idref="fl-c0"/>
      </object_component>
      <object_component id="oc-1e">
         <name>.debug_line</name>
         <load_address>0x62e</load_address>
         <run_address>0x62e</run_address>
         <size>0x55</size>
         <input_file_ref idref="fl-c0"/>
      </object_component>
      <object_component id="oc-3d">
         <name>.debug_line</name>
         <load_address>0x683</load_address>
         <run_address>0x683</run_address>
         <size>0x3a</size>
         <input_file_ref idref="fl-c0"/>
      </object_component>
      <object_component id="oc-7f">
         <name>.debug_line</name>
         <load_address>0x6bd</load_address>
         <run_address>0x6bd</run_address>
         <size>0x8a</size>
         <input_file_ref idref="fl-c0"/>
      </object_component>
      <object_component id="oc-c0">
         <name>.debug_line</name>
         <load_address>0x747</load_address>
         <run_address>0x747</run_address>
         <size>0x20</size>
         <input_file_ref idref="fl-c1"/>
      </object_component>
      <object_component id="oc-18">
         <name>.debug_line</name>
         <load_address>0x767</load_address>
         <run_address>0x767</run_address>
         <size>0xa9</size>
         <input_file_ref idref="fl-c1"/>
      </object_component>
      <object_component id="oc-2d">
         <name>.debug_line</name>
         <load_address>0x810</load_address>
         <run_address>0x810</run_address>
         <size>0x3a</size>
         <input_file_ref idref="fl-c1"/>
      </object_component>
      <object_component id="oc-bd">
         <name>.debug_line</name>
         <load_address>0x84a</load_address>
         <run_address>0x84a</run_address>
         <size>0x92</size>
         <input_file_ref idref="fl-c1"/>
      </object_component>
      <object_component id="oc-78">
         <name>.debug_line</name>
         <load_address>0x8dc</load_address>
         <run_address>0x8dc</run_address>
         <size>0x8e</size>
         <input_file_ref idref="fl-c1"/>
      </object_component>
      <object_component id="oc-74">
         <name>.debug_line</name>
         <load_address>0x96a</load_address>
         <run_address>0x96a</run_address>
         <size>0x33</size>
         <input_file_ref idref="fl-c2"/>
      </object_component>
      <object_component id="oc-56">
         <name>.debug_line</name>
         <load_address>0x99d</load_address>
         <run_address>0x99d</run_address>
         <size>0x56</size>
         <input_file_ref idref="fl-c2"/>
      </object_component>
      <object_component id="oc-ce">
         <name>.debug_line</name>
         <load_address>0x9f3</load_address>
         <run_address>0x9f3</run_address>
         <size>0x3c</size>
         <input_file_ref idref="fl-c3"/>
      </object_component>
      <object_component id="oc-38">
         <name>.debug_line</name>
         <load_address>0xa2f</load_address>
         <run_address>0xa2f</run_address>
         <size>0x88</size>
         <input_file_ref idref="fl-c6"/>
      </object_component>
      <object_component id="oc-157">
         <name>.debug_line</name>
         <load_address>0xab7</load_address>
         <run_address>0xab7</run_address>
         <size>0xb7</size>
         <input_file_ref idref="fl-c8"/>
      </object_component>
      <object_component id="oc-da">
         <name>.debug_line</name>
         <load_address>0xb6e</load_address>
         <run_address>0xb6e</run_address>
         <size>0x6c</size>
         <input_file_ref idref="fl-c8"/>
      </object_component>
      <object_component id="oc-15b">
         <name>.debug_line</name>
         <load_address>0xbda</load_address>
         <run_address>0xbda</run_address>
         <size>0x2e</size>
         <input_file_ref idref="fl-c8"/>
      </object_component>
      <object_component id="oc-16f">
         <name>.debug_line</name>
         <load_address>0xc08</load_address>
         <run_address>0xc08</run_address>
         <size>0x92</size>
         <input_file_ref idref="fl-c8"/>
      </object_component>
      <object_component id="oc-160">
         <name>.debug_line</name>
         <load_address>0xc9a</load_address>
         <run_address>0xc9a</run_address>
         <size>0x8f</size>
         <input_file_ref idref="fl-c8"/>
      </object_component>
      <object_component id="oc-165">
         <name>.debug_line</name>
         <load_address>0xd29</load_address>
         <run_address>0xd29</run_address>
         <size>0x8b</size>
         <input_file_ref idref="fl-c8"/>
      </object_component>
      <object_component id="oc-94">
         <name>.debug_line</name>
         <load_address>0xdb4</load_address>
         <run_address>0xdb4</run_address>
         <size>0x40</size>
         <input_file_ref idref="fl-c9"/>
      </object_component>
      <object_component id="oc-6f">
         <name>.debug_frame</name>
         <load_address>0x0</load_address>
         <run_address>0x0</run_address>
         <size>0x70</size>
         <input_file_ref idref="fl-1"/>
      </object_component>
      <object_component id="oc-ae">
         <name>.debug_frame</name>
         <load_address>0x70</load_address>
         <run_address>0x70</run_address>
         <size>0x58</size>
         <input_file_ref idref="fl-2"/>
      </object_component>
      <object_component id="oc-69">
         <name>.debug_frame</name>
         <load_address>0xc8</load_address>
         <run_address>0xc8</run_address>
         <size>0x6c</size>
         <input_file_ref idref="fl-3"/>
      </object_component>
      <object_component id="oc-a7">
         <name>.debug_frame</name>
         <load_address>0x134</load_address>
         <run_address>0x134</run_address>
         <size>0x70</size>
         <input_file_ref idref="fl-4"/>
      </object_component>
      <object_component id="oc-1f">
         <name>.debug_frame</name>
         <load_address>0x1a4</load_address>
         <run_address>0x1a4</run_address>
         <size>0x54</size>
         <input_file_ref idref="fl-c0"/>
      </object_component>
      <object_component id="oc-19">
         <name>.debug_frame</name>
         <load_address>0x1f8</load_address>
         <run_address>0x1f8</run_address>
         <size>0x60</size>
         <input_file_ref idref="fl-c1"/>
      </object_component>
      <object_component id="oc-57">
         <name>.debug_frame</name>
         <load_address>0x258</load_address>
         <run_address>0x258</run_address>
         <size>0x58</size>
         <input_file_ref idref="fl-c2"/>
      </object_component>
      <object_component id="oc-cf">
         <name>.debug_frame</name>
         <load_address>0x2b0</load_address>
         <run_address>0x2b0</run_address>
         <size>0x54</size>
         <input_file_ref idref="fl-c3"/>
      </object_component>
      <object_component id="oc-db">
         <name>.debug_frame</name>
         <load_address>0x304</load_address>
         <run_address>0x304</run_address>
         <size>0x5c</size>
         <input_file_ref idref="fl-c8"/>
      </object_component>
      <object_component id="oc-95">
         <name>.debug_frame</name>
         <load_address>0x360</load_address>
         <run_address>0x360</run_address>
         <size>0x54</size>
         <input_file_ref idref="fl-c9"/>
      </object_component>
      <object_component id="oc-13c">
         <name>.debug_abbrev</name>
         <load_address>0x0</load_address>
         <run_address>0x0</run_address>
         <size>0x90</size>
         <input_file_ref idref="fl-1"/>
      </object_component>
      <object_component id="oc-112">
         <name>.debug_abbrev</name>
         <load_address>0x90</load_address>
         <run_address>0x90</run_address>
         <size>0x29</size>
         <input_file_ref idref="fl-1"/>
      </object_component>
      <object_component id="oc-b2">
         <name>.debug_abbrev</name>
         <load_address>0xb9</load_address>
         <run_address>0xb9</run_address>
         <size>0x5e</size>
         <input_file_ref idref="fl-1"/>
      </object_component>
      <object_component id="oc-140">
         <name>.debug_abbrev</name>
         <load_address>0x117</load_address>
         <run_address>0x117</run_address>
         <size>0xbd</size>
         <input_file_ref idref="fl-1"/>
      </object_component>
      <object_component id="oc-145">
         <name>.debug_abbrev</name>
         <load_address>0x1d4</load_address>
         <run_address>0x1d4</run_address>
         <size>0x97</size>
         <input_file_ref idref="fl-1"/>
      </object_component>
      <object_component id="oc-b7">
         <name>.debug_abbrev</name>
         <load_address>0x26b</load_address>
         <run_address>0x26b</run_address>
         <size>0x69</size>
         <input_file_ref idref="fl-1"/>
      </object_component>
      <object_component id="oc-31">
         <name>.debug_abbrev</name>
         <load_address>0x2d4</load_address>
         <run_address>0x2d4</run_address>
         <size>0x1f</size>
         <input_file_ref idref="fl-1"/>
      </object_component>
      <object_component id="oc-116">
         <name>.debug_abbrev</name>
         <load_address>0x2f3</load_address>
         <run_address>0x2f3</run_address>
         <size>0x5c</size>
         <input_file_ref idref="fl-1"/>
      </object_component>
      <object_component id="oc-10e">
         <name>.debug_abbrev</name>
         <load_address>0x34f</load_address>
         <run_address>0x34f</run_address>
         <size>0x24</size>
         <input_file_ref idref="fl-1"/>
      </object_component>
      <object_component id="oc-111">
         <name>.debug_abbrev</name>
         <load_address>0x373</load_address>
         <run_address>0x373</run_address>
         <size>0x6e</size>
         <input_file_ref idref="fl-2"/>
      </object_component>
      <object_component id="oc-b3">
         <name>.debug_abbrev</name>
         <load_address>0x3e1</load_address>
         <run_address>0x3e1</run_address>
         <size>0x7c</size>
         <input_file_ref idref="fl-3"/>
      </object_component>
      <object_component id="oc-70">
         <name>.debug_abbrev</name>
         <load_address>0x45d</load_address>
         <run_address>0x45d</run_address>
         <size>0x29</size>
         <input_file_ref idref="fl-3"/>
      </object_component>
      <object_component id="oc-a8">
         <name>.debug_abbrev</name>
         <load_address>0x486</load_address>
         <run_address>0x486</run_address>
         <size>0x89</size>
         <input_file_ref idref="fl-3"/>
      </object_component>
      <object_component id="oc-13a">
         <name>.debug_abbrev</name>
         <load_address>0x50f</load_address>
         <run_address>0x50f</run_address>
         <size>0x29</size>
         <input_file_ref idref="fl-4"/>
      </object_component>
      <object_component id="oc-10b">
         <name>.debug_abbrev</name>
         <load_address>0x538</load_address>
         <run_address>0x538</run_address>
         <size>0x8b</size>
         <input_file_ref idref="fl-4"/>
      </object_component>
      <object_component id="oc-81">
         <name>.debug_abbrev</name>
         <load_address>0x5c3</load_address>
         <run_address>0x5c3</run_address>
         <size>0x37</size>
         <input_file_ref idref="fl-c0"/>
      </object_component>
      <object_component id="oc-39">
         <name>.debug_abbrev</name>
         <load_address>0x5fa</load_address>
         <run_address>0x5fa</run_address>
         <size>0x74</size>
         <input_file_ref idref="fl-c0"/>
      </object_component>
      <object_component id="oc-3c">
         <name>.debug_abbrev</name>
         <load_address>0x66e</load_address>
         <run_address>0x66e</run_address>
         <size>0x24</size>
         <input_file_ref idref="fl-c0"/>
      </object_component>
      <object_component id="oc-7e">
         <name>.debug_abbrev</name>
         <load_address>0x692</load_address>
         <run_address>0x692</run_address>
         <size>0x24</size>
         <input_file_ref idref="fl-c0"/>
      </object_component>
      <object_component id="oc-bf">
         <name>.debug_abbrev</name>
         <load_address>0x6b6</load_address>
         <run_address>0x6b6</run_address>
         <size>0x37</size>
         <input_file_ref idref="fl-c1"/>
      </object_component>
      <object_component id="oc-29">
         <name>.debug_abbrev</name>
         <load_address>0x6ed</load_address>
         <run_address>0x6ed</run_address>
         <size>0x6f</size>
         <input_file_ref idref="fl-c1"/>
      </object_component>
      <object_component id="oc-2c">
         <name>.debug_abbrev</name>
         <load_address>0x75c</load_address>
         <run_address>0x75c</run_address>
         <size>0x24</size>
         <input_file_ref idref="fl-c1"/>
      </object_component>
      <object_component id="oc-bc">
         <name>.debug_abbrev</name>
         <load_address>0x780</load_address>
         <run_address>0x780</run_address>
         <size>0x35</size>
         <input_file_ref idref="fl-c1"/>
      </object_component>
      <object_component id="oc-77">
         <name>.debug_abbrev</name>
         <load_address>0x7b5</load_address>
         <run_address>0x7b5</run_address>
         <size>0x24</size>
         <input_file_ref idref="fl-c1"/>
      </object_component>
      <object_component id="oc-73">
         <name>.debug_abbrev</name>
         <load_address>0x7d9</load_address>
         <run_address>0x7d9</run_address>
         <size>0x29</size>
         <input_file_ref idref="fl-c2"/>
      </object_component>
      <object_component id="oc-99">
         <name>.debug_abbrev</name>
         <load_address>0x802</load_address>
         <run_address>0x802</run_address>
         <size>0x61</size>
         <input_file_ref idref="fl-c2"/>
      </object_component>
      <object_component id="oc-11a">
         <name>.debug_abbrev</name>
         <load_address>0x863</load_address>
         <run_address>0x863</run_address>
         <size>0x45</size>
         <input_file_ref idref="fl-c3"/>
      </object_component>
      <object_component id="oc-7b">
         <name>.debug_abbrev</name>
         <load_address>0x8a8</load_address>
         <run_address>0x8a8</run_address>
         <size>0x3e</size>
         <input_file_ref idref="fl-c6"/>
      </object_component>
      <object_component id="oc-156">
         <name>.debug_abbrev</name>
         <load_address>0x8e6</load_address>
         <run_address>0x8e6</run_address>
         <size>0xdb</size>
         <input_file_ref idref="fl-c8"/>
      </object_component>
      <object_component id="oc-124">
         <name>.debug_abbrev</name>
         <load_address>0x9c1</load_address>
         <run_address>0x9c1</run_address>
         <size>0x7e</size>
         <input_file_ref idref="fl-c8"/>
      </object_component>
      <object_component id="oc-15a">
         <name>.debug_abbrev</name>
         <load_address>0xa3f</load_address>
         <run_address>0xa3f</run_address>
         <size>0x24</size>
         <input_file_ref idref="fl-c8"/>
      </object_component>
      <object_component id="oc-16e">
         <name>.debug_abbrev</name>
         <load_address>0xa63</load_address>
         <run_address>0xa63</run_address>
         <size>0x24</size>
         <input_file_ref idref="fl-c8"/>
      </object_component>
      <object_component id="oc-15f">
         <name>.debug_abbrev</name>
         <load_address>0xa87</load_address>
         <run_address>0xa87</run_address>
         <size>0x24</size>
         <input_file_ref idref="fl-c8"/>
      </object_component>
      <object_component id="oc-164">
         <name>.debug_abbrev</name>
         <load_address>0xaab</load_address>
         <run_address>0xaab</run_address>
         <size>0x4b</size>
         <input_file_ref idref="fl-c8"/>
      </object_component>
      <object_component id="oc-c9">
         <name>.debug_abbrev</name>
         <load_address>0xaf6</load_address>
         <run_address>0xaf6</run_address>
         <size>0x55</size>
         <input_file_ref idref="fl-c9"/>
      </object_component>
      <object_component id="oc-1aa">
         <name>.debug_abbrev</name>
         <load_address>0xb4b</load_address>
         <run_address>0xb4b</run_address>
         <size>0xf</size>
      </object_component>
      <object_component id="oc-142">
         <name>.debug_str</name>
         <load_address>0x0</load_address>
         <run_address>0x0</run_address>
         <size>0x15c4</size>
         <input_file_ref idref="fl-1"/>
      </object_component>
      <object_component id="oc-147">
         <name>.debug_str</name>
         <load_address>0x15c4</load_address>
         <run_address>0x15c4</run_address>
         <size>0x480</size>
         <input_file_ref idref="fl-1"/>
      </object_component>
      <object_component id="oc-b9">
         <name>.debug_str</name>
         <load_address>0x1a44</load_address>
         <run_address>0x1a44</run_address>
         <size>0x2ab</size>
         <input_file_ref idref="fl-1"/>
      </object_component>
      <object_component id="oc-33">
         <name>.debug_str</name>
         <load_address>0x1cef</load_address>
         <run_address>0x1cef</run_address>
         <size>0xfc</size>
         <input_file_ref idref="fl-1"/>
      </object_component>
      <object_component id="oc-118">
         <name>.debug_str</name>
         <load_address>0x1deb</load_address>
         <run_address>0x1deb</run_address>
         <size>0x33a</size>
         <input_file_ref idref="fl-1"/>
      </object_component>
      <object_component id="oc-110">
         <name>.debug_str</name>
         <load_address>0x2125</load_address>
         <run_address>0x2125</run_address>
         <size>0x143</size>
         <input_file_ref idref="fl-1"/>
      </object_component>
      <object_component id="oc-3e">
         <name>.debug_str</name>
         <load_address>0x2268</load_address>
         <run_address>0x2268</run_address>
         <size>0x100</size>
         <input_file_ref idref="fl-c0"/>
      </object_component>
      <object_component id="oc-80">
         <name>.debug_str</name>
         <load_address>0x2368</load_address>
         <run_address>0x2368</run_address>
         <size>0x12d</size>
         <input_file_ref idref="fl-c0"/>
      </object_component>
      <object_component id="oc-2e">
         <name>.debug_str</name>
         <load_address>0x2495</load_address>
         <run_address>0x2495</run_address>
         <size>0x10d</size>
         <input_file_ref idref="fl-c1"/>
      </object_component>
      <object_component id="oc-be">
         <name>.debug_str</name>
         <load_address>0x25a2</load_address>
         <run_address>0x25a2</run_address>
         <size>0x158</size>
         <input_file_ref idref="fl-c1"/>
      </object_component>
      <object_component id="oc-79">
         <name>.debug_str</name>
         <load_address>0x26fa</load_address>
         <run_address>0x26fa</run_address>
         <size>0x145</size>
         <input_file_ref idref="fl-c1"/>
      </object_component>
      <object_component id="oc-15c">
         <name>.debug_str</name>
         <load_address>0x283f</load_address>
         <run_address>0x283f</run_address>
         <size>0xe2</size>
         <input_file_ref idref="fl-c8"/>
      </object_component>
      <object_component id="oc-170">
         <name>.debug_str</name>
         <load_address>0x2921</load_address>
         <run_address>0x2921</run_address>
         <size>0x144</size>
         <input_file_ref idref="fl-c8"/>
      </object_component>
      <object_component id="oc-161">
         <name>.debug_str</name>
         <load_address>0x2a65</load_address>
         <run_address>0x2a65</run_address>
         <size>0x13d</size>
         <input_file_ref idref="fl-c8"/>
      </object_component>
      <object_component id="oc-166">
         <name>.debug_str</name>
         <load_address>0x2ba2</load_address>
         <run_address>0x2ba2</run_address>
         <size>0x184</size>
         <input_file_ref idref="fl-c8"/>
      </object_component>
      <object_component id="oc-6c">
         <name>.debug_aranges</name>
         <load_address>0x0</load_address>
         <run_address>0x0</run_address>
         <size>0x28</size>
         <input_file_ref idref="fl-1"/>
      </object_component>
      <object_component id="oc-ab">
         <name>.debug_aranges</name>
         <load_address>0x28</load_address>
         <run_address>0x28</run_address>
         <size>0x20</size>
         <input_file_ref idref="fl-2"/>
      </object_component>
      <object_component id="oc-66">
         <name>.debug_aranges</name>
         <load_address>0x48</load_address>
         <run_address>0x48</run_address>
         <size>0x28</size>
         <input_file_ref idref="fl-3"/>
      </object_component>
      <object_component id="oc-a4">
         <name>.debug_aranges</name>
         <load_address>0x70</load_address>
         <run_address>0x70</run_address>
         <size>0x28</size>
         <input_file_ref idref="fl-4"/>
      </object_component>
      <object_component id="oc-1c">
         <name>.debug_aranges</name>
         <load_address>0x98</load_address>
         <run_address>0x98</run_address>
         <size>0x20</size>
         <input_file_ref idref="fl-c0"/>
      </object_component>
      <object_component id="oc-16">
         <name>.debug_aranges</name>
         <load_address>0xb8</load_address>
         <run_address>0xb8</run_address>
         <size>0x20</size>
         <input_file_ref idref="fl-c1"/>
      </object_component>
      <object_component id="oc-54">
         <name>.debug_aranges</name>
         <load_address>0xd8</load_address>
         <run_address>0xd8</run_address>
         <size>0x20</size>
         <input_file_ref idref="fl-c2"/>
      </object_component>
      <object_component id="oc-cc">
         <name>.debug_aranges</name>
         <load_address>0xf8</load_address>
         <run_address>0xf8</run_address>
         <size>0x20</size>
         <input_file_ref idref="fl-c3"/>
      </object_component>
      <object_component id="oc-36">
         <name>.debug_aranges</name>
         <load_address>0x118</load_address>
         <run_address>0x118</run_address>
         <size>0x20</size>
         <input_file_ref idref="fl-c6"/>
      </object_component>
      <object_component id="oc-d8">
         <name>.debug_aranges</name>
         <load_address>0x138</load_address>
         <run_address>0x138</run_address>
         <size>0x20</size>
         <input_file_ref idref="fl-c8"/>
      </object_component>
      <object_component id="oc-92">
         <name>.debug_aranges</name>
         <load_address>0x158</load_address>
         <run_address>0x158</run_address>
         <size>0x20</size>
         <input_file_ref idref="fl-c9"/>
      </object_component>
      <object_component id="oc-b1">
         <name>.debug_pubnames</name>
         <load_address>0x0</load_address>
         <run_address>0x0</run_address>
         <size>0x18</size>
         <input_file_ref idref="fl-1"/>
      </object_component>
      <object_component id="oc-6d">
         <name>.debug_pubnames</name>
         <load_address>0x18</load_address>
         <run_address>0x18</run_address>
         <size>0x30</size>
         <input_file_ref idref="fl-1"/>
      </object_component>
      <object_component id="oc-ac">
         <name>.debug_pubnames</name>
         <load_address>0x48</load_address>
         <run_address>0x48</run_address>
         <size>0x1e</size>
         <input_file_ref idref="fl-2"/>
      </object_component>
      <object_component id="oc-25">
         <name>.debug_pubnames</name>
         <load_address>0x66</load_address>
         <run_address>0x66</run_address>
         <size>0x27</size>
         <input_file_ref idref="fl-3"/>
      </object_component>
      <object_component id="oc-67">
         <name>.debug_pubnames</name>
         <load_address>0x8d</load_address>
         <run_address>0x8d</run_address>
         <size>0x38</size>
         <input_file_ref idref="fl-3"/>
      </object_component>
      <object_component id="oc-10a">
         <name>.debug_pubnames</name>
         <load_address>0xc5</load_address>
         <run_address>0xc5</run_address>
         <size>0x26</size>
         <input_file_ref idref="fl-4"/>
      </object_component>
      <object_component id="oc-a5">
         <name>.debug_pubnames</name>
         <load_address>0xeb</load_address>
         <run_address>0xeb</run_address>
         <size>0x3b</size>
         <input_file_ref idref="fl-4"/>
      </object_component>
      <object_component id="oc-1d">
         <name>.debug_pubnames</name>
         <load_address>0x126</load_address>
         <run_address>0x126</run_address>
         <size>0x2b</size>
         <input_file_ref idref="fl-c0"/>
      </object_component>
      <object_component id="oc-17">
         <name>.debug_pubnames</name>
         <load_address>0x151</load_address>
         <run_address>0x151</run_address>
         <size>0x2b</size>
         <input_file_ref idref="fl-c1"/>
      </object_component>
      <object_component id="oc-28">
         <name>.debug_pubnames</name>
         <load_address>0x17c</load_address>
         <run_address>0x17c</run_address>
         <size>0x1e</size>
         <input_file_ref idref="fl-c2"/>
      </object_component>
      <object_component id="oc-55">
         <name>.debug_pubnames</name>
         <load_address>0x19a</load_address>
         <run_address>0x19a</run_address>
         <size>0x26</size>
         <input_file_ref idref="fl-c2"/>
      </object_component>
      <object_component id="oc-cd">
         <name>.debug_pubnames</name>
         <load_address>0x1c0</load_address>
         <run_address>0x1c0</run_address>
         <size>0x1c</size>
         <input_file_ref idref="fl-c3"/>
      </object_component>
      <object_component id="oc-37">
         <name>.debug_pubnames</name>
         <load_address>0x1dc</load_address>
         <run_address>0x1dc</run_address>
         <size>0x1d</size>
         <input_file_ref idref="fl-c6"/>
      </object_component>
      <object_component id="oc-d9">
         <name>.debug_pubnames</name>
         <load_address>0x1f9</load_address>
         <run_address>0x1f9</run_address>
         <size>0x35</size>
         <input_file_ref idref="fl-c8"/>
      </object_component>
      <object_component id="oc-93">
         <name>.debug_pubnames</name>
         <load_address>0x22e</load_address>
         <run_address>0x22e</run_address>
         <size>0x27</size>
         <input_file_ref idref="fl-c9"/>
      </object_component>
      <object_component id="oc-13f">
         <name>.debug_pubtypes</name>
         <load_address>0x0</load_address>
         <run_address>0x0</run_address>
         <size>0x2ce</size>
         <input_file_ref idref="fl-1"/>
      </object_component>
      <object_component id="oc-144">
         <name>.debug_pubtypes</name>
         <load_address>0x2ce</load_address>
         <run_address>0x2ce</run_address>
         <size>0xdd</size>
         <input_file_ref idref="fl-1"/>
      </object_component>
      <object_component id="oc-b6">
         <name>.debug_pubtypes</name>
         <load_address>0x3ab</load_address>
         <run_address>0x3ab</run_address>
         <size>0x25c</size>
         <input_file_ref idref="fl-1"/>
      </object_component>
      <object_component id="oc-30">
         <name>.debug_pubtypes</name>
         <load_address>0x607</load_address>
         <run_address>0x607</run_address>
         <size>0xed</size>
         <input_file_ref idref="fl-1"/>
      </object_component>
      <object_component id="oc-115">
         <name>.debug_pubtypes</name>
         <load_address>0x6f4</load_address>
         <run_address>0x6f4</run_address>
         <size>0x325</size>
         <input_file_ref idref="fl-1"/>
      </object_component>
      <object_component id="oc-10d">
         <name>.debug_pubtypes</name>
         <load_address>0xa19</load_address>
         <run_address>0xa19</run_address>
         <size>0xaa</size>
         <input_file_ref idref="fl-1"/>
      </object_component>
      <object_component id="oc-3b">
         <name>.debug_pubtypes</name>
         <load_address>0xac3</load_address>
         <run_address>0xac3</run_address>
         <size>0x48</size>
         <input_file_ref idref="fl-c0"/>
      </object_component>
      <object_component id="oc-7d">
         <name>.debug_pubtypes</name>
         <load_address>0xb0b</load_address>
         <run_address>0xb0b</run_address>
         <size>0x1d</size>
         <input_file_ref idref="fl-c0"/>
      </object_component>
      <object_component id="oc-2b">
         <name>.debug_pubtypes</name>
         <load_address>0xb28</load_address>
         <run_address>0xb28</run_address>
         <size>0x5d</size>
         <input_file_ref idref="fl-c1"/>
      </object_component>
      <object_component id="oc-bb">
         <name>.debug_pubtypes</name>
         <load_address>0xb85</load_address>
         <run_address>0xb85</run_address>
         <size>0x48</size>
         <input_file_ref idref="fl-c1"/>
      </object_component>
      <object_component id="oc-76">
         <name>.debug_pubtypes</name>
         <load_address>0xbcd</load_address>
         <run_address>0xbcd</run_address>
         <size>0x35</size>
         <input_file_ref idref="fl-c1"/>
      </object_component>
      <object_component id="oc-159">
         <name>.debug_pubtypes</name>
         <load_address>0xc02</load_address>
         <run_address>0xc02</run_address>
         <size>0x32</size>
         <input_file_ref idref="fl-c8"/>
      </object_component>
      <object_component id="oc-16d">
         <name>.debug_pubtypes</name>
         <load_address>0xc34</load_address>
         <run_address>0xc34</run_address>
         <size>0x30</size>
         <input_file_ref idref="fl-c8"/>
      </object_component>
      <object_component id="oc-15e">
         <name>.debug_pubtypes</name>
         <load_address>0xc64</load_address>
         <run_address>0xc64</run_address>
         <size>0x2c</size>
         <input_file_ref idref="fl-c8"/>
      </object_component>
      <object_component id="oc-163">
         <name>.debug_pubtypes</name>
         <load_address>0xc90</load_address>
         <run_address>0xc90</run_address>
         <size>0x50</size>
         <input_file_ref idref="fl-c8"/>
      </object_component>
   </object_component_list>
   <logical_group_list>
      <logical_group id="lg-3" display="no" color="cyan">
         <name>.intvecs</name>
         <load_address>0x0</load_address>
         <run_address>0x0</run_address>
         <size>0xe4</size>
         <contents>
            <object_component_ref idref="oc-23"/>
         </contents>
      </logical_group>
      <logical_group id="lg-4" display="no" color="cyan">
         <name>.text</name>
         <load_address>0xe4</load_address>
         <run_address>0xe4</run_address>
         <size>0x6cc</size>
         <contents>
            <object_component_ref idref="oc-a2"/>
            <object_component_ref idref="oc-a9"/>
            <object_component_ref idref="oc-6a"/>
            <object_component_ref idref="oc-34"/>
            <object_component_ref idref="oc-14"/>
            <object_component_ref idref="oc-d6"/>
            <object_component_ref idref="oc-52"/>
            <object_component_ref idref="oc-1a"/>
            <object_component_ref idref="oc-64"/>
            <object_component_ref idref="oc-90"/>
            <object_component_ref idref="oc-ca"/>
         </contents>
      </logical_group>
      <logical_group id="lg-5" display="no" color="cyan">
         <name>.const</name>
         <run_address>0x0</run_address>
         <size>0x0</size>
         <contents>
         </contents>
      </logical_group>
      <logical_group id="lg-6" display="no" color="cyan">
         <name>.cinit</name>
         <load_address>0x7b0</load_address>
         <run_address>0x7b0</run_address>
         <size>0x1c</size>
         <contents>
            <object_component_ref idref="oc-1a7"/>
            <object_component_ref idref="oc-1a5"/>
            <object_component_ref idref="oc-1a6"/>
         </contents>
      </logical_group>
      <logical_group id="lg-7" display="no" color="cyan">
         <name>.pinit</name>
         <run_address>0x0</run_address>
         <size>0x0</size>
         <contents>
         </contents>
      </logical_group>
      <logical_group id="lg-8" display="no" color="cyan">
         <name>.init_array</name>
         <run_address>0x0</run_address>
         <size>0x0</size>
         <contents>
         </contents>
      </logical_group>
      <logical_group id="lg-9" display="no" color="cyan">
         <name>.binit</name>
         <load_address>0x0</load_address>
         <run_address>0x0</run_address>
         <size>0x0</size>
         <contents>
            <object_component_ref idref="oc-17a"/>
         </contents>
      </logical_group>
      <logical_group id="lg-a" display="no" color="cyan">
         <name>.flashMailbox</name>
         <run_address>0x0</run_address>
         <size>0x0</size>
         <contents>
         </contents>
      </logical_group>
      <logical_group id="lg-b" display="no" color="cyan">
         <name>.tlvTable</name>
         <run_address>0x0</run_address>
         <size>0x0</size>
         <contents>
         </contents>
      </logical_group>
      <logical_group id="lg-c" display="no" color="cyan">
         <name>.bslArea</name>
         <run_address>0x0</run_address>
         <size>0x0</size>
         <contents>
         </contents>
      </logical_group>
      <logical_group id="lg-d" display="no" color="cyan">
         <name>.vtable</name>
         <run_address>0x0</run_address>
         <size>0x0</size>
         <contents>
         </contents>
      </logical_group>
      <logical_group id="lg-e" display="no" color="cyan">
         <name>.data</name>
         <run_address>0x20000000</run_address>
         <size>0x8</size>
         <contents>
            <object_component_ref idref="oc-af"/>
            <object_component_ref idref="oc-108"/>
         </contents>
      </logical_group>
      <logical_group id="lg-f" display="no" color="cyan">
         <name>.bss</name>
         <run_address>0x0</run_address>
         <size>0x0</size>
         <contents>
         </contents>
      </logical_group>
      <logical_group id="lg-10" display="no" color="cyan">
         <name>.sysmem</name>
         <run_address>0x0</run_address>
         <size>0x0</size>
         <contents>
         </contents>
      </logical_group>
      <logical_group id="lg-11" display="no" color="cyan">
         <name>.stack</name>
         <run_address>0x2000fe00</run_address>
         <size>0x200</size>
         <contents>
            <object_component_ref idref="oc-26"/>
            <object_component_ref idref="oc-1a8"/>
         </contents>
      </logical_group>
      <logical_group id="lg-12" display="no" color="cyan">
         <name>.TI.ramfunc</name>
         <run_address>0x0</run_address>
         <size>0x0</size>
         <contents>
         </contents>
      </logical_group>
      <logical_group id="lg-178" display="no" color="cyan">
         <name>.TI.noinit</name>
         <run_address>0x0</run_address>
         <size>0x0</size>
         <contents>
         </contents>
      </logical_group>
      <logical_group id="lg-179" display="no" color="cyan">
         <name>.TI.persistent</name>
         <run_address>0x0</run_address>
         <size>0x0</size>
         <contents>
         </contents>
      </logical_group>
      <logical_group id="lg-18d" display="never" color="cyan">
         <name>.debug_info</name>
         <load_address>0x0</load_address>
         <run_address>0x0</run_address>
         <size>0x7909</size>
         <contents>
            <object_component_ref idref="oc-119"/>
            <object_component_ref idref="oc-b0"/>
            <object_component_ref idref="oc-6b"/>
            <object_component_ref idref="oc-13e"/>
            <object_component_ref idref="oc-143"/>
            <object_component_ref idref="oc-b5"/>
            <object_component_ref idref="oc-2f"/>
            <object_component_ref idref="oc-114"/>
            <object_component_ref idref="oc-10c"/>
            <object_component_ref idref="oc-aa"/>
            <object_component_ref idref="oc-72"/>
            <object_component_ref idref="oc-24"/>
            <object_component_ref idref="oc-65"/>
            <object_component_ref idref="oc-109"/>
            <object_component_ref idref="oc-a3"/>
            <object_component_ref idref="oc-3f"/>
            <object_component_ref idref="oc-1b"/>
            <object_component_ref idref="oc-3a"/>
            <object_component_ref idref="oc-7c"/>
            <object_component_ref idref="oc-7a"/>
            <object_component_ref idref="oc-15"/>
            <object_component_ref idref="oc-2a"/>
            <object_component_ref idref="oc-ba"/>
            <object_component_ref idref="oc-75"/>
            <object_component_ref idref="oc-27"/>
            <object_component_ref idref="oc-53"/>
            <object_component_ref idref="oc-cb"/>
            <object_component_ref idref="oc-35"/>
            <object_component_ref idref="oc-125"/>
            <object_component_ref idref="oc-d7"/>
            <object_component_ref idref="oc-158"/>
            <object_component_ref idref="oc-16c"/>
            <object_component_ref idref="oc-15d"/>
            <object_component_ref idref="oc-162"/>
            <object_component_ref idref="oc-91"/>
            <object_component_ref idref="oc-1a9"/>
         </contents>
      </logical_group>
      <logical_group id="lg-18f" display="never" color="cyan">
         <name>.debug_line</name>
         <load_address>0x0</load_address>
         <run_address>0x0</run_address>
         <size>0xdf4</size>
         <contents>
            <object_component_ref idref="oc-13d"/>
            <object_component_ref idref="oc-113"/>
            <object_component_ref idref="oc-6e"/>
            <object_component_ref idref="oc-141"/>
            <object_component_ref idref="oc-146"/>
            <object_component_ref idref="oc-b8"/>
            <object_component_ref idref="oc-32"/>
            <object_component_ref idref="oc-117"/>
            <object_component_ref idref="oc-10f"/>
            <object_component_ref idref="oc-ad"/>
            <object_component_ref idref="oc-b4"/>
            <object_component_ref idref="oc-71"/>
            <object_component_ref idref="oc-68"/>
            <object_component_ref idref="oc-13b"/>
            <object_component_ref idref="oc-a6"/>
            <object_component_ref idref="oc-82"/>
            <object_component_ref idref="oc-1e"/>
            <object_component_ref idref="oc-3d"/>
            <object_component_ref idref="oc-7f"/>
            <object_component_ref idref="oc-c0"/>
            <object_component_ref idref="oc-18"/>
            <object_component_ref idref="oc-2d"/>
            <object_component_ref idref="oc-bd"/>
            <object_component_ref idref="oc-78"/>
            <object_component_ref idref="oc-74"/>
            <object_component_ref idref="oc-56"/>
            <object_component_ref idref="oc-ce"/>
            <object_component_ref idref="oc-38"/>
            <object_component_ref idref="oc-157"/>
            <object_component_ref idref="oc-da"/>
            <object_component_ref idref="oc-15b"/>
            <object_component_ref idref="oc-16f"/>
            <object_component_ref idref="oc-160"/>
            <object_component_ref idref="oc-165"/>
            <object_component_ref idref="oc-94"/>
         </contents>
      </logical_group>
      <logical_group id="lg-191" display="never" color="cyan">
         <name>.debug_frame</name>
         <load_address>0x0</load_address>
         <run_address>0x0</run_address>
         <size>0x3b4</size>
         <contents>
            <object_component_ref idref="oc-6f"/>
            <object_component_ref idref="oc-ae"/>
            <object_component_ref idref="oc-69"/>
            <object_component_ref idref="oc-a7"/>
            <object_component_ref idref="oc-1f"/>
            <object_component_ref idref="oc-19"/>
            <object_component_ref idref="oc-57"/>
            <object_component_ref idref="oc-cf"/>
            <object_component_ref idref="oc-db"/>
            <object_component_ref idref="oc-95"/>
         </contents>
      </logical_group>
      <logical_group id="lg-193" display="never" color="cyan">
         <name>.debug_abbrev</name>
         <load_address>0x0</load_address>
         <run_address>0x0</run_address>
         <size>0xb5a</size>
         <contents>
            <object_component_ref idref="oc-13c"/>
            <object_component_ref idref="oc-112"/>
            <object_component_ref idref="oc-b2"/>
            <object_component_ref idref="oc-140"/>
            <object_component_ref idref="oc-145"/>
            <object_component_ref idref="oc-b7"/>
            <object_component_ref idref="oc-31"/>
            <object_component_ref idref="oc-116"/>
            <object_component_ref idref="oc-10e"/>
            <object_component_ref idref="oc-111"/>
            <object_component_ref idref="oc-b3"/>
            <object_component_ref idref="oc-70"/>
            <object_component_ref idref="oc-a8"/>
            <object_component_ref idref="oc-13a"/>
            <object_component_ref idref="oc-10b"/>
            <object_component_ref idref="oc-81"/>
            <object_component_ref idref="oc-39"/>
            <object_component_ref idref="oc-3c"/>
            <object_component_ref idref="oc-7e"/>
            <object_component_ref idref="oc-bf"/>
            <object_component_ref idref="oc-29"/>
            <object_component_ref idref="oc-2c"/>
            <object_component_ref idref="oc-bc"/>
            <object_component_ref idref="oc-77"/>
            <object_component_ref idref="oc-73"/>
            <object_component_ref idref="oc-99"/>
            <object_component_ref idref="oc-11a"/>
            <object_component_ref idref="oc-7b"/>
            <object_component_ref idref="oc-156"/>
            <object_component_ref idref="oc-124"/>
            <object_component_ref idref="oc-15a"/>
            <object_component_ref idref="oc-16e"/>
            <object_component_ref idref="oc-15f"/>
            <object_component_ref idref="oc-164"/>
            <object_component_ref idref="oc-c9"/>
            <object_component_ref idref="oc-1aa"/>
         </contents>
      </logical_group>
      <logical_group id="lg-195" display="never" color="cyan">
         <name>.debug_str</name>
         <load_address>0x0</load_address>
         <run_address>0x0</run_address>
         <size>0x2d26</size>
         <contents>
            <object_component_ref idref="oc-142"/>
            <object_component_ref idref="oc-147"/>
            <object_component_ref idref="oc-b9"/>
            <object_component_ref idref="oc-33"/>
            <object_component_ref idref="oc-118"/>
            <object_component_ref idref="oc-110"/>
            <object_component_ref idref="oc-3e"/>
            <object_component_ref idref="oc-80"/>
            <object_component_ref idref="oc-2e"/>
            <object_component_ref idref="oc-be"/>
            <object_component_ref idref="oc-79"/>
            <object_component_ref idref="oc-15c"/>
            <object_component_ref idref="oc-170"/>
            <object_component_ref idref="oc-161"/>
            <object_component_ref idref="oc-166"/>
         </contents>
      </logical_group>
      <logical_group id="lg-197" display="never" color="cyan">
         <name>.debug_aranges</name>
         <load_address>0x0</load_address>
         <run_address>0x0</run_address>
         <size>0x178</size>
         <contents>
            <object_component_ref idref="oc-6c"/>
            <object_component_ref idref="oc-ab"/>
            <object_component_ref idref="oc-66"/>
            <object_component_ref idref="oc-a4"/>
            <object_component_ref idref="oc-1c"/>
            <object_component_ref idref="oc-16"/>
            <object_component_ref idref="oc-54"/>
            <object_component_ref idref="oc-cc"/>
            <object_component_ref idref="oc-36"/>
            <object_component_ref idref="oc-d8"/>
            <object_component_ref idref="oc-92"/>
         </contents>
      </logical_group>
      <logical_group id="lg-199" display="never" color="cyan">
         <name>.debug_pubnames</name>
         <load_address>0x0</load_address>
         <run_address>0x0</run_address>
         <size>0x255</size>
         <contents>
            <object_component_ref idref="oc-b1"/>
            <object_component_ref idref="oc-6d"/>
            <object_component_ref idref="oc-ac"/>
            <object_component_ref idref="oc-25"/>
            <object_component_ref idref="oc-67"/>
            <object_component_ref idref="oc-10a"/>
            <object_component_ref idref="oc-a5"/>
            <object_component_ref idref="oc-1d"/>
            <object_component_ref idref="oc-17"/>
            <object_component_ref idref="oc-28"/>
            <object_component_ref idref="oc-55"/>
            <object_component_ref idref="oc-cd"/>
            <object_component_ref idref="oc-37"/>
            <object_component_ref idref="oc-d9"/>
            <object_component_ref idref="oc-93"/>
         </contents>
      </logical_group>
      <logical_group id="lg-19b" display="never" color="cyan">
         <name>.debug_pubtypes</name>
         <load_address>0x0</load_address>
         <run_address>0x0</run_address>
         <size>0xce0</size>
         <contents>
            <object_component_ref idref="oc-13f"/>
            <object_component_ref idref="oc-144"/>
            <object_component_ref idref="oc-b6"/>
            <object_component_ref idref="oc-30"/>
            <object_component_ref idref="oc-115"/>
            <object_component_ref idref="oc-10d"/>
            <object_component_ref idref="oc-3b"/>
            <object_component_ref idref="oc-7d"/>
            <object_component_ref idref="oc-2b"/>
            <object_component_ref idref="oc-bb"/>
            <object_component_ref idref="oc-76"/>
            <object_component_ref idref="oc-159"/>
            <object_component_ref idref="oc-16d"/>
            <object_component_ref idref="oc-15e"/>
            <object_component_ref idref="oc-163"/>
         </contents>
      </logical_group>
      <load_segment id="lg-1ac" display="no" color="cyan">
         <name>SEGMENT_0</name>
         <load_address>0x0</load_address>
         <run_address>0x0</run_address>
         <size>0x7cc</size>
         <flags>0x5</flags>
         <contents>
            <logical_group_ref idref="lg-3"/>
            <logical_group_ref idref="lg-4"/>
            <logical_group_ref idref="lg-6"/>
         </contents>
      </load_segment>
      <load_segment id="lg-1ad" display="no" color="cyan">
         <name>SEGMENT_1</name>
         <run_address>0x20000000</run_address>
         <size>0x8</size>
         <flags>0x6</flags>
         <contents>
            <logical_group_ref idref="lg-e"/>
         </contents>
      </load_segment>
      <load_segment id="lg-1ae" display="no" color="cyan">
         <name>SEGMENT_2</name>
         <run_address>0x2000fe00</run_address>
         <size>0x200</size>
         <flags>0x6</flags>
         <contents>
            <logical_group_ref idref="lg-11"/>
         </contents>
      </load_segment>
   </logical_group_list>
   <placement_map>
      <memory_area display="yes" color="green">
         <name>MAIN</name>
         <page_id>0x0</page_id>
         <origin>0x0</origin>
         <length>0x40000</length>
         <used_space>0x7cc</used_space>
         <unused_space>0x3f834</unused_space>
         <attributes>RX</attributes>
         <usage_details>
            <allocated_space>
               <start_address>0x0</start_address>
               <size>0x0</size>
               <logical_group_ref idref="lg-9"/>
            </allocated_space>
            <allocated_space>
               <start_address>0x0</start_address>
               <size>0xe4</size>
               <logical_group_ref idref="lg-3"/>
            </allocated_space>
            <allocated_space>
               <start_address>0xe4</start_address>
               <size>0x6cc</size>
               <logical_group_ref idref="lg-4"/>
            </allocated_space>
            <allocated_space>
               <start_address>0x7b0</start_address>
               <size>0x1c</size>
               <logical_group_ref idref="lg-6"/>
            </allocated_space>
            <available_space>
               <start_address>0x7cc</start_address>
               <size>0x3f834</size>
            </available_space>
         </usage_details>
      </memory_area>
      <memory_area display="yes" color="green">
         <name>INFO</name>
         <page_id>0x0</page_id>
         <origin>0x200000</origin>
         <length>0x4000</length>
         <used_space>0x0</used_space>
         <unused_space>0x4000</unused_space>
         <attributes>RX</attributes>
         <usage_details>
         </usage_details>
      </memory_area>
      <memory_area display="yes" color="green">
         <name>SRAM_CODE</name>
         <page_id>0x0</page_id>
         <origin>0x1000000</origin>
         <length>0x10000</length>
         <used_space>0x208</used_space>
         <unused_space>0xfdf8</unused_space>
         <attributes>RWX</attributes>
         <usage_details>
            <allocated_space>
               <start_address>0x1000000</start_address>
               <size>0x8</size>
               <logical_group_ref idref="lg-e"/>
            </allocated_space>
            <available_space>
               <start_address>0x1000008</start_address>
               <size>0xfdf8</size>
            </available_space>
            <allocated_space>
               <start_address>0x100fe00</start_address>
               <size>0x200</size>
               <logical_group_ref idref="lg-11"/>
            </allocated_space>
         </usage_details>
      </memory_area>
      <memory_area display="yes" color="green">
         <name>SRAM_DATA</name>
         <page_id>0x0</page_id>
         <origin>0x20000000</origin>
         <length>0x10000</length>
         <used_space>0x208</used_space>
         <unused_space>0xfdf8</unused_space>
         <attributes>RW</attributes>
         <usage_details>
            <allocated_space>
               <start_address>0x20000000</start_address>
               <size>0x8</size>
               <logical_group_ref idref="lg-e"/>
            </allocated_space>
            <available_space>
               <start_address>0x20000008</start_address>
               <size>0xfdf8</size>
            </available_space>
            <allocated_space>
               <start_address>0x2000fe00</start_address>
               <size>0x200</size>
               <logical_group_ref idref="lg-11"/>
            </allocated_space>
         </usage_details>
      </memory_area>
   </placement_map>
   <cptbl_list>
      <cptbl>
         <name>__TI_cinit_table</name>
         <cprec>
            <name>.data</name>
            <load_address>0x7b0</load_address>
            <load_size>0xb</load_size>
            <run_address>0x20000000</run_address>
            <run_size>0x8</run_size>
            <compression>lzss</compression>
         </cprec>
      </cptbl>
   </cptbl_list>
   <handler_table>
      <handler_table_name>__TI_handler_table</handler_table_name>
      <handler>
         <index>0x0</index>
         <name>__TI_decompress_lzss</name>
      </handler>
      <handler>
         <index>0x1</index>
         <name>__TI_decompress_none</name>
      </handler>
   </handler_table>
   <symbol_table>
      <symbol id="sm-1">
         <name>WDTCTL_SYM</name>
         <value>0x4000480c</value>
      </symbol>
      <symbol id="sm-2">
         <name>__TI_CINIT_Base</name>
         <value>0x7c4</value>
      </symbol>
      <symbol id="sm-3">
         <name>__TI_CINIT_Limit</name>
         <value>0x7cc</value>
      </symbol>
      <symbol id="sm-4">
         <name>__TI_Handler_Table_Base</name>
         <value>0x7bc</value>
      </symbol>
      <symbol id="sm-5">
         <name>__TI_Handler_Table_Limit</name>
         <value>0x7c4</value>
      </symbol>
      <symbol id="sm-6">
         <name>binit</name>
         <value>0xffffffff</value>
      </symbol>
      <symbol id="sm-7">
         <name>__binit__</name>
         <value>0xffffffff</value>
      </symbol>
      <symbol id="sm-8">
         <name>__STACK_SIZE</name>
         <value>0x200</value>
      </symbol>
      <symbol id="sm-9">
         <name>__STACK_END</name>
         <value>0x20010000</value>
      </symbol>
      <symbol id="sm-a">
         <name>__c_args__</name>
         <value>0xffffffff</value>
      </symbol>
      <symbol id="sm-b">
         <name>__TI_pprof_out_hndl</name>
         <value>0xffffffff</value>
      </symbol>
      <symbol id="sm-c">
         <name>__TI_prof_data_start</name>
         <value>0xffffffff</value>
      </symbol>
      <symbol id="sm-d">
         <name>__TI_prof_data_size</name>
         <value>0xffffffff</value>
      </symbol>
      <symbol id="sm-68">
         <name>TA0_0_IRQHandler</name>
         <value>0x5ad</value>
         <object_component_ref idref="oc-6a"/>
      </symbol>
      <symbol id="sm-69">
         <name>i</name>
         <value>0x20000000</value>
         <object_component_ref idref="oc-af"/>
      </symbol>
      <symbol id="sm-6a">
         <name>main</name>
         <value>0x525</value>
         <object_component_ref idref="oc-6a"/>
      </symbol>
      <symbol id="sm-85">
         <name>set_DCO</name>
         <value>0x419</value>
         <object_component_ref idref="oc-a9"/>
      </symbol>
      <symbol id="sm-9a">
         <name>Reset_Handler</name>
         <value>0x79b</value>
         <object_component_ref idref="oc-64"/>
      </symbol>
      <symbol id="sm-9b">
         <name>Default_Handler</name>
         <value>0x7a7</value>
         <object_component_ref idref="oc-64"/>
      </symbol>
      <symbol id="sm-9c">
         <name>interruptVectors</name>
         <value>0x0</value>
         <object_component_ref idref="oc-23"/>
      </symbol>
      <symbol id="sm-e4">
         <name>SystemInit</name>
         <value>0x35d</value>
         <object_component_ref idref="oc-a2"/>
      </symbol>
      <symbol id="sm-e5">
         <name>SystemCoreClockUpdate</name>
         <value>0xe5</value>
         <object_component_ref idref="oc-a2"/>
      </symbol>
      <symbol id="sm-e6">
         <name>SystemCoreClock</name>
         <value>0x20000004</value>
         <object_component_ref idref="oc-108"/>
      </symbol>
      <symbol id="sm-ff">
         <name>__TI_decompress_none</name>
         <value>0x78d</value>
         <object_component_ref idref="oc-1a"/>
      </symbol>
      <symbol id="sm-122">
         <name>__TI_decompress_lzss</name>
         <value>0x6a9</value>
         <object_component_ref idref="oc-14"/>
      </symbol>
      <symbol id="sm-135">
         <name>__stack</name>
         <value>0x2000fe00</value>
         <object_component_ref idref="oc-26"/>
      </symbol>
      <symbol id="sm-136">
         <name>_c_int00_noargs</name>
         <value>0x755</value>
         <object_component_ref idref="oc-52"/>
      </symbol>
      <symbol id="sm-141">
         <name>C$$EXIT</name>
         <value>0x7ad</value>
         <object_component_ref idref="oc-ca"/>
      </symbol>
      <symbol id="sm-142">
         <name>abort</name>
         <value>0x7ad</value>
         <object_component_ref idref="oc-ca"/>
      </symbol>
      <symbol id="sm-15f">
         <name>memcpy</name>
         <value>0x60d</value>
         <object_component_ref idref="oc-34"/>
      </symbol>
      <symbol id="sm-160">
         <name>__aeabi_memcpy</name>
         <value>0x60d</value>
         <object_component_ref idref="oc-34"/>
      </symbol>
      <symbol id="sm-161">
         <name>__aeabi_memcpy8</name>
         <value>0x60d</value>
         <object_component_ref idref="oc-34"/>
      </symbol>
      <symbol id="sm-162">
         <name>__aeabi_memcpy4</name>
         <value>0x60d</value>
         <object_component_ref idref="oc-34"/>
      </symbol>
      <symbol id="sm-18b">
         <name>__TI_auto_init_nobinit_nopinit</name>
         <value>0x711</value>
         <object_component_ref idref="oc-d6"/>
      </symbol>
      <symbol id="sm-195">
         <name>_system_pre_init</name>
         <value>0x7a9</value>
         <object_component_ref idref="oc-90"/>
      </symbol>
      <symbol id="sm-197">
         <name>__TI_static_base__</name>
         <value>0x0</value>
      </symbol>
      <symbol id="sm-19a">
         <name>__mpu_init</name>
         <value>0x0</value>
      </symbol>
      <symbol id="sm-19b">
         <name>_system_post_cinit</name>
         <value>0x0</value>
      </symbol>
      <symbol id="sm-19c">
         <name>NMI_Handler</name>
         <value>0x7a7</value>
      </symbol>
      <symbol id="sm-19d">
         <name>HardFault_Handler</name>
         <value>0x7a7</value>
      </symbol>
      <symbol id="sm-19e">
         <name>MemManage_Handler</name>
         <value>0x7a7</value>
      </symbol>
      <symbol id="sm-19f">
         <name>BusFault_Handler</name>
         <value>0x7a7</value>
      </symbol>
      <symbol id="sm-1a0">
         <name>UsageFault_Handler</name>
         <value>0x7a7</value>
      </symbol>
      <symbol id="sm-1a1">
         <name>SVC_Handler</name>
         <value>0x7a7</value>
      </symbol>
      <symbol id="sm-1a2">
         <name>DebugMon_Handler</name>
         <value>0x7a7</value>
      </symbol>
      <symbol id="sm-1a3">
         <name>PendSV_Handler</name>
         <value>0x7a7</value>
      </symbol>
      <symbol id="sm-1a4">
         <name>SysTick_Handler</name>
         <value>0x7a7</value>
      </symbol>
      <symbol id="sm-1a5">
         <name>PSS_IRQHandler</name>
         <value>0x7a7</value>
      </symbol>
      <symbol id="sm-1a6">
         <name>CS_IRQHandler</name>
         <value>0x7a7</value>
      </symbol>
      <symbol id="sm-1a7">
         <name>PCM_IRQHandler</name>
         <value>0x7a7</value>
      </symbol>
      <symbol id="sm-1a8">
         <name>WDT_A_IRQHandler</name>
         <value>0x7a7</value>
      </symbol>
      <symbol id="sm-1a9">
         <name>FPU_IRQHandler</name>
         <value>0x7a7</value>
      </symbol>
      <symbol id="sm-1aa">
         <name>FLCTL_IRQHandler</name>
         <value>0x7a7</value>
      </symbol>
      <symbol id="sm-1ab">
         <name>COMP_E0_IRQHandler</name>
         <value>0x7a7</value>
      </symbol>
      <symbol id="sm-1ac">
         <name>COMP_E1_IRQHandler</name>
         <value>0x7a7</value>
      </symbol>
      <symbol id="sm-1ad">
         <name>TA0_0_IRQHandler</name>
         <value>0x5ad</value>
      </symbol>
      <symbol id="sm-1ae">
         <name>TA0_N_IRQHandler</name>
         <value>0x7a7</value>
      </symbol>
      <symbol id="sm-1af">
         <name>TA1_0_IRQHandler</name>
         <value>0x7a7</value>
      </symbol>
      <symbol id="sm-1b0">
         <name>TA1_N_IRQHandler</name>
         <value>0x7a7</value>
      </symbol>
      <symbol id="sm-1b1">
         <name>TA2_0_IRQHandler</name>
         <value>0x7a7</value>
      </symbol>
      <symbol id="sm-1b2">
         <name>TA2_N_IRQHandler</name>
         <value>0x7a7</value>
      </symbol>
      <symbol id="sm-1b3">
         <name>TA3_0_IRQHandler</name>
         <value>0x7a7</value>
      </symbol>
      <symbol id="sm-1b4">
         <name>TA3_N_IRQHandler</name>
         <value>0x7a7</value>
      </symbol>
      <symbol id="sm-1b5">
         <name>EUSCIA0_IRQHandler</name>
         <value>0x7a7</value>
      </symbol>
      <symbol id="sm-1b6">
         <name>EUSCIA1_IRQHandler</name>
         <value>0x7a7</value>
      </symbol>
      <symbol id="sm-1b7">
         <name>EUSCIA2_IRQHandler</name>
         <value>0x7a7</value>
      </symbol>
      <symbol id="sm-1b8">
         <name>EUSCIA3_IRQHandler</name>
         <value>0x7a7</value>
      </symbol>
      <symbol id="sm-1b9">
         <name>EUSCIB0_IRQHandler</name>
         <value>0x7a7</value>
      </symbol>
      <symbol id="sm-1ba">
         <name>EUSCIB1_IRQHandler</name>
         <value>0x7a7</value>
      </symbol>
      <symbol id="sm-1bb">
         <name>EUSCIB2_IRQHandler</name>
         <value>0x7a7</value>
      </symbol>
      <symbol id="sm-1bc">
         <name>EUSCIB3_IRQHandler</name>
         <value>0x7a7</value>
      </symbol>
      <symbol id="sm-1bd">
         <name>ADC14_IRQHandler</name>
         <value>0x7a7</value>
      </symbol>
      <symbol id="sm-1be">
         <name>T32_INT1_IRQHandler</name>
         <value>0x7a7</value>
      </symbol>
      <symbol id="sm-1bf">
         <name>T32_INT2_IRQHandler</name>
         <value>0x7a7</value>
      </symbol>
      <symbol id="sm-1c0">
         <name>T32_INTC_IRQHandler</name>
         <value>0x7a7</value>
      </symbol>
      <symbol id="sm-1c1">
         <name>AES256_IRQHandler</name>
         <value>0x7a7</value>
      </symbol>
      <symbol id="sm-1c2">
         <name>RTC_C_IRQHandler</name>
         <value>0x7a7</value>
      </symbol>
      <symbol id="sm-1c3">
         <name>DMA_ERR_IRQHandler</name>
         <value>0x7a7</value>
      </symbol>
      <symbol id="sm-1c4">
         <name>DMA_INT3_IRQHandler</name>
         <value>0x7a7</value>
      </symbol>
      <symbol id="sm-1c5">
         <name>DMA_INT2_IRQHandler</name>
         <value>0x7a7</value>
      </symbol>
      <symbol id="sm-1c6">
         <name>DMA_INT1_IRQHandler</name>
         <value>0x7a7</value>
      </symbol>
      <symbol id="sm-1c7">
         <name>DMA_INT0_IRQHandler</name>
         <value>0x7a7</value>
      </symbol>
      <symbol id="sm-1c8">
         <name>PORT1_IRQHandler</name>
         <value>0x7a7</value>
      </symbol>
      <symbol id="sm-1c9">
         <name>PORT2_IRQHandler</name>
         <value>0x7a7</value>
      </symbol>
      <symbol id="sm-1ca">
         <name>PORT3_IRQHandler</name>
         <value>0x7a7</value>
      </symbol>
      <symbol id="sm-1cb">
         <name>PORT4_IRQHandler</name>
         <value>0x7a7</value>
      </symbol>
      <symbol id="sm-1cc">
         <name>PORT5_IRQHandler</name>
         <value>0x7a7</value>
      </symbol>
      <symbol id="sm-1cd">
         <name>PORT6_IRQHandler</name>
         <value>0x7a7</value>
      </symbol>
   </symbol_table>
   <title>Link successful</title>
</link_info>
