<?xml version="1.0" encoding="ISO-8859-1" ?>
<link_info>
   <banner>TI ARM Linker Unix v18.1.1.LTS</banner>
   <copyright>Copyright (c) 1996-2017 Texas Instruments Incorporated</copyright>
   <link_time>0x5ade0c91</link_time>
   <link_errors>0x1</link_errors>
   <output_file>Interrupts and Timers.out</output_file>
   <entry_point>
      <name>_c_int00_noargs</name>
      <address>0x761</address>
   </entry_point>
   <input_file_list>
      <input_file id="fl-1">
         <path>./</path>
         <kind>object</kind>
         <file>main.obj</file>
         <name>main.obj</name>
      </input_file>
      <input_file id="fl-2">
         <path>./</path>
         <kind>object</kind>
         <file>set_DCO.obj</file>
         <name>set_DCO.obj</name>
      </input_file>
      <input_file id="fl-3">
         <path>./</path>
         <kind>object</kind>
         <file>startup_msp432p401r_ccs.obj</file>
         <name>startup_msp432p401r_ccs.obj</name>
      </input_file>
      <input_file id="fl-4">
         <path>./</path>
         <kind>object</kind>
         <file>system_msp432p401r.obj</file>
         <name>system_msp432p401r.obj</name>
      </input_file>
      <input_file id="fl-8">
         <kind>object</kind>
         <file>&lt;internal&gt;</file>
         <name>&lt;internal&gt;</name>
      </input_file>
      <input_file id="fl-be">
         <path>/Applications/ti/ccsv8/tools/compiler/ti-cgt-arm_18.1.1.LTS/lib/</path>
         <kind>archive</kind>
         <file>rtsv7M4_T_le_v4SPD16_eabi.lib</file>
         <name>copy_zero_init.c.obj</name>
      </input_file>
      <input_file id="fl-bf">
         <path>/Applications/ti/ccsv8/tools/compiler/ti-cgt-arm_18.1.1.LTS/lib/</path>
         <kind>archive</kind>
         <file>rtsv7M4_T_le_v4SPD16_eabi.lib</file>
         <name>copy_decompress_none.c.obj</name>
      </input_file>
      <input_file id="fl-c0">
         <path>/Applications/ti/ccsv8/tools/compiler/ti-cgt-arm_18.1.1.LTS/lib/</path>
         <kind>archive</kind>
         <file>rtsv7M4_T_le_v4SPD16_eabi.lib</file>
         <name>copy_decompress_lzss.c.obj</name>
      </input_file>
      <input_file id="fl-c1">
         <path>/Applications/ti/ccsv8/tools/compiler/ti-cgt-arm_18.1.1.LTS/lib/</path>
         <kind>archive</kind>
         <file>rtsv7M4_T_le_v4SPD16_eabi.lib</file>
         <name>boot_cortex_m.c.obj</name>
      </input_file>
      <input_file id="fl-c2">
         <path>/Applications/ti/ccsv8/tools/compiler/ti-cgt-arm_18.1.1.LTS/lib/</path>
         <kind>archive</kind>
         <file>rtsv7M4_T_le_v4SPD16_eabi.lib</file>
         <name>exit.c.obj</name>
      </input_file>
      <input_file id="fl-c3">
         <path>/Applications/ti/ccsv8/tools/compiler/ti-cgt-arm_18.1.1.LTS/lib/</path>
         <kind>archive</kind>
         <file>rtsv7M4_T_le_v4SPD16_eabi.lib</file>
         <name>_lock.c.obj</name>
      </input_file>
      <input_file id="fl-c4">
         <path>/Applications/ti/ccsv8/tools/compiler/ti-cgt-arm_18.1.1.LTS/lib/</path>
         <kind>archive</kind>
         <file>rtsv7M4_T_le_v4SPD16_eabi.lib</file>
         <name>args_main.c.obj</name>
      </input_file>
      <input_file id="fl-c5">
         <path>/Applications/ti/ccsv8/tools/compiler/ti-cgt-arm_18.1.1.LTS/lib/</path>
         <kind>archive</kind>
         <file>rtsv7M4_T_le_v4SPD16_eabi.lib</file>
         <name>memcpy_t2.asm.obj</name>
      </input_file>
      <input_file id="fl-c6">
         <path>/Applications/ti/ccsv8/tools/compiler/ti-cgt-arm_18.1.1.LTS/lib/</path>
         <kind>archive</kind>
         <file>rtsv7M4_T_le_v4SPD16_eabi.lib</file>
         <name>memset_t2.asm.obj</name>
      </input_file>
      <input_file id="fl-c7">
         <path>/Applications/ti/ccsv8/tools/compiler/ti-cgt-arm_18.1.1.LTS/lib/</path>
         <kind>archive</kind>
         <file>rtsv7M4_T_le_v4SPD16_eabi.lib</file>
         <name>autoinit.c.obj</name>
      </input_file>
      <input_file id="fl-c8">
         <path>/Applications/ti/ccsv8/tools/compiler/ti-cgt-arm_18.1.1.LTS/lib/</path>
         <kind>archive</kind>
         <file>rtsv7M4_T_le_v4SPD16_eabi.lib</file>
         <name>pre_init.c.obj</name>
      </input_file>
      <input_file id="fl-c9">
         <path>/Applications/ti/ccsv8/tools/compiler/ti-cgt-arm_18.1.1.LTS/lib/</path>
         <kind>archive</kind>
         <file>rtsv7M4_T_le_v4SPD16_eabi.lib</file>
         <name>cpy_tbl.c.obj</name>
      </input_file>
   </input_file_list>
   <object_component_list>
      <object_component id="oc-23">
         <name>.intvecs:retain</name>
         <load_address>0x0</load_address>
         <run_address>0x0</run_address>
         <size>0xe4</size>
         <input_file_ref idref="fl-3"/>
      </object_component>
      <object_component id="oc-a2">
         <name>.text</name>
         <load_address>0xe4</load_address>
         <run_address>0xe4</run_address>
         <size>0x334</size>
         <input_file_ref idref="fl-4"/>
      </object_component>
      <object_component id="oc-c0">
         <name>.text</name>
         <load_address>0x418</load_address>
         <run_address>0x418</run_address>
         <size>0x10c</size>
         <input_file_ref idref="fl-2"/>
      </object_component>
      <object_component id="oc-90">
         <name>.text</name>
         <load_address>0x524</load_address>
         <run_address>0x524</run_address>
         <size>0xf4</size>
         <input_file_ref idref="fl-1"/>
      </object_component>
      <object_component id="oc-34">
         <name>.text</name>
         <load_address>0x618</load_address>
         <run_address>0x618</run_address>
         <size>0x9c</size>
         <input_file_ref idref="fl-c5"/>
      </object_component>
      <object_component id="oc-14">
         <name>.text:decompress:lzss:__TI_decompress_lzss</name>
         <load_address>0x6b4</load_address>
         <run_address>0x6b4</run_address>
         <size>0x68</size>
         <input_file_ref idref="fl-c0"/>
      </object_component>
      <object_component id="oc-d3">
         <name>.text:__TI_auto_init_nobinit_nopinit:__TI_auto_init_nobinit_nopinit</name>
         <load_address>0x71c</load_address>
         <run_address>0x71c</run_address>
         <size>0x44</size>
         <input_file_ref idref="fl-c7"/>
      </object_component>
      <object_component id="oc-52">
         <name>.text:_c_int00_noargs:_c_int00_noargs</name>
         <load_address>0x760</load_address>
         <run_address>0x760</run_address>
         <size>0x38</size>
         <input_file_ref idref="fl-c1"/>
      </object_component>
      <object_component id="oc-1a">
         <name>.text:decompress:none:__TI_decompress_none</name>
         <load_address>0x798</load_address>
         <run_address>0x798</run_address>
         <size>0xe</size>
         <input_file_ref idref="fl-bf"/>
      </object_component>
      <object_component id="oc-64">
         <name>.text</name>
         <load_address>0x7a6</load_address>
         <run_address>0x7a6</run_address>
         <size>0xe</size>
         <input_file_ref idref="fl-3"/>
      </object_component>
      <object_component id="oc-8a">
         <name>.text:_system_pre_init</name>
         <load_address>0x7b4</load_address>
         <run_address>0x7b4</run_address>
         <size>0x4</size>
         <input_file_ref idref="fl-c8"/>
      </object_component>
      <object_component id="oc-c7">
         <name>.text:abort:abort</name>
         <load_address>0x7b8</load_address>
         <run_address>0x7b8</run_address>
         <size>0x4</size>
         <input_file_ref idref="fl-c2"/>
      </object_component>
      <object_component id="oc-1a2">
         <name>.cinit..data.load</name>
         <load_address>0x7c0</load_address>
         <run_address>0x7c0</run_address>
         <size>0x8</size>
      </object_component>
      <object_component id="oc-1a0">
         <name>__TI_handler_table</name>
         <load_address>0x7c8</load_address>
         <run_address>0x7c8</run_address>
         <size>0x8</size>
      </object_component>
      <object_component id="oc-1a1">
         <name>__TI_cinit_table</name>
         <load_address>0x7d0</load_address>
         <run_address>0x7d0</run_address>
         <size>0x8</size>
      </object_component>
      <object_component id="oc-175">
         <name>.binit</name>
         <load_address>0x0</load_address>
         <run_address>0x0</run_address>
         <size>0x0</size>
      </object_component>
      <object_component id="oc-105">
         <name>.data</name>
         <load_address>0x20000000</load_address>
         <run_address>0x20000000</run_address>
         <size>0x4</size>
         <input_file_ref idref="fl-4"/>
      </object_component>
      <object_component id="oc-26">
         <name>.stack</name>
         <uninitialized>true</uninitialized>
         <run_address>0x2000fe00</run_address>
         <size>0x4</size>
         <input_file_ref idref="fl-c1"/>
      </object_component>
      <object_component id="oc-1a3">
         <name>.stack</name>
         <uninitialized>true</uninitialized>
         <run_address>0x2000fe00</run_address>
         <size>0x0</size>
      </object_component>
      <object_component id="oc-113">
         <name>.debug_info</name>
         <load_address>0x0</load_address>
         <run_address>0x0</run_address>
         <size>0x578</size>
         <input_file_ref idref="fl-1"/>
      </object_component>
      <object_component id="oc-91">
         <name>.debug_info</name>
         <load_address>0x578</load_address>
         <run_address>0x578</run_address>
         <size>0x169</size>
         <input_file_ref idref="fl-1"/>
      </object_component>
      <object_component id="oc-139">
         <name>.debug_info</name>
         <load_address>0x6e1</load_address>
         <run_address>0x6e1</run_address>
         <size>0x37e2</size>
         <input_file_ref idref="fl-1"/>
      </object_component>
      <object_component id="oc-13e">
         <name>.debug_info</name>
         <load_address>0x3ec3</load_address>
         <run_address>0x3ec3</run_address>
         <size>0x1055</size>
         <input_file_ref idref="fl-1"/>
      </object_component>
      <object_component id="oc-ab">
         <name>.debug_info</name>
         <load_address>0x4f18</load_address>
         <run_address>0x4f18</run_address>
         <size>0x26b</size>
         <input_file_ref idref="fl-1"/>
      </object_component>
      <object_component id="oc-2f">
         <name>.debug_info</name>
         <load_address>0x5183</load_address>
         <run_address>0x5183</run_address>
         <size>0x84</size>
         <input_file_ref idref="fl-1"/>
      </object_component>
      <object_component id="oc-10e">
         <name>.debug_info</name>
         <load_address>0x5207</load_address>
         <run_address>0x5207</run_address>
         <size>0x297</size>
         <input_file_ref idref="fl-1"/>
      </object_component>
      <object_component id="oc-109">
         <name>.debug_info</name>
         <load_address>0x549e</load_address>
         <run_address>0x549e</run_address>
         <size>0xbb</size>
         <input_file_ref idref="fl-1"/>
      </object_component>
      <object_component id="oc-c1">
         <name>.debug_info</name>
         <load_address>0x5559</load_address>
         <run_address>0x5559</run_address>
         <size>0x131</size>
         <input_file_ref idref="fl-2"/>
      </object_component>
      <object_component id="oc-6c">
         <name>.debug_info</name>
         <load_address>0x568a</load_address>
         <run_address>0x568a</run_address>
         <size>0x2d0</size>
         <input_file_ref idref="fl-3"/>
      </object_component>
      <object_component id="oc-24">
         <name>.debug_info</name>
         <load_address>0x595a</load_address>
         <run_address>0x595a</run_address>
         <size>0xfc</size>
         <input_file_ref idref="fl-3"/>
      </object_component>
      <object_component id="oc-65">
         <name>.debug_info</name>
         <load_address>0x5a56</load_address>
         <run_address>0x5a56</run_address>
         <size>0x1c3</size>
         <input_file_ref idref="fl-3"/>
      </object_component>
      <object_component id="oc-106">
         <name>.debug_info</name>
         <load_address>0x5c19</load_address>
         <run_address>0x5c19</run_address>
         <size>0xf5</size>
         <input_file_ref idref="fl-4"/>
      </object_component>
      <object_component id="oc-a3">
         <name>.debug_info</name>
         <load_address>0x5d0e</load_address>
         <run_address>0x5d0e</run_address>
         <size>0x267</size>
         <input_file_ref idref="fl-4"/>
      </object_component>
      <object_component id="oc-3f">
         <name>.debug_info</name>
         <load_address>0x5f75</load_address>
         <run_address>0x5f75</run_address>
         <size>0x29d</size>
         <input_file_ref idref="fl-bf"/>
      </object_component>
      <object_component id="oc-1b">
         <name>.debug_info</name>
         <load_address>0x6212</load_address>
         <run_address>0x6212</run_address>
         <size>0x1df</size>
         <input_file_ref idref="fl-bf"/>
      </object_component>
      <object_component id="oc-3a">
         <name>.debug_info</name>
         <load_address>0x63f1</load_address>
         <run_address>0x63f1</run_address>
         <size>0x46</size>
         <input_file_ref idref="fl-bf"/>
      </object_component>
      <object_component id="oc-76">
         <name>.debug_info</name>
         <load_address>0x6437</load_address>
         <run_address>0x6437</run_address>
         <size>0x2c</size>
         <input_file_ref idref="fl-bf"/>
      </object_component>
      <object_component id="oc-74">
         <name>.debug_info</name>
         <load_address>0x6463</load_address>
         <run_address>0x6463</run_address>
         <size>0x293</size>
         <input_file_ref idref="fl-c0"/>
      </object_component>
      <object_component id="oc-15">
         <name>.debug_info</name>
         <load_address>0x66f6</load_address>
         <run_address>0x66f6</run_address>
         <size>0x245</size>
         <input_file_ref idref="fl-c0"/>
      </object_component>
      <object_component id="oc-2a">
         <name>.debug_info</name>
         <load_address>0x693b</load_address>
         <run_address>0x693b</run_address>
         <size>0x60</size>
         <input_file_ref idref="fl-c0"/>
      </object_component>
      <object_component id="oc-b0">
         <name>.debug_info</name>
         <load_address>0x699b</load_address>
         <run_address>0x699b</run_address>
         <size>0x46</size>
         <input_file_ref idref="fl-c0"/>
      </object_component>
      <object_component id="oc-6f">
         <name>.debug_info</name>
         <load_address>0x69e1</load_address>
         <run_address>0x69e1</run_address>
         <size>0x39</size>
         <input_file_ref idref="fl-c0"/>
      </object_component>
      <object_component id="oc-27">
         <name>.debug_info</name>
         <load_address>0x6a1a</load_address>
         <run_address>0x6a1a</run_address>
         <size>0x100</size>
         <input_file_ref idref="fl-c1"/>
      </object_component>
      <object_component id="oc-53">
         <name>.debug_info</name>
         <load_address>0x6b1a</load_address>
         <run_address>0x6b1a</run_address>
         <size>0x1a4</size>
         <input_file_ref idref="fl-c1"/>
      </object_component>
      <object_component id="oc-c8">
         <name>.debug_info</name>
         <load_address>0x6cbe</load_address>
         <run_address>0x6cbe</run_address>
         <size>0x117</size>
         <input_file_ref idref="fl-c2"/>
      </object_component>
      <object_component id="oc-35">
         <name>.debug_info</name>
         <load_address>0x6dd5</load_address>
         <run_address>0x6dd5</run_address>
         <size>0x111</size>
         <input_file_ref idref="fl-c5"/>
      </object_component>
      <object_component id="oc-120">
         <name>.debug_info</name>
         <load_address>0x6ee6</load_address>
         <run_address>0x6ee6</run_address>
         <size>0x547</size>
         <input_file_ref idref="fl-c7"/>
      </object_component>
      <object_component id="oc-d4">
         <name>.debug_info</name>
         <load_address>0x742d</load_address>
         <run_address>0x742d</run_address>
         <size>0x19b</size>
         <input_file_ref idref="fl-c7"/>
      </object_component>
      <object_component id="oc-153">
         <name>.debug_info</name>
         <load_address>0x75c8</load_address>
         <run_address>0x75c8</run_address>
         <size>0x39</size>
         <input_file_ref idref="fl-c7"/>
      </object_component>
      <object_component id="oc-167">
         <name>.debug_info</name>
         <load_address>0x7601</load_address>
         <run_address>0x7601</run_address>
         <size>0x39</size>
         <input_file_ref idref="fl-c7"/>
      </object_component>
      <object_component id="oc-158">
         <name>.debug_info</name>
         <load_address>0x763a</load_address>
         <run_address>0x763a</run_address>
         <size>0x39</size>
         <input_file_ref idref="fl-c7"/>
      </object_component>
      <object_component id="oc-15d">
         <name>.debug_info</name>
         <load_address>0x7673</load_address>
         <run_address>0x7673</run_address>
         <size>0xcd</size>
         <input_file_ref idref="fl-c7"/>
      </object_component>
      <object_component id="oc-8b">
         <name>.debug_info</name>
         <load_address>0x7740</load_address>
         <run_address>0x7740</run_address>
         <size>0x148</size>
         <input_file_ref idref="fl-c8"/>
      </object_component>
      <object_component id="oc-1a4">
         <name>.debug_info</name>
         <load_address>0x7888</load_address>
         <run_address>0x7888</run_address>
         <size>0xab</size>
      </object_component>
      <object_component id="oc-138">
         <name>.debug_line</name>
         <load_address>0x0</load_address>
         <run_address>0x0</run_address>
         <size>0x3d</size>
         <input_file_ref idref="fl-1"/>
      </object_component>
      <object_component id="oc-94">
         <name>.debug_line</name>
         <load_address>0x3d</load_address>
         <run_address>0x3d</run_address>
         <size>0x78</size>
         <input_file_ref idref="fl-1"/>
      </object_component>
      <object_component id="oc-13c">
         <name>.debug_line</name>
         <load_address>0xb5</load_address>
         <run_address>0xb5</run_address>
         <size>0x5d</size>
         <input_file_ref idref="fl-1"/>
      </object_component>
      <object_component id="oc-141">
         <name>.debug_line</name>
         <load_address>0x112</load_address>
         <run_address>0x112</run_address>
         <size>0x60</size>
         <input_file_ref idref="fl-1"/>
      </object_component>
      <object_component id="oc-ae">
         <name>.debug_line</name>
         <load_address>0x172</load_address>
         <run_address>0x172</run_address>
         <size>0x74</size>
         <input_file_ref idref="fl-1"/>
      </object_component>
      <object_component id="oc-32">
         <name>.debug_line</name>
         <load_address>0x1e6</load_address>
         <run_address>0x1e6</run_address>
         <size>0x20</size>
         <input_file_ref idref="fl-1"/>
      </object_component>
      <object_component id="oc-111">
         <name>.debug_line</name>
         <load_address>0x206</load_address>
         <run_address>0x206</run_address>
         <size>0x78</size>
         <input_file_ref idref="fl-1"/>
      </object_component>
      <object_component id="oc-10c">
         <name>.debug_line</name>
         <load_address>0x27e</load_address>
         <run_address>0x27e</run_address>
         <size>0x75</size>
         <input_file_ref idref="fl-1"/>
      </object_component>
      <object_component id="oc-c4">
         <name>.debug_line</name>
         <load_address>0x2f3</load_address>
         <run_address>0x2f3</run_address>
         <size>0x78</size>
         <input_file_ref idref="fl-2"/>
      </object_component>
      <object_component id="oc-aa">
         <name>.debug_line</name>
         <load_address>0x36b</load_address>
         <run_address>0x36b</run_address>
         <size>0x40</size>
         <input_file_ref idref="fl-3"/>
      </object_component>
      <object_component id="oc-6b">
         <name>.debug_line</name>
         <load_address>0x3ab</load_address>
         <run_address>0x3ab</run_address>
         <size>0x40</size>
         <input_file_ref idref="fl-3"/>
      </object_component>
      <object_component id="oc-68">
         <name>.debug_line</name>
         <load_address>0x3eb</load_address>
         <run_address>0x3eb</run_address>
         <size>0x71</size>
         <input_file_ref idref="fl-3"/>
      </object_component>
      <object_component id="oc-136">
         <name>.debug_line</name>
         <load_address>0x45c</load_address>
         <run_address>0x45c</run_address>
         <size>0x3b</size>
         <input_file_ref idref="fl-4"/>
      </object_component>
      <object_component id="oc-a6">
         <name>.debug_line</name>
         <load_address>0x497</load_address>
         <run_address>0x497</run_address>
         <size>0x159</size>
         <input_file_ref idref="fl-4"/>
      </object_component>
      <object_component id="oc-7c">
         <name>.debug_line</name>
         <load_address>0x5f0</load_address>
         <run_address>0x5f0</run_address>
         <size>0x20</size>
         <input_file_ref idref="fl-bf"/>
      </object_component>
      <object_component id="oc-1e">
         <name>.debug_line</name>
         <load_address>0x610</load_address>
         <run_address>0x610</run_address>
         <size>0x55</size>
         <input_file_ref idref="fl-bf"/>
      </object_component>
      <object_component id="oc-3d">
         <name>.debug_line</name>
         <load_address>0x665</load_address>
         <run_address>0x665</run_address>
         <size>0x3a</size>
         <input_file_ref idref="fl-bf"/>
      </object_component>
      <object_component id="oc-79">
         <name>.debug_line</name>
         <load_address>0x69f</load_address>
         <run_address>0x69f</run_address>
         <size>0x8a</size>
         <input_file_ref idref="fl-bf"/>
      </object_component>
      <object_component id="oc-b6">
         <name>.debug_line</name>
         <load_address>0x729</load_address>
         <run_address>0x729</run_address>
         <size>0x20</size>
         <input_file_ref idref="fl-c0"/>
      </object_component>
      <object_component id="oc-18">
         <name>.debug_line</name>
         <load_address>0x749</load_address>
         <run_address>0x749</run_address>
         <size>0xa9</size>
         <input_file_ref idref="fl-c0"/>
      </object_component>
      <object_component id="oc-2d">
         <name>.debug_line</name>
         <load_address>0x7f2</load_address>
         <run_address>0x7f2</run_address>
         <size>0x3a</size>
         <input_file_ref idref="fl-c0"/>
      </object_component>
      <object_component id="oc-b3">
         <name>.debug_line</name>
         <load_address>0x82c</load_address>
         <run_address>0x82c</run_address>
         <size>0x92</size>
         <input_file_ref idref="fl-c0"/>
      </object_component>
      <object_component id="oc-72">
         <name>.debug_line</name>
         <load_address>0x8be</load_address>
         <run_address>0x8be</run_address>
         <size>0x8e</size>
         <input_file_ref idref="fl-c0"/>
      </object_component>
      <object_component id="oc-6e">
         <name>.debug_line</name>
         <load_address>0x94c</load_address>
         <run_address>0x94c</run_address>
         <size>0x33</size>
         <input_file_ref idref="fl-c1"/>
      </object_component>
      <object_component id="oc-56">
         <name>.debug_line</name>
         <load_address>0x97f</load_address>
         <run_address>0x97f</run_address>
         <size>0x56</size>
         <input_file_ref idref="fl-c1"/>
      </object_component>
      <object_component id="oc-cb">
         <name>.debug_line</name>
         <load_address>0x9d5</load_address>
         <run_address>0x9d5</run_address>
         <size>0x3c</size>
         <input_file_ref idref="fl-c2"/>
      </object_component>
      <object_component id="oc-38">
         <name>.debug_line</name>
         <load_address>0xa11</load_address>
         <run_address>0xa11</run_address>
         <size>0x88</size>
         <input_file_ref idref="fl-c5"/>
      </object_component>
      <object_component id="oc-152">
         <name>.debug_line</name>
         <load_address>0xa99</load_address>
         <run_address>0xa99</run_address>
         <size>0xb7</size>
         <input_file_ref idref="fl-c7"/>
      </object_component>
      <object_component id="oc-d7">
         <name>.debug_line</name>
         <load_address>0xb50</load_address>
         <run_address>0xb50</run_address>
         <size>0x6c</size>
         <input_file_ref idref="fl-c7"/>
      </object_component>
      <object_component id="oc-156">
         <name>.debug_line</name>
         <load_address>0xbbc</load_address>
         <run_address>0xbbc</run_address>
         <size>0x2e</size>
         <input_file_ref idref="fl-c7"/>
      </object_component>
      <object_component id="oc-16a">
         <name>.debug_line</name>
         <load_address>0xbea</load_address>
         <run_address>0xbea</run_address>
         <size>0x92</size>
         <input_file_ref idref="fl-c7"/>
      </object_component>
      <object_component id="oc-15b">
         <name>.debug_line</name>
         <load_address>0xc7c</load_address>
         <run_address>0xc7c</run_address>
         <size>0x8f</size>
         <input_file_ref idref="fl-c7"/>
      </object_component>
      <object_component id="oc-160">
         <name>.debug_line</name>
         <load_address>0xd0b</load_address>
         <run_address>0xd0b</run_address>
         <size>0x8b</size>
         <input_file_ref idref="fl-c7"/>
      </object_component>
      <object_component id="oc-8e">
         <name>.debug_line</name>
         <load_address>0xd96</load_address>
         <run_address>0xd96</run_address>
         <size>0x40</size>
         <input_file_ref idref="fl-c8"/>
      </object_component>
      <object_component id="oc-95">
         <name>.debug_frame</name>
         <load_address>0x0</load_address>
         <run_address>0x0</run_address>
         <size>0x70</size>
         <input_file_ref idref="fl-1"/>
      </object_component>
      <object_component id="oc-c5">
         <name>.debug_frame</name>
         <load_address>0x70</load_address>
         <run_address>0x70</run_address>
         <size>0x58</size>
         <input_file_ref idref="fl-2"/>
      </object_component>
      <object_component id="oc-69">
         <name>.debug_frame</name>
         <load_address>0xc8</load_address>
         <run_address>0xc8</run_address>
         <size>0x6c</size>
         <input_file_ref idref="fl-3"/>
      </object_component>
      <object_component id="oc-a7">
         <name>.debug_frame</name>
         <load_address>0x134</load_address>
         <run_address>0x134</run_address>
         <size>0x70</size>
         <input_file_ref idref="fl-4"/>
      </object_component>
      <object_component id="oc-1f">
         <name>.debug_frame</name>
         <load_address>0x1a4</load_address>
         <run_address>0x1a4</run_address>
         <size>0x54</size>
         <input_file_ref idref="fl-bf"/>
      </object_component>
      <object_component id="oc-19">
         <name>.debug_frame</name>
         <load_address>0x1f8</load_address>
         <run_address>0x1f8</run_address>
         <size>0x60</size>
         <input_file_ref idref="fl-c0"/>
      </object_component>
      <object_component id="oc-57">
         <name>.debug_frame</name>
         <load_address>0x258</load_address>
         <run_address>0x258</run_address>
         <size>0x58</size>
         <input_file_ref idref="fl-c1"/>
      </object_component>
      <object_component id="oc-cc">
         <name>.debug_frame</name>
         <load_address>0x2b0</load_address>
         <run_address>0x2b0</run_address>
         <size>0x54</size>
         <input_file_ref idref="fl-c2"/>
      </object_component>
      <object_component id="oc-d8">
         <name>.debug_frame</name>
         <load_address>0x304</load_address>
         <run_address>0x304</run_address>
         <size>0x5c</size>
         <input_file_ref idref="fl-c7"/>
      </object_component>
      <object_component id="oc-8f">
         <name>.debug_frame</name>
         <load_address>0x360</load_address>
         <run_address>0x360</run_address>
         <size>0x54</size>
         <input_file_ref idref="fl-c8"/>
      </object_component>
      <object_component id="oc-137">
         <name>.debug_abbrev</name>
         <load_address>0x0</load_address>
         <run_address>0x0</run_address>
         <size>0xa6</size>
         <input_file_ref idref="fl-1"/>
      </object_component>
      <object_component id="oc-c6">
         <name>.debug_abbrev</name>
         <load_address>0xa6</load_address>
         <run_address>0xa6</run_address>
         <size>0x5e</size>
         <input_file_ref idref="fl-1"/>
      </object_component>
      <object_component id="oc-13b">
         <name>.debug_abbrev</name>
         <load_address>0x104</load_address>
         <run_address>0x104</run_address>
         <size>0xbd</size>
         <input_file_ref idref="fl-1"/>
      </object_component>
      <object_component id="oc-140">
         <name>.debug_abbrev</name>
         <load_address>0x1c1</load_address>
         <run_address>0x1c1</run_address>
         <size>0x97</size>
         <input_file_ref idref="fl-1"/>
      </object_component>
      <object_component id="oc-ad">
         <name>.debug_abbrev</name>
         <load_address>0x258</load_address>
         <run_address>0x258</run_address>
         <size>0x69</size>
         <input_file_ref idref="fl-1"/>
      </object_component>
      <object_component id="oc-31">
         <name>.debug_abbrev</name>
         <load_address>0x2c1</load_address>
         <run_address>0x2c1</run_address>
         <size>0x1f</size>
         <input_file_ref idref="fl-1"/>
      </object_component>
      <object_component id="oc-110">
         <name>.debug_abbrev</name>
         <load_address>0x2e0</load_address>
         <run_address>0x2e0</run_address>
         <size>0x5c</size>
         <input_file_ref idref="fl-1"/>
      </object_component>
      <object_component id="oc-10b">
         <name>.debug_abbrev</name>
         <load_address>0x33c</load_address>
         <run_address>0x33c</run_address>
         <size>0x24</size>
         <input_file_ref idref="fl-1"/>
      </object_component>
      <object_component id="oc-114">
         <name>.debug_abbrev</name>
         <load_address>0x360</load_address>
         <run_address>0x360</run_address>
         <size>0x6e</size>
         <input_file_ref idref="fl-2"/>
      </object_component>
      <object_component id="oc-a9">
         <name>.debug_abbrev</name>
         <load_address>0x3ce</load_address>
         <run_address>0x3ce</run_address>
         <size>0x7c</size>
         <input_file_ref idref="fl-3"/>
      </object_component>
      <object_component id="oc-6a">
         <name>.debug_abbrev</name>
         <load_address>0x44a</load_address>
         <run_address>0x44a</run_address>
         <size>0x29</size>
         <input_file_ref idref="fl-3"/>
      </object_component>
      <object_component id="oc-a8">
         <name>.debug_abbrev</name>
         <load_address>0x473</load_address>
         <run_address>0x473</run_address>
         <size>0x89</size>
         <input_file_ref idref="fl-3"/>
      </object_component>
      <object_component id="oc-135">
         <name>.debug_abbrev</name>
         <load_address>0x4fc</load_address>
         <run_address>0x4fc</run_address>
         <size>0x29</size>
         <input_file_ref idref="fl-4"/>
      </object_component>
      <object_component id="oc-108">
         <name>.debug_abbrev</name>
         <load_address>0x525</load_address>
         <run_address>0x525</run_address>
         <size>0x8b</size>
         <input_file_ref idref="fl-4"/>
      </object_component>
      <object_component id="oc-7b">
         <name>.debug_abbrev</name>
         <load_address>0x5b0</load_address>
         <run_address>0x5b0</run_address>
         <size>0x37</size>
         <input_file_ref idref="fl-bf"/>
      </object_component>
      <object_component id="oc-39">
         <name>.debug_abbrev</name>
         <load_address>0x5e7</load_address>
         <run_address>0x5e7</run_address>
         <size>0x74</size>
         <input_file_ref idref="fl-bf"/>
      </object_component>
      <object_component id="oc-3c">
         <name>.debug_abbrev</name>
         <load_address>0x65b</load_address>
         <run_address>0x65b</run_address>
         <size>0x24</size>
         <input_file_ref idref="fl-bf"/>
      </object_component>
      <object_component id="oc-78">
         <name>.debug_abbrev</name>
         <load_address>0x67f</load_address>
         <run_address>0x67f</run_address>
         <size>0x24</size>
         <input_file_ref idref="fl-bf"/>
      </object_component>
      <object_component id="oc-b5">
         <name>.debug_abbrev</name>
         <load_address>0x6a3</load_address>
         <run_address>0x6a3</run_address>
         <size>0x37</size>
         <input_file_ref idref="fl-c0"/>
      </object_component>
      <object_component id="oc-29">
         <name>.debug_abbrev</name>
         <load_address>0x6da</load_address>
         <run_address>0x6da</run_address>
         <size>0x6f</size>
         <input_file_ref idref="fl-c0"/>
      </object_component>
      <object_component id="oc-2c">
         <name>.debug_abbrev</name>
         <load_address>0x749</load_address>
         <run_address>0x749</run_address>
         <size>0x24</size>
         <input_file_ref idref="fl-c0"/>
      </object_component>
      <object_component id="oc-b2">
         <name>.debug_abbrev</name>
         <load_address>0x76d</load_address>
         <run_address>0x76d</run_address>
         <size>0x35</size>
         <input_file_ref idref="fl-c0"/>
      </object_component>
      <object_component id="oc-71">
         <name>.debug_abbrev</name>
         <load_address>0x7a2</load_address>
         <run_address>0x7a2</run_address>
         <size>0x24</size>
         <input_file_ref idref="fl-c0"/>
      </object_component>
      <object_component id="oc-6d">
         <name>.debug_abbrev</name>
         <load_address>0x7c6</load_address>
         <run_address>0x7c6</run_address>
         <size>0x29</size>
         <input_file_ref idref="fl-c1"/>
      </object_component>
      <object_component id="oc-99">
         <name>.debug_abbrev</name>
         <load_address>0x7ef</load_address>
         <run_address>0x7ef</run_address>
         <size>0x61</size>
         <input_file_ref idref="fl-c1"/>
      </object_component>
      <object_component id="oc-115">
         <name>.debug_abbrev</name>
         <load_address>0x850</load_address>
         <run_address>0x850</run_address>
         <size>0x45</size>
         <input_file_ref idref="fl-c2"/>
      </object_component>
      <object_component id="oc-75">
         <name>.debug_abbrev</name>
         <load_address>0x895</load_address>
         <run_address>0x895</run_address>
         <size>0x3e</size>
         <input_file_ref idref="fl-c5"/>
      </object_component>
      <object_component id="oc-151">
         <name>.debug_abbrev</name>
         <load_address>0x8d3</load_address>
         <run_address>0x8d3</run_address>
         <size>0xdb</size>
         <input_file_ref idref="fl-c7"/>
      </object_component>
      <object_component id="oc-11f">
         <name>.debug_abbrev</name>
         <load_address>0x9ae</load_address>
         <run_address>0x9ae</run_address>
         <size>0x7e</size>
         <input_file_ref idref="fl-c7"/>
      </object_component>
      <object_component id="oc-155">
         <name>.debug_abbrev</name>
         <load_address>0xa2c</load_address>
         <run_address>0xa2c</run_address>
         <size>0x24</size>
         <input_file_ref idref="fl-c7"/>
      </object_component>
      <object_component id="oc-169">
         <name>.debug_abbrev</name>
         <load_address>0xa50</load_address>
         <run_address>0xa50</run_address>
         <size>0x24</size>
         <input_file_ref idref="fl-c7"/>
      </object_component>
      <object_component id="oc-15a">
         <name>.debug_abbrev</name>
         <load_address>0xa74</load_address>
         <run_address>0xa74</run_address>
         <size>0x24</size>
         <input_file_ref idref="fl-c7"/>
      </object_component>
      <object_component id="oc-15f">
         <name>.debug_abbrev</name>
         <load_address>0xa98</load_address>
         <run_address>0xa98</run_address>
         <size>0x4b</size>
         <input_file_ref idref="fl-c7"/>
      </object_component>
      <object_component id="oc-bf">
         <name>.debug_abbrev</name>
         <load_address>0xae3</load_address>
         <run_address>0xae3</run_address>
         <size>0x55</size>
         <input_file_ref idref="fl-c8"/>
      </object_component>
      <object_component id="oc-1a5">
         <name>.debug_abbrev</name>
         <load_address>0xb38</load_address>
         <run_address>0xb38</run_address>
         <size>0xf</size>
      </object_component>
      <object_component id="oc-13d">
         <name>.debug_str</name>
         <load_address>0x0</load_address>
         <run_address>0x0</run_address>
         <size>0x15d7</size>
         <input_file_ref idref="fl-1"/>
      </object_component>
      <object_component id="oc-142">
         <name>.debug_str</name>
         <load_address>0x15d7</load_address>
         <run_address>0x15d7</run_address>
         <size>0x493</size>
         <input_file_ref idref="fl-1"/>
      </object_component>
      <object_component id="oc-af">
         <name>.debug_str</name>
         <load_address>0x1a6a</load_address>
         <run_address>0x1a6a</run_address>
         <size>0x2be</size>
         <input_file_ref idref="fl-1"/>
      </object_component>
      <object_component id="oc-33">
         <name>.debug_str</name>
         <load_address>0x1d28</load_address>
         <run_address>0x1d28</run_address>
         <size>0xfc</size>
         <input_file_ref idref="fl-1"/>
      </object_component>
      <object_component id="oc-112">
         <name>.debug_str</name>
         <load_address>0x1e24</load_address>
         <run_address>0x1e24</run_address>
         <size>0x34d</size>
         <input_file_ref idref="fl-1"/>
      </object_component>
      <object_component id="oc-10d">
         <name>.debug_str</name>
         <load_address>0x2171</load_address>
         <run_address>0x2171</run_address>
         <size>0x156</size>
         <input_file_ref idref="fl-1"/>
      </object_component>
      <object_component id="oc-3e">
         <name>.debug_str</name>
         <load_address>0x22c7</load_address>
         <run_address>0x22c7</run_address>
         <size>0x100</size>
         <input_file_ref idref="fl-bf"/>
      </object_component>
      <object_component id="oc-7a">
         <name>.debug_str</name>
         <load_address>0x23c7</load_address>
         <run_address>0x23c7</run_address>
         <size>0x12d</size>
         <input_file_ref idref="fl-bf"/>
      </object_component>
      <object_component id="oc-2e">
         <name>.debug_str</name>
         <load_address>0x24f4</load_address>
         <run_address>0x24f4</run_address>
         <size>0x10d</size>
         <input_file_ref idref="fl-c0"/>
      </object_component>
      <object_component id="oc-b4">
         <name>.debug_str</name>
         <load_address>0x2601</load_address>
         <run_address>0x2601</run_address>
         <size>0x158</size>
         <input_file_ref idref="fl-c0"/>
      </object_component>
      <object_component id="oc-73">
         <name>.debug_str</name>
         <load_address>0x2759</load_address>
         <run_address>0x2759</run_address>
         <size>0x145</size>
         <input_file_ref idref="fl-c0"/>
      </object_component>
      <object_component id="oc-157">
         <name>.debug_str</name>
         <load_address>0x289e</load_address>
         <run_address>0x289e</run_address>
         <size>0xe2</size>
         <input_file_ref idref="fl-c7"/>
      </object_component>
      <object_component id="oc-16b">
         <name>.debug_str</name>
         <load_address>0x2980</load_address>
         <run_address>0x2980</run_address>
         <size>0x144</size>
         <input_file_ref idref="fl-c7"/>
      </object_component>
      <object_component id="oc-15c">
         <name>.debug_str</name>
         <load_address>0x2ac4</load_address>
         <run_address>0x2ac4</run_address>
         <size>0x13d</size>
         <input_file_ref idref="fl-c7"/>
      </object_component>
      <object_component id="oc-161">
         <name>.debug_str</name>
         <load_address>0x2c01</load_address>
         <run_address>0x2c01</run_address>
         <size>0x184</size>
         <input_file_ref idref="fl-c7"/>
      </object_component>
      <object_component id="oc-92">
         <name>.debug_aranges</name>
         <load_address>0x0</load_address>
         <run_address>0x0</run_address>
         <size>0x28</size>
         <input_file_ref idref="fl-1"/>
      </object_component>
      <object_component id="oc-c2">
         <name>.debug_aranges</name>
         <load_address>0x28</load_address>
         <run_address>0x28</run_address>
         <size>0x20</size>
         <input_file_ref idref="fl-2"/>
      </object_component>
      <object_component id="oc-66">
         <name>.debug_aranges</name>
         <load_address>0x48</load_address>
         <run_address>0x48</run_address>
         <size>0x28</size>
         <input_file_ref idref="fl-3"/>
      </object_component>
      <object_component id="oc-a4">
         <name>.debug_aranges</name>
         <load_address>0x70</load_address>
         <run_address>0x70</run_address>
         <size>0x28</size>
         <input_file_ref idref="fl-4"/>
      </object_component>
      <object_component id="oc-1c">
         <name>.debug_aranges</name>
         <load_address>0x98</load_address>
         <run_address>0x98</run_address>
         <size>0x20</size>
         <input_file_ref idref="fl-bf"/>
      </object_component>
      <object_component id="oc-16">
         <name>.debug_aranges</name>
         <load_address>0xb8</load_address>
         <run_address>0xb8</run_address>
         <size>0x20</size>
         <input_file_ref idref="fl-c0"/>
      </object_component>
      <object_component id="oc-54">
         <name>.debug_aranges</name>
         <load_address>0xd8</load_address>
         <run_address>0xd8</run_address>
         <size>0x20</size>
         <input_file_ref idref="fl-c1"/>
      </object_component>
      <object_component id="oc-c9">
         <name>.debug_aranges</name>
         <load_address>0xf8</load_address>
         <run_address>0xf8</run_address>
         <size>0x20</size>
         <input_file_ref idref="fl-c2"/>
      </object_component>
      <object_component id="oc-36">
         <name>.debug_aranges</name>
         <load_address>0x118</load_address>
         <run_address>0x118</run_address>
         <size>0x20</size>
         <input_file_ref idref="fl-c5"/>
      </object_component>
      <object_component id="oc-d5">
         <name>.debug_aranges</name>
         <load_address>0x138</load_address>
         <run_address>0x138</run_address>
         <size>0x20</size>
         <input_file_ref idref="fl-c7"/>
      </object_component>
      <object_component id="oc-8c">
         <name>.debug_aranges</name>
         <load_address>0x158</load_address>
         <run_address>0x158</run_address>
         <size>0x20</size>
         <input_file_ref idref="fl-c8"/>
      </object_component>
      <object_component id="oc-93">
         <name>.debug_pubnames</name>
         <load_address>0x0</load_address>
         <run_address>0x0</run_address>
         <size>0x30</size>
         <input_file_ref idref="fl-1"/>
      </object_component>
      <object_component id="oc-c3">
         <name>.debug_pubnames</name>
         <load_address>0x30</load_address>
         <run_address>0x30</run_address>
         <size>0x1e</size>
         <input_file_ref idref="fl-2"/>
      </object_component>
      <object_component id="oc-25">
         <name>.debug_pubnames</name>
         <load_address>0x4e</load_address>
         <run_address>0x4e</run_address>
         <size>0x27</size>
         <input_file_ref idref="fl-3"/>
      </object_component>
      <object_component id="oc-67">
         <name>.debug_pubnames</name>
         <load_address>0x75</load_address>
         <run_address>0x75</run_address>
         <size>0x38</size>
         <input_file_ref idref="fl-3"/>
      </object_component>
      <object_component id="oc-107">
         <name>.debug_pubnames</name>
         <load_address>0xad</load_address>
         <run_address>0xad</run_address>
         <size>0x26</size>
         <input_file_ref idref="fl-4"/>
      </object_component>
      <object_component id="oc-a5">
         <name>.debug_pubnames</name>
         <load_address>0xd3</load_address>
         <run_address>0xd3</run_address>
         <size>0x3b</size>
         <input_file_ref idref="fl-4"/>
      </object_component>
      <object_component id="oc-1d">
         <name>.debug_pubnames</name>
         <load_address>0x10e</load_address>
         <run_address>0x10e</run_address>
         <size>0x2b</size>
         <input_file_ref idref="fl-bf"/>
      </object_component>
      <object_component id="oc-17">
         <name>.debug_pubnames</name>
         <load_address>0x139</load_address>
         <run_address>0x139</run_address>
         <size>0x2b</size>
         <input_file_ref idref="fl-c0"/>
      </object_component>
      <object_component id="oc-28">
         <name>.debug_pubnames</name>
         <load_address>0x164</load_address>
         <run_address>0x164</run_address>
         <size>0x1e</size>
         <input_file_ref idref="fl-c1"/>
      </object_component>
      <object_component id="oc-55">
         <name>.debug_pubnames</name>
         <load_address>0x182</load_address>
         <run_address>0x182</run_address>
         <size>0x26</size>
         <input_file_ref idref="fl-c1"/>
      </object_component>
      <object_component id="oc-ca">
         <name>.debug_pubnames</name>
         <load_address>0x1a8</load_address>
         <run_address>0x1a8</run_address>
         <size>0x1c</size>
         <input_file_ref idref="fl-c2"/>
      </object_component>
      <object_component id="oc-37">
         <name>.debug_pubnames</name>
         <load_address>0x1c4</load_address>
         <run_address>0x1c4</run_address>
         <size>0x1d</size>
         <input_file_ref idref="fl-c5"/>
      </object_component>
      <object_component id="oc-d6">
         <name>.debug_pubnames</name>
         <load_address>0x1e1</load_address>
         <run_address>0x1e1</run_address>
         <size>0x35</size>
         <input_file_ref idref="fl-c7"/>
      </object_component>
      <object_component id="oc-8d">
         <name>.debug_pubnames</name>
         <load_address>0x216</load_address>
         <run_address>0x216</run_address>
         <size>0x27</size>
         <input_file_ref idref="fl-c8"/>
      </object_component>
      <object_component id="oc-13a">
         <name>.debug_pubtypes</name>
         <load_address>0x0</load_address>
         <run_address>0x0</run_address>
         <size>0x2ce</size>
         <input_file_ref idref="fl-1"/>
      </object_component>
      <object_component id="oc-13f">
         <name>.debug_pubtypes</name>
         <load_address>0x2ce</load_address>
         <run_address>0x2ce</run_address>
         <size>0xdd</size>
         <input_file_ref idref="fl-1"/>
      </object_component>
      <object_component id="oc-ac">
         <name>.debug_pubtypes</name>
         <load_address>0x3ab</load_address>
         <run_address>0x3ab</run_address>
         <size>0x25c</size>
         <input_file_ref idref="fl-1"/>
      </object_component>
      <object_component id="oc-30">
         <name>.debug_pubtypes</name>
         <load_address>0x607</load_address>
         <run_address>0x607</run_address>
         <size>0xed</size>
         <input_file_ref idref="fl-1"/>
      </object_component>
      <object_component id="oc-10f">
         <name>.debug_pubtypes</name>
         <load_address>0x6f4</load_address>
         <run_address>0x6f4</run_address>
         <size>0x325</size>
         <input_file_ref idref="fl-1"/>
      </object_component>
      <object_component id="oc-10a">
         <name>.debug_pubtypes</name>
         <load_address>0xa19</load_address>
         <run_address>0xa19</run_address>
         <size>0xaa</size>
         <input_file_ref idref="fl-1"/>
      </object_component>
      <object_component id="oc-3b">
         <name>.debug_pubtypes</name>
         <load_address>0xac3</load_address>
         <run_address>0xac3</run_address>
         <size>0x48</size>
         <input_file_ref idref="fl-bf"/>
      </object_component>
      <object_component id="oc-77">
         <name>.debug_pubtypes</name>
         <load_address>0xb0b</load_address>
         <run_address>0xb0b</run_address>
         <size>0x1d</size>
         <input_file_ref idref="fl-bf"/>
      </object_component>
      <object_component id="oc-2b">
         <name>.debug_pubtypes</name>
         <load_address>0xb28</load_address>
         <run_address>0xb28</run_address>
         <size>0x5d</size>
         <input_file_ref idref="fl-c0"/>
      </object_component>
      <object_component id="oc-b1">
         <name>.debug_pubtypes</name>
         <load_address>0xb85</load_address>
         <run_address>0xb85</run_address>
         <size>0x48</size>
         <input_file_ref idref="fl-c0"/>
      </object_component>
      <object_component id="oc-70">
         <name>.debug_pubtypes</name>
         <load_address>0xbcd</load_address>
         <run_address>0xbcd</run_address>
         <size>0x35</size>
         <input_file_ref idref="fl-c0"/>
      </object_component>
      <object_component id="oc-154">
         <name>.debug_pubtypes</name>
         <load_address>0xc02</load_address>
         <run_address>0xc02</run_address>
         <size>0x32</size>
         <input_file_ref idref="fl-c7"/>
      </object_component>
      <object_component id="oc-168">
         <name>.debug_pubtypes</name>
         <load_address>0xc34</load_address>
         <run_address>0xc34</run_address>
         <size>0x30</size>
         <input_file_ref idref="fl-c7"/>
      </object_component>
      <object_component id="oc-159">
         <name>.debug_pubtypes</name>
         <load_address>0xc64</load_address>
         <run_address>0xc64</run_address>
         <size>0x2c</size>
         <input_file_ref idref="fl-c7"/>
      </object_component>
      <object_component id="oc-15e">
         <name>.debug_pubtypes</name>
         <load_address>0xc90</load_address>
         <run_address>0xc90</run_address>
         <size>0x50</size>
         <input_file_ref idref="fl-c7"/>
      </object_component>
   </object_component_list>
   <logical_group_list>
      <logical_group id="lg-3" display="no" color="cyan">
         <name>.intvecs</name>
         <load_address>0x0</load_address>
         <run_address>0x0</run_address>
         <size>0xe4</size>
         <contents>
            <object_component_ref idref="oc-23"/>
         </contents>
      </logical_group>
      <logical_group id="lg-4" display="no" color="cyan">
         <name>.text</name>
         <load_address>0xe4</load_address>
         <run_address>0xe4</run_address>
         <size>0x6d8</size>
         <contents>
            <object_component_ref idref="oc-a2"/>
            <object_component_ref idref="oc-c0"/>
            <object_component_ref idref="oc-90"/>
            <object_component_ref idref="oc-34"/>
            <object_component_ref idref="oc-14"/>
            <object_component_ref idref="oc-d3"/>
            <object_component_ref idref="oc-52"/>
            <object_component_ref idref="oc-1a"/>
            <object_component_ref idref="oc-64"/>
            <object_component_ref idref="oc-8a"/>
            <object_component_ref idref="oc-c7"/>
         </contents>
      </logical_group>
      <logical_group id="lg-5" display="no" color="cyan">
         <name>.const</name>
         <run_address>0x0</run_address>
         <size>0x0</size>
         <contents>
         </contents>
      </logical_group>
      <logical_group id="lg-6" display="no" color="cyan">
         <name>.cinit</name>
         <load_address>0x7c0</load_address>
         <run_address>0x7c0</run_address>
         <size>0x18</size>
         <contents>
            <object_component_ref idref="oc-1a2"/>
            <object_component_ref idref="oc-1a0"/>
            <object_component_ref idref="oc-1a1"/>
         </contents>
      </logical_group>
      <logical_group id="lg-7" display="no" color="cyan">
         <name>.pinit</name>
         <run_address>0x0</run_address>
         <size>0x0</size>
         <contents>
         </contents>
      </logical_group>
      <logical_group id="lg-8" display="no" color="cyan">
         <name>.init_array</name>
         <run_address>0x0</run_address>
         <size>0x0</size>
         <contents>
         </contents>
      </logical_group>
      <logical_group id="lg-9" display="no" color="cyan">
         <name>.binit</name>
         <load_address>0x0</load_address>
         <run_address>0x0</run_address>
         <size>0x0</size>
         <contents>
            <object_component_ref idref="oc-175"/>
         </contents>
      </logical_group>
      <logical_group id="lg-a" display="no" color="cyan">
         <name>.flashMailbox</name>
         <run_address>0x0</run_address>
         <size>0x0</size>
         <contents>
         </contents>
      </logical_group>
      <logical_group id="lg-b" display="no" color="cyan">
         <name>.tlvTable</name>
         <run_address>0x0</run_address>
         <size>0x0</size>
         <contents>
         </contents>
      </logical_group>
      <logical_group id="lg-c" display="no" color="cyan">
         <name>.bslArea</name>
         <run_address>0x0</run_address>
         <size>0x0</size>
         <contents>
         </contents>
      </logical_group>
      <logical_group id="lg-d" display="no" color="cyan">
         <name>.vtable</name>
         <run_address>0x0</run_address>
         <size>0x0</size>
         <contents>
         </contents>
      </logical_group>
      <logical_group id="lg-e" display="no" color="cyan">
         <name>.data</name>
         <run_address>0x20000000</run_address>
         <size>0x4</size>
         <contents>
            <object_component_ref idref="oc-105"/>
         </contents>
      </logical_group>
      <logical_group id="lg-f" display="no" color="cyan">
         <name>.bss</name>
         <run_address>0x0</run_address>
         <size>0x0</size>
         <contents>
         </contents>
      </logical_group>
      <logical_group id="lg-10" display="no" color="cyan">
         <name>.sysmem</name>
         <run_address>0x0</run_address>
         <size>0x0</size>
         <contents>
         </contents>
      </logical_group>
      <logical_group id="lg-11" display="no" color="cyan">
         <name>.stack</name>
         <run_address>0x2000fe00</run_address>
         <size>0x200</size>
         <contents>
            <object_component_ref idref="oc-26"/>
            <object_component_ref idref="oc-1a3"/>
         </contents>
      </logical_group>
      <logical_group id="lg-12" display="no" color="cyan">
         <name>.TI.ramfunc</name>
         <run_address>0x0</run_address>
         <size>0x0</size>
         <contents>
         </contents>
      </logical_group>
      <logical_group id="lg-173" display="no" color="cyan">
         <name>.TI.noinit</name>
         <run_address>0x0</run_address>
         <size>0x0</size>
         <contents>
         </contents>
      </logical_group>
      <logical_group id="lg-174" display="no" color="cyan">
         <name>.TI.persistent</name>
         <run_address>0x0</run_address>
         <size>0x0</size>
         <contents>
         </contents>
      </logical_group>
      <logical_group id="lg-188" display="never" color="cyan">
         <name>.debug_info</name>
         <load_address>0x0</load_address>
         <run_address>0x0</run_address>
         <size>0x7933</size>
         <contents>
            <object_component_ref idref="oc-113"/>
            <object_component_ref idref="oc-91"/>
            <object_component_ref idref="oc-139"/>
            <object_component_ref idref="oc-13e"/>
            <object_component_ref idref="oc-ab"/>
            <object_component_ref idref="oc-2f"/>
            <object_component_ref idref="oc-10e"/>
            <object_component_ref idref="oc-109"/>
            <object_component_ref idref="oc-c1"/>
            <object_component_ref idref="oc-6c"/>
            <object_component_ref idref="oc-24"/>
            <object_component_ref idref="oc-65"/>
            <object_component_ref idref="oc-106"/>
            <object_component_ref idref="oc-a3"/>
            <object_component_ref idref="oc-3f"/>
            <object_component_ref idref="oc-1b"/>
            <object_component_ref idref="oc-3a"/>
            <object_component_ref idref="oc-76"/>
            <object_component_ref idref="oc-74"/>
            <object_component_ref idref="oc-15"/>
            <object_component_ref idref="oc-2a"/>
            <object_component_ref idref="oc-b0"/>
            <object_component_ref idref="oc-6f"/>
            <object_component_ref idref="oc-27"/>
            <object_component_ref idref="oc-53"/>
            <object_component_ref idref="oc-c8"/>
            <object_component_ref idref="oc-35"/>
            <object_component_ref idref="oc-120"/>
            <object_component_ref idref="oc-d4"/>
            <object_component_ref idref="oc-153"/>
            <object_component_ref idref="oc-167"/>
            <object_component_ref idref="oc-158"/>
            <object_component_ref idref="oc-15d"/>
            <object_component_ref idref="oc-8b"/>
            <object_component_ref idref="oc-1a4"/>
         </contents>
      </logical_group>
      <logical_group id="lg-18a" display="never" color="cyan">
         <name>.debug_line</name>
         <load_address>0x0</load_address>
         <run_address>0x0</run_address>
         <size>0xdd6</size>
         <contents>
            <object_component_ref idref="oc-138"/>
            <object_component_ref idref="oc-94"/>
            <object_component_ref idref="oc-13c"/>
            <object_component_ref idref="oc-141"/>
            <object_component_ref idref="oc-ae"/>
            <object_component_ref idref="oc-32"/>
            <object_component_ref idref="oc-111"/>
            <object_component_ref idref="oc-10c"/>
            <object_component_ref idref="oc-c4"/>
            <object_component_ref idref="oc-aa"/>
            <object_component_ref idref="oc-6b"/>
            <object_component_ref idref="oc-68"/>
            <object_component_ref idref="oc-136"/>
            <object_component_ref idref="oc-a6"/>
            <object_component_ref idref="oc-7c"/>
            <object_component_ref idref="oc-1e"/>
            <object_component_ref idref="oc-3d"/>
            <object_component_ref idref="oc-79"/>
            <object_component_ref idref="oc-b6"/>
            <object_component_ref idref="oc-18"/>
            <object_component_ref idref="oc-2d"/>
            <object_component_ref idref="oc-b3"/>
            <object_component_ref idref="oc-72"/>
            <object_component_ref idref="oc-6e"/>
            <object_component_ref idref="oc-56"/>
            <object_component_ref idref="oc-cb"/>
            <object_component_ref idref="oc-38"/>
            <object_component_ref idref="oc-152"/>
            <object_component_ref idref="oc-d7"/>
            <object_component_ref idref="oc-156"/>
            <object_component_ref idref="oc-16a"/>
            <object_component_ref idref="oc-15b"/>
            <object_component_ref idref="oc-160"/>
            <object_component_ref idref="oc-8e"/>
         </contents>
      </logical_group>
      <logical_group id="lg-18c" display="never" color="cyan">
         <name>.debug_frame</name>
         <load_address>0x0</load_address>
         <run_address>0x0</run_address>
         <size>0x3b4</size>
         <contents>
            <object_component_ref idref="oc-95"/>
            <object_component_ref idref="oc-c5"/>
            <object_component_ref idref="oc-69"/>
            <object_component_ref idref="oc-a7"/>
            <object_component_ref idref="oc-1f"/>
            <object_component_ref idref="oc-19"/>
            <object_component_ref idref="oc-57"/>
            <object_component_ref idref="oc-cc"/>
            <object_component_ref idref="oc-d8"/>
            <object_component_ref idref="oc-8f"/>
         </contents>
      </logical_group>
      <logical_group id="lg-18e" display="never" color="cyan">
         <name>.debug_abbrev</name>
         <load_address>0x0</load_address>
         <run_address>0x0</run_address>
         <size>0xb47</size>
         <contents>
            <object_component_ref idref="oc-137"/>
            <object_component_ref idref="oc-c6"/>
            <object_component_ref idref="oc-13b"/>
            <object_component_ref idref="oc-140"/>
            <object_component_ref idref="oc-ad"/>
            <object_component_ref idref="oc-31"/>
            <object_component_ref idref="oc-110"/>
            <object_component_ref idref="oc-10b"/>
            <object_component_ref idref="oc-114"/>
            <object_component_ref idref="oc-a9"/>
            <object_component_ref idref="oc-6a"/>
            <object_component_ref idref="oc-a8"/>
            <object_component_ref idref="oc-135"/>
            <object_component_ref idref="oc-108"/>
            <object_component_ref idref="oc-7b"/>
            <object_component_ref idref="oc-39"/>
            <object_component_ref idref="oc-3c"/>
            <object_component_ref idref="oc-78"/>
            <object_component_ref idref="oc-b5"/>
            <object_component_ref idref="oc-29"/>
            <object_component_ref idref="oc-2c"/>
            <object_component_ref idref="oc-b2"/>
            <object_component_ref idref="oc-71"/>
            <object_component_ref idref="oc-6d"/>
            <object_component_ref idref="oc-99"/>
            <object_component_ref idref="oc-115"/>
            <object_component_ref idref="oc-75"/>
            <object_component_ref idref="oc-151"/>
            <object_component_ref idref="oc-11f"/>
            <object_component_ref idref="oc-155"/>
            <object_component_ref idref="oc-169"/>
            <object_component_ref idref="oc-15a"/>
            <object_component_ref idref="oc-15f"/>
            <object_component_ref idref="oc-bf"/>
            <object_component_ref idref="oc-1a5"/>
         </contents>
      </logical_group>
      <logical_group id="lg-190" display="never" color="cyan">
         <name>.debug_str</name>
         <load_address>0x0</load_address>
         <run_address>0x0</run_address>
         <size>0x2d85</size>
         <contents>
            <object_component_ref idref="oc-13d"/>
            <object_component_ref idref="oc-142"/>
            <object_component_ref idref="oc-af"/>
            <object_component_ref idref="oc-33"/>
            <object_component_ref idref="oc-112"/>
            <object_component_ref idref="oc-10d"/>
            <object_component_ref idref="oc-3e"/>
            <object_component_ref idref="oc-7a"/>
            <object_component_ref idref="oc-2e"/>
            <object_component_ref idref="oc-b4"/>
            <object_component_ref idref="oc-73"/>
            <object_component_ref idref="oc-157"/>
            <object_component_ref idref="oc-16b"/>
            <object_component_ref idref="oc-15c"/>
            <object_component_ref idref="oc-161"/>
         </contents>
      </logical_group>
      <logical_group id="lg-192" display="never" color="cyan">
         <name>.debug_aranges</name>
         <load_address>0x0</load_address>
         <run_address>0x0</run_address>
         <size>0x178</size>
         <contents>
            <object_component_ref idref="oc-92"/>
            <object_component_ref idref="oc-c2"/>
            <object_component_ref idref="oc-66"/>
            <object_component_ref idref="oc-a4"/>
            <object_component_ref idref="oc-1c"/>
            <object_component_ref idref="oc-16"/>
            <object_component_ref idref="oc-54"/>
            <object_component_ref idref="oc-c9"/>
            <object_component_ref idref="oc-36"/>
            <object_component_ref idref="oc-d5"/>
            <object_component_ref idref="oc-8c"/>
         </contents>
      </logical_group>
      <logical_group id="lg-194" display="never" color="cyan">
         <name>.debug_pubnames</name>
         <load_address>0x0</load_address>
         <run_address>0x0</run_address>
         <size>0x23d</size>
         <contents>
            <object_component_ref idref="oc-93"/>
            <object_component_ref idref="oc-c3"/>
            <object_component_ref idref="oc-25"/>
            <object_component_ref idref="oc-67"/>
            <object_component_ref idref="oc-107"/>
            <object_component_ref idref="oc-a5"/>
            <object_component_ref idref="oc-1d"/>
            <object_component_ref idref="oc-17"/>
            <object_component_ref idref="oc-28"/>
            <object_component_ref idref="oc-55"/>
            <object_component_ref idref="oc-ca"/>
            <object_component_ref idref="oc-37"/>
            <object_component_ref idref="oc-d6"/>
            <object_component_ref idref="oc-8d"/>
         </contents>
      </logical_group>
      <logical_group id="lg-196" display="never" color="cyan">
         <name>.debug_pubtypes</name>
         <load_address>0x0</load_address>
         <run_address>0x0</run_address>
         <size>0xce0</size>
         <contents>
            <object_component_ref idref="oc-13a"/>
            <object_component_ref idref="oc-13f"/>
            <object_component_ref idref="oc-ac"/>
            <object_component_ref idref="oc-30"/>
            <object_component_ref idref="oc-10f"/>
            <object_component_ref idref="oc-10a"/>
            <object_component_ref idref="oc-3b"/>
            <object_component_ref idref="oc-77"/>
            <object_component_ref idref="oc-2b"/>
            <object_component_ref idref="oc-b1"/>
            <object_component_ref idref="oc-70"/>
            <object_component_ref idref="oc-154"/>
            <object_component_ref idref="oc-168"/>
            <object_component_ref idref="oc-159"/>
            <object_component_ref idref="oc-15e"/>
         </contents>
      </logical_group>
      <load_segment id="lg-1a6" display="no" color="cyan">
         <name>SEGMENT_0</name>
         <load_address>0x0</load_address>
         <run_address>0x0</run_address>
         <size>0x7d8</size>
         <flags>0x5</flags>
         <contents>
            <logical_group_ref idref="lg-3"/>
            <logical_group_ref idref="lg-4"/>
            <logical_group_ref idref="lg-6"/>
         </contents>
      </load_segment>
      <load_segment id="lg-1a7" display="no" color="cyan">
         <name>SEGMENT_1</name>
         <run_address>0x20000000</run_address>
         <size>0x4</size>
         <flags>0x6</flags>
         <contents>
            <logical_group_ref idref="lg-e"/>
         </contents>
      </load_segment>
      <load_segment id="lg-1a8" display="no" color="cyan">
         <name>SEGMENT_2</name>
         <run_address>0x2000fe00</run_address>
         <size>0x200</size>
         <flags>0x6</flags>
         <contents>
            <logical_group_ref idref="lg-11"/>
         </contents>
      </load_segment>
   </logical_group_list>
   <placement_map>
      <memory_area display="yes" color="green">
         <name>MAIN</name>
         <page_id>0x0</page_id>
         <origin>0x0</origin>
         <length>0x40000</length>
         <used_space>0x7d4</used_space>
         <unused_space>0x3f82c</unused_space>
         <attributes>RX</attributes>
         <usage_details>
            <allocated_space>
               <start_address>0x0</start_address>
               <size>0x0</size>
               <logical_group_ref idref="lg-9"/>
            </allocated_space>
            <allocated_space>
               <start_address>0x0</start_address>
               <size>0xe4</size>
               <logical_group_ref idref="lg-3"/>
            </allocated_space>
            <allocated_space>
               <start_address>0xe4</start_address>
               <size>0x6d8</size>
               <logical_group_ref idref="lg-4"/>
            </allocated_space>
            <available_space>
               <start_address>0x7bc</start_address>
               <size>0x4</size>
            </available_space>
            <allocated_space>
               <start_address>0x7c0</start_address>
               <size>0x18</size>
               <logical_group_ref idref="lg-6"/>
            </allocated_space>
            <available_space>
               <start_address>0x7d8</start_address>
               <size>0x3f828</size>
            </available_space>
         </usage_details>
      </memory_area>
      <memory_area display="yes" color="green">
         <name>INFO</name>
         <page_id>0x0</page_id>
         <origin>0x200000</origin>
         <length>0x4000</length>
         <used_space>0x0</used_space>
         <unused_space>0x4000</unused_space>
         <attributes>RX</attributes>
         <usage_details>
         </usage_details>
      </memory_area>
      <memory_area display="yes" color="green">
         <name>SRAM_CODE</name>
         <page_id>0x0</page_id>
         <origin>0x1000000</origin>
         <length>0x10000</length>
         <used_space>0x204</used_space>
         <unused_space>0xfdfc</unused_space>
         <attributes>RWX</attributes>
         <usage_details>
            <allocated_space>
               <start_address>0x1000000</start_address>
               <size>0x4</size>
               <logical_group_ref idref="lg-e"/>
            </allocated_space>
            <available_space>
               <start_address>0x1000004</start_address>
               <size>0xfdfc</size>
            </available_space>
            <allocated_space>
               <start_address>0x100fe00</start_address>
               <size>0x200</size>
               <logical_group_ref idref="lg-11"/>
            </allocated_space>
         </usage_details>
      </memory_area>
      <memory_area display="yes" color="green">
         <name>SRAM_DATA</name>
         <page_id>0x0</page_id>
         <origin>0x20000000</origin>
         <length>0x10000</length>
         <used_space>0x204</used_space>
         <unused_space>0xfdfc</unused_space>
         <attributes>RW</attributes>
         <usage_details>
            <allocated_space>
               <start_address>0x20000000</start_address>
               <size>0x4</size>
               <logical_group_ref idref="lg-e"/>
            </allocated_space>
            <available_space>
               <start_address>0x20000004</start_address>
               <size>0xfdfc</size>
            </available_space>
            <allocated_space>
               <start_address>0x2000fe00</start_address>
               <size>0x200</size>
               <logical_group_ref idref="lg-11"/>
            </allocated_space>
         </usage_details>
      </memory_area>
   </placement_map>
   <cptbl_list>
      <cptbl>
         <name>__TI_cinit_table</name>
         <cprec>
            <name>.data</name>
            <load_address>0x7c0</load_address>
            <load_size>0x8</load_size>
            <run_address>0x20000000</run_address>
            <run_size>0x4</run_size>
            <compression>lzss</compression>
         </cprec>
      </cptbl>
   </cptbl_list>
   <handler_table>
      <handler_table_name>__TI_handler_table</handler_table_name>
      <handler>
         <index>0x0</index>
         <name>__TI_decompress_lzss</name>
      </handler>
      <handler>
         <index>0x1</index>
         <name>__TI_decompress_none</name>
      </handler>
   </handler_table>
   <symbol_table>
      <symbol id="sm-1">
         <name>WDTCTL_SYM</name>
         <value>0x4000480c</value>
      </symbol>
      <symbol id="sm-2">
         <name>__TI_CINIT_Base</name>
         <value>0x7d0</value>
      </symbol>
      <symbol id="sm-3">
         <name>__TI_CINIT_Limit</name>
         <value>0x7d8</value>
      </symbol>
      <symbol id="sm-4">
         <name>__TI_Handler_Table_Base</name>
         <value>0x7c8</value>
      </symbol>
      <symbol id="sm-5">
         <name>__TI_Handler_Table_Limit</name>
         <value>0x7d0</value>
      </symbol>
      <symbol id="sm-6">
         <name>binit</name>
         <value>0xffffffff</value>
      </symbol>
      <symbol id="sm-7">
         <name>__binit__</name>
         <value>0xffffffff</value>
      </symbol>
      <symbol id="sm-8">
         <name>__STACK_SIZE</name>
         <value>0x200</value>
      </symbol>
      <symbol id="sm-9">
         <name>__STACK_END</name>
         <value>0x20010000</value>
      </symbol>
      <symbol id="sm-a">
         <name>__c_args__</name>
         <value>0xffffffff</value>
      </symbol>
      <symbol id="sm-b">
         <name>__TI_pprof_out_hndl</name>
         <value>0xffffffff</value>
      </symbol>
      <symbol id="sm-c">
         <name>__TI_prof_data_start</name>
         <value>0xffffffff</value>
      </symbol>
      <symbol id="sm-d">
         <name>__TI_prof_data_size</name>
         <value>0xffffffff</value>
      </symbol>
      <symbol id="sm-61">
         <name>main</name>
         <value>0x525</value>
         <object_component_ref idref="oc-90"/>
      </symbol>
      <symbol id="sm-62">
         <name>TA0_0_IRQHANDLER</name>
         <value>0x5b1</value>
         <object_component_ref idref="oc-90"/>
      </symbol>
      <symbol id="sm-7d">
         <name>set_DCO</name>
         <value>0x419</value>
         <object_component_ref idref="oc-c0"/>
      </symbol>
      <symbol id="sm-92">
         <name>Reset_Handler</name>
         <value>0x7a7</value>
         <object_component_ref idref="oc-64"/>
      </symbol>
      <symbol id="sm-93">
         <name>Default_Handler</name>
         <value>0x7b3</value>
         <object_component_ref idref="oc-64"/>
      </symbol>
      <symbol id="sm-94">
         <name>interruptVectors</name>
         <value>0x0</value>
         <object_component_ref idref="oc-23"/>
      </symbol>
      <symbol id="sm-dc">
         <name>SystemInit</name>
         <value>0x35d</value>
         <object_component_ref idref="oc-a2"/>
      </symbol>
      <symbol id="sm-dd">
         <name>SystemCoreClockUpdate</name>
         <value>0xe5</value>
         <object_component_ref idref="oc-a2"/>
      </symbol>
      <symbol id="sm-de">
         <name>SystemCoreClock</name>
         <value>0x20000000</value>
         <object_component_ref idref="oc-105"/>
      </symbol>
      <symbol id="sm-f6">
         <name>__TI_decompress_none</name>
         <value>0x799</value>
         <object_component_ref idref="oc-1a"/>
      </symbol>
      <symbol id="sm-119">
         <name>__TI_decompress_lzss</name>
         <value>0x6b5</value>
         <object_component_ref idref="oc-14"/>
      </symbol>
      <symbol id="sm-12c">
         <name>__stack</name>
         <value>0x2000fe00</value>
         <object_component_ref idref="oc-26"/>
      </symbol>
      <symbol id="sm-12d">
         <name>_c_int00_noargs</name>
         <value>0x761</value>
         <object_component_ref idref="oc-52"/>
      </symbol>
      <symbol id="sm-138">
         <name>C$$EXIT</name>
         <value>0x7b9</value>
         <object_component_ref idref="oc-c7"/>
      </symbol>
      <symbol id="sm-139">
         <name>abort</name>
         <value>0x7b9</value>
         <object_component_ref idref="oc-c7"/>
      </symbol>
      <symbol id="sm-156">
         <name>memcpy</name>
         <value>0x619</value>
         <object_component_ref idref="oc-34"/>
      </symbol>
      <symbol id="sm-157">
         <name>__aeabi_memcpy</name>
         <value>0x619</value>
         <object_component_ref idref="oc-34"/>
      </symbol>
      <symbol id="sm-158">
         <name>__aeabi_memcpy8</name>
         <value>0x619</value>
         <object_component_ref idref="oc-34"/>
      </symbol>
      <symbol id="sm-159">
         <name>__aeabi_memcpy4</name>
         <value>0x619</value>
         <object_component_ref idref="oc-34"/>
      </symbol>
      <symbol id="sm-182">
         <name>__TI_auto_init_nobinit_nopinit</name>
         <value>0x71d</value>
         <object_component_ref idref="oc-d3"/>
      </symbol>
      <symbol id="sm-18c">
         <name>_system_pre_init</name>
         <value>0x7b5</value>
         <object_component_ref idref="oc-8a"/>
      </symbol>
      <symbol id="sm-18e">
         <name>__TI_static_base__</name>
         <value>0x0</value>
      </symbol>
      <symbol id="sm-191">
         <name>__ENABLE_IRQ</name>
         <value>0x0</value>
      </symbol>
      <symbol id="sm-192">
         <name>__mpu_init</name>
         <value>0x0</value>
      </symbol>
      <symbol id="sm-193">
         <name>_system_post_cinit</name>
         <value>0x0</value>
      </symbol>
      <symbol id="sm-194">
         <name>NMI_Handler</name>
         <value>0x7b3</value>
      </symbol>
      <symbol id="sm-195">
         <name>HardFault_Handler</name>
         <value>0x7b3</value>
      </symbol>
      <symbol id="sm-196">
         <name>MemManage_Handler</name>
         <value>0x7b3</value>
      </symbol>
      <symbol id="sm-197">
         <name>BusFault_Handler</name>
         <value>0x7b3</value>
      </symbol>
      <symbol id="sm-198">
         <name>UsageFault_Handler</name>
         <value>0x7b3</value>
      </symbol>
      <symbol id="sm-199">
         <name>SVC_Handler</name>
         <value>0x7b3</value>
      </symbol>
      <symbol id="sm-19a">
         <name>DebugMon_Handler</name>
         <value>0x7b3</value>
      </symbol>
      <symbol id="sm-19b">
         <name>PendSV_Handler</name>
         <value>0x7b3</value>
      </symbol>
      <symbol id="sm-19c">
         <name>SysTick_Handler</name>
         <value>0x7b3</value>
      </symbol>
      <symbol id="sm-19d">
         <name>PSS_IRQHandler</name>
         <value>0x7b3</value>
      </symbol>
      <symbol id="sm-19e">
         <name>CS_IRQHandler</name>
         <value>0x7b3</value>
      </symbol>
      <symbol id="sm-19f">
         <name>PCM_IRQHandler</name>
         <value>0x7b3</value>
      </symbol>
      <symbol id="sm-1a0">
         <name>WDT_A_IRQHandler</name>
         <value>0x7b3</value>
      </symbol>
      <symbol id="sm-1a1">
         <name>FPU_IRQHandler</name>
         <value>0x7b3</value>
      </symbol>
      <symbol id="sm-1a2">
         <name>FLCTL_IRQHandler</name>
         <value>0x7b3</value>
      </symbol>
      <symbol id="sm-1a3">
         <name>COMP_E0_IRQHandler</name>
         <value>0x7b3</value>
      </symbol>
      <symbol id="sm-1a4">
         <name>COMP_E1_IRQHandler</name>
         <value>0x7b3</value>
      </symbol>
      <symbol id="sm-1a5">
         <name>TA0_0_IRQHandler</name>
         <value>0x7b3</value>
      </symbol>
      <symbol id="sm-1a6">
         <name>TA0_N_IRQHandler</name>
         <value>0x7b3</value>
      </symbol>
      <symbol id="sm-1a7">
         <name>TA1_0_IRQHandler</name>
         <value>0x7b3</value>
      </symbol>
      <symbol id="sm-1a8">
         <name>TA1_N_IRQHandler</name>
         <value>0x7b3</value>
      </symbol>
      <symbol id="sm-1a9">
         <name>TA2_0_IRQHandler</name>
         <value>0x7b3</value>
      </symbol>
      <symbol id="sm-1aa">
         <name>TA2_N_IRQHandler</name>
         <value>0x7b3</value>
      </symbol>
      <symbol id="sm-1ab">
         <name>TA3_0_IRQHandler</name>
         <value>0x7b3</value>
      </symbol>
      <symbol id="sm-1ac">
         <name>TA3_N_IRQHandler</name>
         <value>0x7b3</value>
      </symbol>
      <symbol id="sm-1ad">
         <name>EUSCIA0_IRQHandler</name>
         <value>0x7b3</value>
      </symbol>
      <symbol id="sm-1ae">
         <name>EUSCIA1_IRQHandler</name>
         <value>0x7b3</value>
      </symbol>
      <symbol id="sm-1af">
         <name>EUSCIA2_IRQHandler</name>
         <value>0x7b3</value>
      </symbol>
      <symbol id="sm-1b0">
         <name>EUSCIA3_IRQHandler</name>
         <value>0x7b3</value>
      </symbol>
      <symbol id="sm-1b1">
         <name>EUSCIB0_IRQHandler</name>
         <value>0x7b3</value>
      </symbol>
      <symbol id="sm-1b2">
         <name>EUSCIB1_IRQHandler</name>
         <value>0x7b3</value>
      </symbol>
      <symbol id="sm-1b3">
         <name>EUSCIB2_IRQHandler</name>
         <value>0x7b3</value>
      </symbol>
      <symbol id="sm-1b4">
         <name>EUSCIB3_IRQHandler</name>
         <value>0x7b3</value>
      </symbol>
      <symbol id="sm-1b5">
         <name>ADC14_IRQHandler</name>
         <value>0x7b3</value>
      </symbol>
      <symbol id="sm-1b6">
         <name>T32_INT1_IRQHandler</name>
         <value>0x7b3</value>
      </symbol>
      <symbol id="sm-1b7">
         <name>T32_INT2_IRQHandler</name>
         <value>0x7b3</value>
      </symbol>
      <symbol id="sm-1b8">
         <name>T32_INTC_IRQHandler</name>
         <value>0x7b3</value>
      </symbol>
      <symbol id="sm-1b9">
         <name>AES256_IRQHandler</name>
         <value>0x7b3</value>
      </symbol>
      <symbol id="sm-1ba">
         <name>RTC_C_IRQHandler</name>
         <value>0x7b3</value>
      </symbol>
      <symbol id="sm-1bb">
         <name>DMA_ERR_IRQHandler</name>
         <value>0x7b3</value>
      </symbol>
      <symbol id="sm-1bc">
         <name>DMA_INT3_IRQHandler</name>
         <value>0x7b3</value>
      </symbol>
      <symbol id="sm-1bd">
         <name>DMA_INT2_IRQHandler</name>
         <value>0x7b3</value>
      </symbol>
      <symbol id="sm-1be">
         <name>DMA_INT1_IRQHandler</name>
         <value>0x7b3</value>
      </symbol>
      <symbol id="sm-1bf">
         <name>DMA_INT0_IRQHandler</name>
         <value>0x7b3</value>
      </symbol>
      <symbol id="sm-1c0">
         <name>PORT1_IRQHandler</name>
         <value>0x7b3</value>
      </symbol>
      <symbol id="sm-1c1">
         <name>PORT2_IRQHandler</name>
         <value>0x7b3</value>
      </symbol>
      <symbol id="sm-1c2">
         <name>PORT3_IRQHandler</name>
         <value>0x7b3</value>
      </symbol>
      <symbol id="sm-1c3">
         <name>PORT4_IRQHandler</name>
         <value>0x7b3</value>
      </symbol>
      <symbol id="sm-1c4">
         <name>PORT5_IRQHandler</name>
         <value>0x7b3</value>
      </symbol>
      <symbol id="sm-1c5">
         <name>PORT6_IRQHandler</name>
         <value>0x7b3</value>
      </symbol>
   </symbol_table>
   <title>Link errors: red sections failed placement</title>
</link_info>
