<?xml version="1.0" encoding="ISO-8859-1" ?>
<link_info>
   <banner>TI ARM Linker Unix v18.1.1.LTS</banner>
   <copyright>Copyright (c) 1996-2017 Texas Instruments Incorporated</copyright>
   <link_time>0x5ade1253</link_time>
   <link_errors>0x0</link_errors>
   <output_file>InterruptsandTimers.out</output_file>
   <entry_point>
      <name>_c_int00_noargs</name>
      <address>0x5e9</address>
   </entry_point>
   <input_file_list>
      <input_file id="fl-1">
         <path>./</path>
         <kind>object</kind>
         <file>main.obj</file>
         <name>main.obj</name>
      </input_file>
      <input_file id="fl-2">
         <path>./</path>
         <kind>object</kind>
         <file>set_DCO.obj</file>
         <name>set_DCO.obj</name>
      </input_file>
      <input_file id="fl-3">
         <path>./</path>
         <kind>object</kind>
         <file>startup_msp432p401r_ccs.obj</file>
         <name>startup_msp432p401r_ccs.obj</name>
      </input_file>
      <input_file id="fl-4">
         <path>./</path>
         <kind>object</kind>
         <file>system_msp432p401r.obj</file>
         <name>system_msp432p401r.obj</name>
      </input_file>
      <input_file id="fl-8">
         <kind>object</kind>
         <file>&lt;internal&gt;</file>
         <name>&lt;internal&gt;</name>
      </input_file>
      <input_file id="fl-be">
         <path>/Applications/ti/ccsv8/tools/compiler/ti-cgt-arm_18.1.1.LTS/lib/</path>
         <kind>archive</kind>
         <file>rtsv7M4_T_le_v4SPD16_eabi.lib</file>
         <name>copy_zero_init.c.obj</name>
      </input_file>
      <input_file id="fl-bf">
         <path>/Applications/ti/ccsv8/tools/compiler/ti-cgt-arm_18.1.1.LTS/lib/</path>
         <kind>archive</kind>
         <file>rtsv7M4_T_le_v4SPD16_eabi.lib</file>
         <name>copy_decompress_none.c.obj</name>
      </input_file>
      <input_file id="fl-c0">
         <path>/Applications/ti/ccsv8/tools/compiler/ti-cgt-arm_18.1.1.LTS/lib/</path>
         <kind>archive</kind>
         <file>rtsv7M4_T_le_v4SPD16_eabi.lib</file>
         <name>copy_decompress_lzss.c.obj</name>
      </input_file>
      <input_file id="fl-c1">
         <path>/Applications/ti/ccsv8/tools/compiler/ti-cgt-arm_18.1.1.LTS/lib/</path>
         <kind>archive</kind>
         <file>rtsv7M4_T_le_v4SPD16_eabi.lib</file>
         <name>boot_cortex_m.c.obj</name>
      </input_file>
      <input_file id="fl-c2">
         <path>/Applications/ti/ccsv8/tools/compiler/ti-cgt-arm_18.1.1.LTS/lib/</path>
         <kind>archive</kind>
         <file>rtsv7M4_T_le_v4SPD16_eabi.lib</file>
         <name>exit.c.obj</name>
      </input_file>
      <input_file id="fl-c3">
         <path>/Applications/ti/ccsv8/tools/compiler/ti-cgt-arm_18.1.1.LTS/lib/</path>
         <kind>archive</kind>
         <file>rtsv7M4_T_le_v4SPD16_eabi.lib</file>
         <name>_lock.c.obj</name>
      </input_file>
      <input_file id="fl-c4">
         <path>/Applications/ti/ccsv8/tools/compiler/ti-cgt-arm_18.1.1.LTS/lib/</path>
         <kind>archive</kind>
         <file>rtsv7M4_T_le_v4SPD16_eabi.lib</file>
         <name>args_main.c.obj</name>
      </input_file>
      <input_file id="fl-c5">
         <path>/Applications/ti/ccsv8/tools/compiler/ti-cgt-arm_18.1.1.LTS/lib/</path>
         <kind>archive</kind>
         <file>rtsv7M4_T_le_v4SPD16_eabi.lib</file>
         <name>memcpy_t2.asm.obj</name>
      </input_file>
      <input_file id="fl-c6">
         <path>/Applications/ti/ccsv8/tools/compiler/ti-cgt-arm_18.1.1.LTS/lib/</path>
         <kind>archive</kind>
         <file>rtsv7M4_T_le_v4SPD16_eabi.lib</file>
         <name>memset_t2.asm.obj</name>
      </input_file>
      <input_file id="fl-c7">
         <path>/Applications/ti/ccsv8/tools/compiler/ti-cgt-arm_18.1.1.LTS/lib/</path>
         <kind>archive</kind>
         <file>rtsv7M4_T_le_v4SPD16_eabi.lib</file>
         <name>autoinit.c.obj</name>
      </input_file>
      <input_file id="fl-c8">
         <path>/Applications/ti/ccsv8/tools/compiler/ti-cgt-arm_18.1.1.LTS/lib/</path>
         <kind>archive</kind>
         <file>rtsv7M4_T_le_v4SPD16_eabi.lib</file>
         <name>pre_init.c.obj</name>
      </input_file>
      <input_file id="fl-c9">
         <path>/Applications/ti/ccsv8/tools/compiler/ti-cgt-arm_18.1.1.LTS/lib/</path>
         <kind>archive</kind>
         <file>rtsv7M4_T_le_v4SPD16_eabi.lib</file>
         <name>cpy_tbl.c.obj</name>
      </input_file>
   </input_file_list>
   <object_component_list>
      <object_component id="oc-23">
         <name>.intvecs:retain</name>
         <load_address>0x0</load_address>
         <run_address>0x0</run_address>
         <size>0xe4</size>
         <input_file_ref idref="fl-3"/>
      </object_component>
      <object_component id="oc-a2">
         <name>.text</name>
         <load_address>0xe4</load_address>
         <run_address>0xe4</run_address>
         <size>0x334</size>
         <input_file_ref idref="fl-4"/>
      </object_component>
      <object_component id="oc-34">
         <name>.text</name>
         <load_address>0x418</load_address>
         <run_address>0x418</run_address>
         <size>0x9c</size>
         <input_file_ref idref="fl-c5"/>
      </object_component>
      <object_component id="oc-90">
         <name>.text</name>
         <load_address>0x4b4</load_address>
         <run_address>0x4b4</run_address>
         <size>0x88</size>
         <input_file_ref idref="fl-1"/>
      </object_component>
      <object_component id="oc-14">
         <name>.text:decompress:lzss:__TI_decompress_lzss</name>
         <load_address>0x53c</load_address>
         <run_address>0x53c</run_address>
         <size>0x68</size>
         <input_file_ref idref="fl-c0"/>
      </object_component>
      <object_component id="oc-cd">
         <name>.text:__TI_auto_init_nobinit_nopinit:__TI_auto_init_nobinit_nopinit</name>
         <load_address>0x5a4</load_address>
         <run_address>0x5a4</run_address>
         <size>0x44</size>
         <input_file_ref idref="fl-c7"/>
      </object_component>
      <object_component id="oc-52">
         <name>.text:_c_int00_noargs:_c_int00_noargs</name>
         <load_address>0x5e8</load_address>
         <run_address>0x5e8</run_address>
         <size>0x38</size>
         <input_file_ref idref="fl-c1"/>
      </object_component>
      <object_component id="oc-1a">
         <name>.text:decompress:none:__TI_decompress_none</name>
         <load_address>0x620</load_address>
         <run_address>0x620</run_address>
         <size>0xe</size>
         <input_file_ref idref="fl-bf"/>
      </object_component>
      <object_component id="oc-64">
         <name>.text</name>
         <load_address>0x62e</load_address>
         <run_address>0x62e</run_address>
         <size>0xe</size>
         <input_file_ref idref="fl-3"/>
      </object_component>
      <object_component id="oc-8a">
         <name>.text:_system_pre_init</name>
         <load_address>0x63c</load_address>
         <run_address>0x63c</run_address>
         <size>0x4</size>
         <input_file_ref idref="fl-c8"/>
      </object_component>
      <object_component id="oc-c1">
         <name>.text:abort:abort</name>
         <load_address>0x640</load_address>
         <run_address>0x640</run_address>
         <size>0x4</size>
         <input_file_ref idref="fl-c2"/>
      </object_component>
      <object_component id="oc-19b">
         <name>.cinit..data.load</name>
         <load_address>0x648</load_address>
         <run_address>0x648</run_address>
         <size>0x8</size>
      </object_component>
      <object_component id="oc-199">
         <name>__TI_handler_table</name>
         <load_address>0x650</load_address>
         <run_address>0x650</run_address>
         <size>0x8</size>
      </object_component>
      <object_component id="oc-19a">
         <name>__TI_cinit_table</name>
         <load_address>0x658</load_address>
         <run_address>0x658</run_address>
         <size>0x8</size>
      </object_component>
      <object_component id="oc-16e">
         <name>.binit</name>
         <load_address>0x0</load_address>
         <run_address>0x0</run_address>
         <size>0x0</size>
      </object_component>
      <object_component id="oc-ff">
         <name>.data</name>
         <load_address>0x20000000</load_address>
         <run_address>0x20000000</run_address>
         <size>0x4</size>
         <input_file_ref idref="fl-4"/>
      </object_component>
      <object_component id="oc-26">
         <name>.stack</name>
         <uninitialized>true</uninitialized>
         <run_address>0x2000fe00</run_address>
         <size>0x4</size>
         <input_file_ref idref="fl-c1"/>
      </object_component>
      <object_component id="oc-19c">
         <name>.stack</name>
         <uninitialized>true</uninitialized>
         <run_address>0x2000fe00</run_address>
         <size>0x0</size>
      </object_component>
      <object_component id="oc-10d">
         <name>.debug_info</name>
         <load_address>0x0</load_address>
         <run_address>0x0</run_address>
         <size>0x52e</size>
         <input_file_ref idref="fl-1"/>
      </object_component>
      <object_component id="oc-91">
         <name>.debug_info</name>
         <load_address>0x52e</load_address>
         <run_address>0x52e</run_address>
         <size>0x14c</size>
         <input_file_ref idref="fl-1"/>
      </object_component>
      <object_component id="oc-132">
         <name>.debug_info</name>
         <load_address>0x67a</load_address>
         <run_address>0x67a</run_address>
         <size>0x37e2</size>
         <input_file_ref idref="fl-1"/>
      </object_component>
      <object_component id="oc-ab">
         <name>.debug_info</name>
         <load_address>0x3e5c</load_address>
         <run_address>0x3e5c</run_address>
         <size>0x26b</size>
         <input_file_ref idref="fl-1"/>
      </object_component>
      <object_component id="oc-137">
         <name>.debug_info</name>
         <load_address>0x40c7</load_address>
         <run_address>0x40c7</run_address>
         <size>0x1055</size>
         <input_file_ref idref="fl-1"/>
      </object_component>
      <object_component id="oc-2f">
         <name>.debug_info</name>
         <load_address>0x511c</load_address>
         <run_address>0x511c</run_address>
         <size>0x84</size>
         <input_file_ref idref="fl-1"/>
      </object_component>
      <object_component id="oc-108">
         <name>.debug_info</name>
         <load_address>0x51a0</load_address>
         <run_address>0x51a0</run_address>
         <size>0x297</size>
         <input_file_ref idref="fl-1"/>
      </object_component>
      <object_component id="oc-103">
         <name>.debug_info</name>
         <load_address>0x5437</load_address>
         <run_address>0x5437</run_address>
         <size>0xbb</size>
         <input_file_ref idref="fl-1"/>
      </object_component>
      <object_component id="oc-6c">
         <name>.debug_info</name>
         <load_address>0x54f2</load_address>
         <run_address>0x54f2</run_address>
         <size>0x2ce</size>
         <input_file_ref idref="fl-3"/>
      </object_component>
      <object_component id="oc-24">
         <name>.debug_info</name>
         <load_address>0x57c0</load_address>
         <run_address>0x57c0</run_address>
         <size>0xfa</size>
         <input_file_ref idref="fl-3"/>
      </object_component>
      <object_component id="oc-65">
         <name>.debug_info</name>
         <load_address>0x58ba</load_address>
         <run_address>0x58ba</run_address>
         <size>0x1c1</size>
         <input_file_ref idref="fl-3"/>
      </object_component>
      <object_component id="oc-100">
         <name>.debug_info</name>
         <load_address>0x5a7b</load_address>
         <run_address>0x5a7b</run_address>
         <size>0xf3</size>
         <input_file_ref idref="fl-4"/>
      </object_component>
      <object_component id="oc-a3">
         <name>.debug_info</name>
         <load_address>0x5b6e</load_address>
         <run_address>0x5b6e</run_address>
         <size>0x265</size>
         <input_file_ref idref="fl-4"/>
      </object_component>
      <object_component id="oc-3f">
         <name>.debug_info</name>
         <load_address>0x5dd3</load_address>
         <run_address>0x5dd3</run_address>
         <size>0x29d</size>
         <input_file_ref idref="fl-bf"/>
      </object_component>
      <object_component id="oc-1b">
         <name>.debug_info</name>
         <load_address>0x6070</load_address>
         <run_address>0x6070</run_address>
         <size>0x1df</size>
         <input_file_ref idref="fl-bf"/>
      </object_component>
      <object_component id="oc-3a">
         <name>.debug_info</name>
         <load_address>0x624f</load_address>
         <run_address>0x624f</run_address>
         <size>0x46</size>
         <input_file_ref idref="fl-bf"/>
      </object_component>
      <object_component id="oc-76">
         <name>.debug_info</name>
         <load_address>0x6295</load_address>
         <run_address>0x6295</run_address>
         <size>0x2c</size>
         <input_file_ref idref="fl-bf"/>
      </object_component>
      <object_component id="oc-74">
         <name>.debug_info</name>
         <load_address>0x62c1</load_address>
         <run_address>0x62c1</run_address>
         <size>0x293</size>
         <input_file_ref idref="fl-c0"/>
      </object_component>
      <object_component id="oc-15">
         <name>.debug_info</name>
         <load_address>0x6554</load_address>
         <run_address>0x6554</run_address>
         <size>0x245</size>
         <input_file_ref idref="fl-c0"/>
      </object_component>
      <object_component id="oc-2a">
         <name>.debug_info</name>
         <load_address>0x6799</load_address>
         <run_address>0x6799</run_address>
         <size>0x60</size>
         <input_file_ref idref="fl-c0"/>
      </object_component>
      <object_component id="oc-b0">
         <name>.debug_info</name>
         <load_address>0x67f9</load_address>
         <run_address>0x67f9</run_address>
         <size>0x46</size>
         <input_file_ref idref="fl-c0"/>
      </object_component>
      <object_component id="oc-6f">
         <name>.debug_info</name>
         <load_address>0x683f</load_address>
         <run_address>0x683f</run_address>
         <size>0x39</size>
         <input_file_ref idref="fl-c0"/>
      </object_component>
      <object_component id="oc-27">
         <name>.debug_info</name>
         <load_address>0x6878</load_address>
         <run_address>0x6878</run_address>
         <size>0x100</size>
         <input_file_ref idref="fl-c1"/>
      </object_component>
      <object_component id="oc-53">
         <name>.debug_info</name>
         <load_address>0x6978</load_address>
         <run_address>0x6978</run_address>
         <size>0x1a4</size>
         <input_file_ref idref="fl-c1"/>
      </object_component>
      <object_component id="oc-c2">
         <name>.debug_info</name>
         <load_address>0x6b1c</load_address>
         <run_address>0x6b1c</run_address>
         <size>0x117</size>
         <input_file_ref idref="fl-c2"/>
      </object_component>
      <object_component id="oc-35">
         <name>.debug_info</name>
         <load_address>0x6c33</load_address>
         <run_address>0x6c33</run_address>
         <size>0x111</size>
         <input_file_ref idref="fl-c5"/>
      </object_component>
      <object_component id="oc-119">
         <name>.debug_info</name>
         <load_address>0x6d44</load_address>
         <run_address>0x6d44</run_address>
         <size>0x547</size>
         <input_file_ref idref="fl-c7"/>
      </object_component>
      <object_component id="oc-ce">
         <name>.debug_info</name>
         <load_address>0x728b</load_address>
         <run_address>0x728b</run_address>
         <size>0x19b</size>
         <input_file_ref idref="fl-c7"/>
      </object_component>
      <object_component id="oc-14c">
         <name>.debug_info</name>
         <load_address>0x7426</load_address>
         <run_address>0x7426</run_address>
         <size>0x39</size>
         <input_file_ref idref="fl-c7"/>
      </object_component>
      <object_component id="oc-160">
         <name>.debug_info</name>
         <load_address>0x745f</load_address>
         <run_address>0x745f</run_address>
         <size>0x39</size>
         <input_file_ref idref="fl-c7"/>
      </object_component>
      <object_component id="oc-151">
         <name>.debug_info</name>
         <load_address>0x7498</load_address>
         <run_address>0x7498</run_address>
         <size>0x39</size>
         <input_file_ref idref="fl-c7"/>
      </object_component>
      <object_component id="oc-156">
         <name>.debug_info</name>
         <load_address>0x74d1</load_address>
         <run_address>0x74d1</run_address>
         <size>0xcd</size>
         <input_file_ref idref="fl-c7"/>
      </object_component>
      <object_component id="oc-8b">
         <name>.debug_info</name>
         <load_address>0x759e</load_address>
         <run_address>0x759e</run_address>
         <size>0x148</size>
         <input_file_ref idref="fl-c8"/>
      </object_component>
      <object_component id="oc-19d">
         <name>.debug_info</name>
         <load_address>0x76e6</load_address>
         <run_address>0x76e6</run_address>
         <size>0xa9</size>
      </object_component>
      <object_component id="oc-131">
         <name>.debug_line</name>
         <load_address>0x0</load_address>
         <run_address>0x0</run_address>
         <size>0x20</size>
         <input_file_ref idref="fl-1"/>
      </object_component>
      <object_component id="oc-94">
         <name>.debug_line</name>
         <load_address>0x20</load_address>
         <run_address>0x20</run_address>
         <size>0x69</size>
         <input_file_ref idref="fl-1"/>
      </object_component>
      <object_component id="oc-135">
         <name>.debug_line</name>
         <load_address>0x89</load_address>
         <run_address>0x89</run_address>
         <size>0x5d</size>
         <input_file_ref idref="fl-1"/>
      </object_component>
      <object_component id="oc-ae">
         <name>.debug_line</name>
         <load_address>0xe6</load_address>
         <run_address>0xe6</run_address>
         <size>0x74</size>
         <input_file_ref idref="fl-1"/>
      </object_component>
      <object_component id="oc-13a">
         <name>.debug_line</name>
         <load_address>0x15a</load_address>
         <run_address>0x15a</run_address>
         <size>0x60</size>
         <input_file_ref idref="fl-1"/>
      </object_component>
      <object_component id="oc-32">
         <name>.debug_line</name>
         <load_address>0x1ba</load_address>
         <run_address>0x1ba</run_address>
         <size>0x20</size>
         <input_file_ref idref="fl-1"/>
      </object_component>
      <object_component id="oc-10b">
         <name>.debug_line</name>
         <load_address>0x1da</load_address>
         <run_address>0x1da</run_address>
         <size>0x78</size>
         <input_file_ref idref="fl-1"/>
      </object_component>
      <object_component id="oc-106">
         <name>.debug_line</name>
         <load_address>0x252</load_address>
         <run_address>0x252</run_address>
         <size>0x75</size>
         <input_file_ref idref="fl-1"/>
      </object_component>
      <object_component id="oc-aa">
         <name>.debug_line</name>
         <load_address>0x2c7</load_address>
         <run_address>0x2c7</run_address>
         <size>0x40</size>
         <input_file_ref idref="fl-3"/>
      </object_component>
      <object_component id="oc-6b">
         <name>.debug_line</name>
         <load_address>0x307</load_address>
         <run_address>0x307</run_address>
         <size>0x40</size>
         <input_file_ref idref="fl-3"/>
      </object_component>
      <object_component id="oc-68">
         <name>.debug_line</name>
         <load_address>0x347</load_address>
         <run_address>0x347</run_address>
         <size>0x71</size>
         <input_file_ref idref="fl-3"/>
      </object_component>
      <object_component id="oc-12f">
         <name>.debug_line</name>
         <load_address>0x3b8</load_address>
         <run_address>0x3b8</run_address>
         <size>0x3b</size>
         <input_file_ref idref="fl-4"/>
      </object_component>
      <object_component id="oc-a6">
         <name>.debug_line</name>
         <load_address>0x3f3</load_address>
         <run_address>0x3f3</run_address>
         <size>0x159</size>
         <input_file_ref idref="fl-4"/>
      </object_component>
      <object_component id="oc-7c">
         <name>.debug_line</name>
         <load_address>0x54c</load_address>
         <run_address>0x54c</run_address>
         <size>0x20</size>
         <input_file_ref idref="fl-bf"/>
      </object_component>
      <object_component id="oc-1e">
         <name>.debug_line</name>
         <load_address>0x56c</load_address>
         <run_address>0x56c</run_address>
         <size>0x55</size>
         <input_file_ref idref="fl-bf"/>
      </object_component>
      <object_component id="oc-3d">
         <name>.debug_line</name>
         <load_address>0x5c1</load_address>
         <run_address>0x5c1</run_address>
         <size>0x3a</size>
         <input_file_ref idref="fl-bf"/>
      </object_component>
      <object_component id="oc-79">
         <name>.debug_line</name>
         <load_address>0x5fb</load_address>
         <run_address>0x5fb</run_address>
         <size>0x8a</size>
         <input_file_ref idref="fl-bf"/>
      </object_component>
      <object_component id="oc-b6">
         <name>.debug_line</name>
         <load_address>0x685</load_address>
         <run_address>0x685</run_address>
         <size>0x20</size>
         <input_file_ref idref="fl-c0"/>
      </object_component>
      <object_component id="oc-18">
         <name>.debug_line</name>
         <load_address>0x6a5</load_address>
         <run_address>0x6a5</run_address>
         <size>0xa9</size>
         <input_file_ref idref="fl-c0"/>
      </object_component>
      <object_component id="oc-2d">
         <name>.debug_line</name>
         <load_address>0x74e</load_address>
         <run_address>0x74e</run_address>
         <size>0x3a</size>
         <input_file_ref idref="fl-c0"/>
      </object_component>
      <object_component id="oc-b3">
         <name>.debug_line</name>
         <load_address>0x788</load_address>
         <run_address>0x788</run_address>
         <size>0x92</size>
         <input_file_ref idref="fl-c0"/>
      </object_component>
      <object_component id="oc-72">
         <name>.debug_line</name>
         <load_address>0x81a</load_address>
         <run_address>0x81a</run_address>
         <size>0x8e</size>
         <input_file_ref idref="fl-c0"/>
      </object_component>
      <object_component id="oc-6e">
         <name>.debug_line</name>
         <load_address>0x8a8</load_address>
         <run_address>0x8a8</run_address>
         <size>0x33</size>
         <input_file_ref idref="fl-c1"/>
      </object_component>
      <object_component id="oc-56">
         <name>.debug_line</name>
         <load_address>0x8db</load_address>
         <run_address>0x8db</run_address>
         <size>0x56</size>
         <input_file_ref idref="fl-c1"/>
      </object_component>
      <object_component id="oc-c5">
         <name>.debug_line</name>
         <load_address>0x931</load_address>
         <run_address>0x931</run_address>
         <size>0x3c</size>
         <input_file_ref idref="fl-c2"/>
      </object_component>
      <object_component id="oc-38">
         <name>.debug_line</name>
         <load_address>0x96d</load_address>
         <run_address>0x96d</run_address>
         <size>0x88</size>
         <input_file_ref idref="fl-c5"/>
      </object_component>
      <object_component id="oc-14b">
         <name>.debug_line</name>
         <load_address>0x9f5</load_address>
         <run_address>0x9f5</run_address>
         <size>0xb7</size>
         <input_file_ref idref="fl-c7"/>
      </object_component>
      <object_component id="oc-d1">
         <name>.debug_line</name>
         <load_address>0xaac</load_address>
         <run_address>0xaac</run_address>
         <size>0x6c</size>
         <input_file_ref idref="fl-c7"/>
      </object_component>
      <object_component id="oc-14f">
         <name>.debug_line</name>
         <load_address>0xb18</load_address>
         <run_address>0xb18</run_address>
         <size>0x2e</size>
         <input_file_ref idref="fl-c7"/>
      </object_component>
      <object_component id="oc-163">
         <name>.debug_line</name>
         <load_address>0xb46</load_address>
         <run_address>0xb46</run_address>
         <size>0x92</size>
         <input_file_ref idref="fl-c7"/>
      </object_component>
      <object_component id="oc-154">
         <name>.debug_line</name>
         <load_address>0xbd8</load_address>
         <run_address>0xbd8</run_address>
         <size>0x8f</size>
         <input_file_ref idref="fl-c7"/>
      </object_component>
      <object_component id="oc-159">
         <name>.debug_line</name>
         <load_address>0xc67</load_address>
         <run_address>0xc67</run_address>
         <size>0x8b</size>
         <input_file_ref idref="fl-c7"/>
      </object_component>
      <object_component id="oc-8e">
         <name>.debug_line</name>
         <load_address>0xcf2</load_address>
         <run_address>0xcf2</run_address>
         <size>0x40</size>
         <input_file_ref idref="fl-c8"/>
      </object_component>
      <object_component id="oc-95">
         <name>.debug_frame</name>
         <load_address>0x0</load_address>
         <run_address>0x0</run_address>
         <size>0x68</size>
         <input_file_ref idref="fl-1"/>
      </object_component>
      <object_component id="oc-69">
         <name>.debug_frame</name>
         <load_address>0x68</load_address>
         <run_address>0x68</run_address>
         <size>0x6c</size>
         <input_file_ref idref="fl-3"/>
      </object_component>
      <object_component id="oc-a7">
         <name>.debug_frame</name>
         <load_address>0xd4</load_address>
         <run_address>0xd4</run_address>
         <size>0x70</size>
         <input_file_ref idref="fl-4"/>
      </object_component>
      <object_component id="oc-1f">
         <name>.debug_frame</name>
         <load_address>0x144</load_address>
         <run_address>0x144</run_address>
         <size>0x54</size>
         <input_file_ref idref="fl-bf"/>
      </object_component>
      <object_component id="oc-19">
         <name>.debug_frame</name>
         <load_address>0x198</load_address>
         <run_address>0x198</run_address>
         <size>0x60</size>
         <input_file_ref idref="fl-c0"/>
      </object_component>
      <object_component id="oc-57">
         <name>.debug_frame</name>
         <load_address>0x1f8</load_address>
         <run_address>0x1f8</run_address>
         <size>0x58</size>
         <input_file_ref idref="fl-c1"/>
      </object_component>
      <object_component id="oc-c6">
         <name>.debug_frame</name>
         <load_address>0x250</load_address>
         <run_address>0x250</run_address>
         <size>0x54</size>
         <input_file_ref idref="fl-c2"/>
      </object_component>
      <object_component id="oc-d2">
         <name>.debug_frame</name>
         <load_address>0x2a4</load_address>
         <run_address>0x2a4</run_address>
         <size>0x5c</size>
         <input_file_ref idref="fl-c7"/>
      </object_component>
      <object_component id="oc-8f">
         <name>.debug_frame</name>
         <load_address>0x300</load_address>
         <run_address>0x300</run_address>
         <size>0x54</size>
         <input_file_ref idref="fl-c8"/>
      </object_component>
      <object_component id="oc-130">
         <name>.debug_abbrev</name>
         <load_address>0x0</load_address>
         <run_address>0x0</run_address>
         <size>0x71</size>
         <input_file_ref idref="fl-1"/>
      </object_component>
      <object_component id="oc-c0">
         <name>.debug_abbrev</name>
         <load_address>0x71</load_address>
         <run_address>0x71</run_address>
         <size>0x50</size>
         <input_file_ref idref="fl-1"/>
      </object_component>
      <object_component id="oc-134">
         <name>.debug_abbrev</name>
         <load_address>0xc1</load_address>
         <run_address>0xc1</run_address>
         <size>0xbd</size>
         <input_file_ref idref="fl-1"/>
      </object_component>
      <object_component id="oc-ad">
         <name>.debug_abbrev</name>
         <load_address>0x17e</load_address>
         <run_address>0x17e</run_address>
         <size>0x69</size>
         <input_file_ref idref="fl-1"/>
      </object_component>
      <object_component id="oc-139">
         <name>.debug_abbrev</name>
         <load_address>0x1e7</load_address>
         <run_address>0x1e7</run_address>
         <size>0x97</size>
         <input_file_ref idref="fl-1"/>
      </object_component>
      <object_component id="oc-31">
         <name>.debug_abbrev</name>
         <load_address>0x27e</load_address>
         <run_address>0x27e</run_address>
         <size>0x1f</size>
         <input_file_ref idref="fl-1"/>
      </object_component>
      <object_component id="oc-10a">
         <name>.debug_abbrev</name>
         <load_address>0x29d</load_address>
         <run_address>0x29d</run_address>
         <size>0x5c</size>
         <input_file_ref idref="fl-1"/>
      </object_component>
      <object_component id="oc-105">
         <name>.debug_abbrev</name>
         <load_address>0x2f9</load_address>
         <run_address>0x2f9</run_address>
         <size>0x24</size>
         <input_file_ref idref="fl-1"/>
      </object_component>
      <object_component id="oc-a9">
         <name>.debug_abbrev</name>
         <load_address>0x31d</load_address>
         <run_address>0x31d</run_address>
         <size>0x7c</size>
         <input_file_ref idref="fl-3"/>
      </object_component>
      <object_component id="oc-6a">
         <name>.debug_abbrev</name>
         <load_address>0x399</load_address>
         <run_address>0x399</run_address>
         <size>0x29</size>
         <input_file_ref idref="fl-3"/>
      </object_component>
      <object_component id="oc-a8">
         <name>.debug_abbrev</name>
         <load_address>0x3c2</load_address>
         <run_address>0x3c2</run_address>
         <size>0x89</size>
         <input_file_ref idref="fl-3"/>
      </object_component>
      <object_component id="oc-12e">
         <name>.debug_abbrev</name>
         <load_address>0x44b</load_address>
         <run_address>0x44b</run_address>
         <size>0x29</size>
         <input_file_ref idref="fl-4"/>
      </object_component>
      <object_component id="oc-102">
         <name>.debug_abbrev</name>
         <load_address>0x474</load_address>
         <run_address>0x474</run_address>
         <size>0x8b</size>
         <input_file_ref idref="fl-4"/>
      </object_component>
      <object_component id="oc-7b">
         <name>.debug_abbrev</name>
         <load_address>0x4ff</load_address>
         <run_address>0x4ff</run_address>
         <size>0x37</size>
         <input_file_ref idref="fl-bf"/>
      </object_component>
      <object_component id="oc-39">
         <name>.debug_abbrev</name>
         <load_address>0x536</load_address>
         <run_address>0x536</run_address>
         <size>0x74</size>
         <input_file_ref idref="fl-bf"/>
      </object_component>
      <object_component id="oc-3c">
         <name>.debug_abbrev</name>
         <load_address>0x5aa</load_address>
         <run_address>0x5aa</run_address>
         <size>0x24</size>
         <input_file_ref idref="fl-bf"/>
      </object_component>
      <object_component id="oc-78">
         <name>.debug_abbrev</name>
         <load_address>0x5ce</load_address>
         <run_address>0x5ce</run_address>
         <size>0x24</size>
         <input_file_ref idref="fl-bf"/>
      </object_component>
      <object_component id="oc-b5">
         <name>.debug_abbrev</name>
         <load_address>0x5f2</load_address>
         <run_address>0x5f2</run_address>
         <size>0x37</size>
         <input_file_ref idref="fl-c0"/>
      </object_component>
      <object_component id="oc-29">
         <name>.debug_abbrev</name>
         <load_address>0x629</load_address>
         <run_address>0x629</run_address>
         <size>0x6f</size>
         <input_file_ref idref="fl-c0"/>
      </object_component>
      <object_component id="oc-2c">
         <name>.debug_abbrev</name>
         <load_address>0x698</load_address>
         <run_address>0x698</run_address>
         <size>0x24</size>
         <input_file_ref idref="fl-c0"/>
      </object_component>
      <object_component id="oc-b2">
         <name>.debug_abbrev</name>
         <load_address>0x6bc</load_address>
         <run_address>0x6bc</run_address>
         <size>0x35</size>
         <input_file_ref idref="fl-c0"/>
      </object_component>
      <object_component id="oc-71">
         <name>.debug_abbrev</name>
         <load_address>0x6f1</load_address>
         <run_address>0x6f1</run_address>
         <size>0x24</size>
         <input_file_ref idref="fl-c0"/>
      </object_component>
      <object_component id="oc-6d">
         <name>.debug_abbrev</name>
         <load_address>0x715</load_address>
         <run_address>0x715</run_address>
         <size>0x29</size>
         <input_file_ref idref="fl-c1"/>
      </object_component>
      <object_component id="oc-99">
         <name>.debug_abbrev</name>
         <load_address>0x73e</load_address>
         <run_address>0x73e</run_address>
         <size>0x61</size>
         <input_file_ref idref="fl-c1"/>
      </object_component>
      <object_component id="oc-10e">
         <name>.debug_abbrev</name>
         <load_address>0x79f</load_address>
         <run_address>0x79f</run_address>
         <size>0x45</size>
         <input_file_ref idref="fl-c2"/>
      </object_component>
      <object_component id="oc-75">
         <name>.debug_abbrev</name>
         <load_address>0x7e4</load_address>
         <run_address>0x7e4</run_address>
         <size>0x3e</size>
         <input_file_ref idref="fl-c5"/>
      </object_component>
      <object_component id="oc-14a">
         <name>.debug_abbrev</name>
         <load_address>0x822</load_address>
         <run_address>0x822</run_address>
         <size>0xdb</size>
         <input_file_ref idref="fl-c7"/>
      </object_component>
      <object_component id="oc-118">
         <name>.debug_abbrev</name>
         <load_address>0x8fd</load_address>
         <run_address>0x8fd</run_address>
         <size>0x7e</size>
         <input_file_ref idref="fl-c7"/>
      </object_component>
      <object_component id="oc-14e">
         <name>.debug_abbrev</name>
         <load_address>0x97b</load_address>
         <run_address>0x97b</run_address>
         <size>0x24</size>
         <input_file_ref idref="fl-c7"/>
      </object_component>
      <object_component id="oc-162">
         <name>.debug_abbrev</name>
         <load_address>0x99f</load_address>
         <run_address>0x99f</run_address>
         <size>0x24</size>
         <input_file_ref idref="fl-c7"/>
      </object_component>
      <object_component id="oc-153">
         <name>.debug_abbrev</name>
         <load_address>0x9c3</load_address>
         <run_address>0x9c3</run_address>
         <size>0x24</size>
         <input_file_ref idref="fl-c7"/>
      </object_component>
      <object_component id="oc-158">
         <name>.debug_abbrev</name>
         <load_address>0x9e7</load_address>
         <run_address>0x9e7</run_address>
         <size>0x4b</size>
         <input_file_ref idref="fl-c7"/>
      </object_component>
      <object_component id="oc-bf">
         <name>.debug_abbrev</name>
         <load_address>0xa32</load_address>
         <run_address>0xa32</run_address>
         <size>0x55</size>
         <input_file_ref idref="fl-c8"/>
      </object_component>
      <object_component id="oc-19e">
         <name>.debug_abbrev</name>
         <load_address>0xa87</load_address>
         <run_address>0xa87</run_address>
         <size>0xf</size>
      </object_component>
      <object_component id="oc-136">
         <name>.debug_str</name>
         <load_address>0x0</load_address>
         <run_address>0x0</run_address>
         <size>0x15d5</size>
         <input_file_ref idref="fl-1"/>
      </object_component>
      <object_component id="oc-af">
         <name>.debug_str</name>
         <load_address>0x15d5</load_address>
         <run_address>0x15d5</run_address>
         <size>0x2bc</size>
         <input_file_ref idref="fl-1"/>
      </object_component>
      <object_component id="oc-13b">
         <name>.debug_str</name>
         <load_address>0x1891</load_address>
         <run_address>0x1891</run_address>
         <size>0x491</size>
         <input_file_ref idref="fl-1"/>
      </object_component>
      <object_component id="oc-33">
         <name>.debug_str</name>
         <load_address>0x1d22</load_address>
         <run_address>0x1d22</run_address>
         <size>0xfc</size>
         <input_file_ref idref="fl-1"/>
      </object_component>
      <object_component id="oc-10c">
         <name>.debug_str</name>
         <load_address>0x1e1e</load_address>
         <run_address>0x1e1e</run_address>
         <size>0x34b</size>
         <input_file_ref idref="fl-1"/>
      </object_component>
      <object_component id="oc-107">
         <name>.debug_str</name>
         <load_address>0x2169</load_address>
         <run_address>0x2169</run_address>
         <size>0x154</size>
         <input_file_ref idref="fl-1"/>
      </object_component>
      <object_component id="oc-3e">
         <name>.debug_str</name>
         <load_address>0x22bd</load_address>
         <run_address>0x22bd</run_address>
         <size>0x100</size>
         <input_file_ref idref="fl-bf"/>
      </object_component>
      <object_component id="oc-7a">
         <name>.debug_str</name>
         <load_address>0x23bd</load_address>
         <run_address>0x23bd</run_address>
         <size>0x12d</size>
         <input_file_ref idref="fl-bf"/>
      </object_component>
      <object_component id="oc-2e">
         <name>.debug_str</name>
         <load_address>0x24ea</load_address>
         <run_address>0x24ea</run_address>
         <size>0x10d</size>
         <input_file_ref idref="fl-c0"/>
      </object_component>
      <object_component id="oc-b4">
         <name>.debug_str</name>
         <load_address>0x25f7</load_address>
         <run_address>0x25f7</run_address>
         <size>0x158</size>
         <input_file_ref idref="fl-c0"/>
      </object_component>
      <object_component id="oc-73">
         <name>.debug_str</name>
         <load_address>0x274f</load_address>
         <run_address>0x274f</run_address>
         <size>0x145</size>
         <input_file_ref idref="fl-c0"/>
      </object_component>
      <object_component id="oc-150">
         <name>.debug_str</name>
         <load_address>0x2894</load_address>
         <run_address>0x2894</run_address>
         <size>0xe2</size>
         <input_file_ref idref="fl-c7"/>
      </object_component>
      <object_component id="oc-164">
         <name>.debug_str</name>
         <load_address>0x2976</load_address>
         <run_address>0x2976</run_address>
         <size>0x144</size>
         <input_file_ref idref="fl-c7"/>
      </object_component>
      <object_component id="oc-155">
         <name>.debug_str</name>
         <load_address>0x2aba</load_address>
         <run_address>0x2aba</run_address>
         <size>0x13d</size>
         <input_file_ref idref="fl-c7"/>
      </object_component>
      <object_component id="oc-15a">
         <name>.debug_str</name>
         <load_address>0x2bf7</load_address>
         <run_address>0x2bf7</run_address>
         <size>0x184</size>
         <input_file_ref idref="fl-c7"/>
      </object_component>
      <object_component id="oc-92">
         <name>.debug_aranges</name>
         <load_address>0x0</load_address>
         <run_address>0x0</run_address>
         <size>0x28</size>
         <input_file_ref idref="fl-1"/>
      </object_component>
      <object_component id="oc-66">
         <name>.debug_aranges</name>
         <load_address>0x28</load_address>
         <run_address>0x28</run_address>
         <size>0x28</size>
         <input_file_ref idref="fl-3"/>
      </object_component>
      <object_component id="oc-a4">
         <name>.debug_aranges</name>
         <load_address>0x50</load_address>
         <run_address>0x50</run_address>
         <size>0x28</size>
         <input_file_ref idref="fl-4"/>
      </object_component>
      <object_component id="oc-1c">
         <name>.debug_aranges</name>
         <load_address>0x78</load_address>
         <run_address>0x78</run_address>
         <size>0x20</size>
         <input_file_ref idref="fl-bf"/>
      </object_component>
      <object_component id="oc-16">
         <name>.debug_aranges</name>
         <load_address>0x98</load_address>
         <run_address>0x98</run_address>
         <size>0x20</size>
         <input_file_ref idref="fl-c0"/>
      </object_component>
      <object_component id="oc-54">
         <name>.debug_aranges</name>
         <load_address>0xb8</load_address>
         <run_address>0xb8</run_address>
         <size>0x20</size>
         <input_file_ref idref="fl-c1"/>
      </object_component>
      <object_component id="oc-c3">
         <name>.debug_aranges</name>
         <load_address>0xd8</load_address>
         <run_address>0xd8</run_address>
         <size>0x20</size>
         <input_file_ref idref="fl-c2"/>
      </object_component>
      <object_component id="oc-36">
         <name>.debug_aranges</name>
         <load_address>0xf8</load_address>
         <run_address>0xf8</run_address>
         <size>0x20</size>
         <input_file_ref idref="fl-c5"/>
      </object_component>
      <object_component id="oc-cf">
         <name>.debug_aranges</name>
         <load_address>0x118</load_address>
         <run_address>0x118</run_address>
         <size>0x20</size>
         <input_file_ref idref="fl-c7"/>
      </object_component>
      <object_component id="oc-8c">
         <name>.debug_aranges</name>
         <load_address>0x138</load_address>
         <run_address>0x138</run_address>
         <size>0x20</size>
         <input_file_ref idref="fl-c8"/>
      </object_component>
      <object_component id="oc-93">
         <name>.debug_pubnames</name>
         <load_address>0x0</load_address>
         <run_address>0x0</run_address>
         <size>0x30</size>
         <input_file_ref idref="fl-1"/>
      </object_component>
      <object_component id="oc-25">
         <name>.debug_pubnames</name>
         <load_address>0x30</load_address>
         <run_address>0x30</run_address>
         <size>0x27</size>
         <input_file_ref idref="fl-3"/>
      </object_component>
      <object_component id="oc-67">
         <name>.debug_pubnames</name>
         <load_address>0x57</load_address>
         <run_address>0x57</run_address>
         <size>0x38</size>
         <input_file_ref idref="fl-3"/>
      </object_component>
      <object_component id="oc-101">
         <name>.debug_pubnames</name>
         <load_address>0x8f</load_address>
         <run_address>0x8f</run_address>
         <size>0x26</size>
         <input_file_ref idref="fl-4"/>
      </object_component>
      <object_component id="oc-a5">
         <name>.debug_pubnames</name>
         <load_address>0xb5</load_address>
         <run_address>0xb5</run_address>
         <size>0x3b</size>
         <input_file_ref idref="fl-4"/>
      </object_component>
      <object_component id="oc-1d">
         <name>.debug_pubnames</name>
         <load_address>0xf0</load_address>
         <run_address>0xf0</run_address>
         <size>0x2b</size>
         <input_file_ref idref="fl-bf"/>
      </object_component>
      <object_component id="oc-17">
         <name>.debug_pubnames</name>
         <load_address>0x11b</load_address>
         <run_address>0x11b</run_address>
         <size>0x2b</size>
         <input_file_ref idref="fl-c0"/>
      </object_component>
      <object_component id="oc-28">
         <name>.debug_pubnames</name>
         <load_address>0x146</load_address>
         <run_address>0x146</run_address>
         <size>0x1e</size>
         <input_file_ref idref="fl-c1"/>
      </object_component>
      <object_component id="oc-55">
         <name>.debug_pubnames</name>
         <load_address>0x164</load_address>
         <run_address>0x164</run_address>
         <size>0x26</size>
         <input_file_ref idref="fl-c1"/>
      </object_component>
      <object_component id="oc-c4">
         <name>.debug_pubnames</name>
         <load_address>0x18a</load_address>
         <run_address>0x18a</run_address>
         <size>0x1c</size>
         <input_file_ref idref="fl-c2"/>
      </object_component>
      <object_component id="oc-37">
         <name>.debug_pubnames</name>
         <load_address>0x1a6</load_address>
         <run_address>0x1a6</run_address>
         <size>0x1d</size>
         <input_file_ref idref="fl-c5"/>
      </object_component>
      <object_component id="oc-d0">
         <name>.debug_pubnames</name>
         <load_address>0x1c3</load_address>
         <run_address>0x1c3</run_address>
         <size>0x35</size>
         <input_file_ref idref="fl-c7"/>
      </object_component>
      <object_component id="oc-8d">
         <name>.debug_pubnames</name>
         <load_address>0x1f8</load_address>
         <run_address>0x1f8</run_address>
         <size>0x27</size>
         <input_file_ref idref="fl-c8"/>
      </object_component>
      <object_component id="oc-133">
         <name>.debug_pubtypes</name>
         <load_address>0x0</load_address>
         <run_address>0x0</run_address>
         <size>0x2ce</size>
         <input_file_ref idref="fl-1"/>
      </object_component>
      <object_component id="oc-ac">
         <name>.debug_pubtypes</name>
         <load_address>0x2ce</load_address>
         <run_address>0x2ce</run_address>
         <size>0x25c</size>
         <input_file_ref idref="fl-1"/>
      </object_component>
      <object_component id="oc-138">
         <name>.debug_pubtypes</name>
         <load_address>0x52a</load_address>
         <run_address>0x52a</run_address>
         <size>0xdd</size>
         <input_file_ref idref="fl-1"/>
      </object_component>
      <object_component id="oc-30">
         <name>.debug_pubtypes</name>
         <load_address>0x607</load_address>
         <run_address>0x607</run_address>
         <size>0xed</size>
         <input_file_ref idref="fl-1"/>
      </object_component>
      <object_component id="oc-109">
         <name>.debug_pubtypes</name>
         <load_address>0x6f4</load_address>
         <run_address>0x6f4</run_address>
         <size>0x325</size>
         <input_file_ref idref="fl-1"/>
      </object_component>
      <object_component id="oc-104">
         <name>.debug_pubtypes</name>
         <load_address>0xa19</load_address>
         <run_address>0xa19</run_address>
         <size>0xaa</size>
         <input_file_ref idref="fl-1"/>
      </object_component>
      <object_component id="oc-3b">
         <name>.debug_pubtypes</name>
         <load_address>0xac3</load_address>
         <run_address>0xac3</run_address>
         <size>0x48</size>
         <input_file_ref idref="fl-bf"/>
      </object_component>
      <object_component id="oc-77">
         <name>.debug_pubtypes</name>
         <load_address>0xb0b</load_address>
         <run_address>0xb0b</run_address>
         <size>0x1d</size>
         <input_file_ref idref="fl-bf"/>
      </object_component>
      <object_component id="oc-2b">
         <name>.debug_pubtypes</name>
         <load_address>0xb28</load_address>
         <run_address>0xb28</run_address>
         <size>0x5d</size>
         <input_file_ref idref="fl-c0"/>
      </object_component>
      <object_component id="oc-b1">
         <name>.debug_pubtypes</name>
         <load_address>0xb85</load_address>
         <run_address>0xb85</run_address>
         <size>0x48</size>
         <input_file_ref idref="fl-c0"/>
      </object_component>
      <object_component id="oc-70">
         <name>.debug_pubtypes</name>
         <load_address>0xbcd</load_address>
         <run_address>0xbcd</run_address>
         <size>0x35</size>
         <input_file_ref idref="fl-c0"/>
      </object_component>
      <object_component id="oc-14d">
         <name>.debug_pubtypes</name>
         <load_address>0xc02</load_address>
         <run_address>0xc02</run_address>
         <size>0x32</size>
         <input_file_ref idref="fl-c7"/>
      </object_component>
      <object_component id="oc-161">
         <name>.debug_pubtypes</name>
         <load_address>0xc34</load_address>
         <run_address>0xc34</run_address>
         <size>0x30</size>
         <input_file_ref idref="fl-c7"/>
      </object_component>
      <object_component id="oc-152">
         <name>.debug_pubtypes</name>
         <load_address>0xc64</load_address>
         <run_address>0xc64</run_address>
         <size>0x2c</size>
         <input_file_ref idref="fl-c7"/>
      </object_component>
      <object_component id="oc-157">
         <name>.debug_pubtypes</name>
         <load_address>0xc90</load_address>
         <run_address>0xc90</run_address>
         <size>0x50</size>
         <input_file_ref idref="fl-c7"/>
      </object_component>
   </object_component_list>
   <logical_group_list>
      <logical_group id="lg-3" display="no" color="cyan">
         <name>.intvecs</name>
         <load_address>0x0</load_address>
         <run_address>0x0</run_address>
         <size>0xe4</size>
         <contents>
            <object_component_ref idref="oc-23"/>
         </contents>
      </logical_group>
      <logical_group id="lg-4" display="no" color="cyan">
         <name>.text</name>
         <load_address>0xe4</load_address>
         <run_address>0xe4</run_address>
         <size>0x560</size>
         <contents>
            <object_component_ref idref="oc-a2"/>
            <object_component_ref idref="oc-34"/>
            <object_component_ref idref="oc-90"/>
            <object_component_ref idref="oc-14"/>
            <object_component_ref idref="oc-cd"/>
            <object_component_ref idref="oc-52"/>
            <object_component_ref idref="oc-1a"/>
            <object_component_ref idref="oc-64"/>
            <object_component_ref idref="oc-8a"/>
            <object_component_ref idref="oc-c1"/>
         </contents>
      </logical_group>
      <logical_group id="lg-5" display="no" color="cyan">
         <name>.const</name>
         <run_address>0x0</run_address>
         <size>0x0</size>
         <contents>
         </contents>
      </logical_group>
      <logical_group id="lg-6" display="no" color="cyan">
         <name>.cinit</name>
         <load_address>0x648</load_address>
         <run_address>0x648</run_address>
         <size>0x18</size>
         <contents>
            <object_component_ref idref="oc-19b"/>
            <object_component_ref idref="oc-199"/>
            <object_component_ref idref="oc-19a"/>
         </contents>
      </logical_group>
      <logical_group id="lg-7" display="no" color="cyan">
         <name>.pinit</name>
         <run_address>0x0</run_address>
         <size>0x0</size>
         <contents>
         </contents>
      </logical_group>
      <logical_group id="lg-8" display="no" color="cyan">
         <name>.init_array</name>
         <run_address>0x0</run_address>
         <size>0x0</size>
         <contents>
         </contents>
      </logical_group>
      <logical_group id="lg-9" display="no" color="cyan">
         <name>.binit</name>
         <load_address>0x0</load_address>
         <run_address>0x0</run_address>
         <size>0x0</size>
         <contents>
            <object_component_ref idref="oc-16e"/>
         </contents>
      </logical_group>
      <logical_group id="lg-a" display="no" color="cyan">
         <name>.flashMailbox</name>
         <run_address>0x0</run_address>
         <size>0x0</size>
         <contents>
         </contents>
      </logical_group>
      <logical_group id="lg-b" display="no" color="cyan">
         <name>.tlvTable</name>
         <run_address>0x0</run_address>
         <size>0x0</size>
         <contents>
         </contents>
      </logical_group>
      <logical_group id="lg-c" display="no" color="cyan">
         <name>.bslArea</name>
         <run_address>0x0</run_address>
         <size>0x0</size>
         <contents>
         </contents>
      </logical_group>
      <logical_group id="lg-d" display="no" color="cyan">
         <name>.vtable</name>
         <run_address>0x0</run_address>
         <size>0x0</size>
         <contents>
         </contents>
      </logical_group>
      <logical_group id="lg-e" display="no" color="cyan">
         <name>.data</name>
         <run_address>0x20000000</run_address>
         <size>0x4</size>
         <contents>
            <object_component_ref idref="oc-ff"/>
         </contents>
      </logical_group>
      <logical_group id="lg-f" display="no" color="cyan">
         <name>.bss</name>
         <run_address>0x0</run_address>
         <size>0x0</size>
         <contents>
         </contents>
      </logical_group>
      <logical_group id="lg-10" display="no" color="cyan">
         <name>.sysmem</name>
         <run_address>0x0</run_address>
         <size>0x0</size>
         <contents>
         </contents>
      </logical_group>
      <logical_group id="lg-11" display="no" color="cyan">
         <name>.stack</name>
         <run_address>0x2000fe00</run_address>
         <size>0x200</size>
         <contents>
            <object_component_ref idref="oc-26"/>
            <object_component_ref idref="oc-19c"/>
         </contents>
      </logical_group>
      <logical_group id="lg-12" display="no" color="cyan">
         <name>.TI.ramfunc</name>
         <run_address>0x0</run_address>
         <size>0x0</size>
         <contents>
         </contents>
      </logical_group>
      <logical_group id="lg-16c" display="no" color="cyan">
         <name>.TI.noinit</name>
         <run_address>0x0</run_address>
         <size>0x0</size>
         <contents>
         </contents>
      </logical_group>
      <logical_group id="lg-16d" display="no" color="cyan">
         <name>.TI.persistent</name>
         <run_address>0x0</run_address>
         <size>0x0</size>
         <contents>
         </contents>
      </logical_group>
      <logical_group id="lg-181" display="never" color="cyan">
         <name>.debug_info</name>
         <load_address>0x0</load_address>
         <run_address>0x0</run_address>
         <size>0x778f</size>
         <contents>
            <object_component_ref idref="oc-10d"/>
            <object_component_ref idref="oc-91"/>
            <object_component_ref idref="oc-132"/>
            <object_component_ref idref="oc-ab"/>
            <object_component_ref idref="oc-137"/>
            <object_component_ref idref="oc-2f"/>
            <object_component_ref idref="oc-108"/>
            <object_component_ref idref="oc-103"/>
            <object_component_ref idref="oc-6c"/>
            <object_component_ref idref="oc-24"/>
            <object_component_ref idref="oc-65"/>
            <object_component_ref idref="oc-100"/>
            <object_component_ref idref="oc-a3"/>
            <object_component_ref idref="oc-3f"/>
            <object_component_ref idref="oc-1b"/>
            <object_component_ref idref="oc-3a"/>
            <object_component_ref idref="oc-76"/>
            <object_component_ref idref="oc-74"/>
            <object_component_ref idref="oc-15"/>
            <object_component_ref idref="oc-2a"/>
            <object_component_ref idref="oc-b0"/>
            <object_component_ref idref="oc-6f"/>
            <object_component_ref idref="oc-27"/>
            <object_component_ref idref="oc-53"/>
            <object_component_ref idref="oc-c2"/>
            <object_component_ref idref="oc-35"/>
            <object_component_ref idref="oc-119"/>
            <object_component_ref idref="oc-ce"/>
            <object_component_ref idref="oc-14c"/>
            <object_component_ref idref="oc-160"/>
            <object_component_ref idref="oc-151"/>
            <object_component_ref idref="oc-156"/>
            <object_component_ref idref="oc-8b"/>
            <object_component_ref idref="oc-19d"/>
         </contents>
      </logical_group>
      <logical_group id="lg-183" display="never" color="cyan">
         <name>.debug_line</name>
         <load_address>0x0</load_address>
         <run_address>0x0</run_address>
         <size>0xd32</size>
         <contents>
            <object_component_ref idref="oc-131"/>
            <object_component_ref idref="oc-94"/>
            <object_component_ref idref="oc-135"/>
            <object_component_ref idref="oc-ae"/>
            <object_component_ref idref="oc-13a"/>
            <object_component_ref idref="oc-32"/>
            <object_component_ref idref="oc-10b"/>
            <object_component_ref idref="oc-106"/>
            <object_component_ref idref="oc-aa"/>
            <object_component_ref idref="oc-6b"/>
            <object_component_ref idref="oc-68"/>
            <object_component_ref idref="oc-12f"/>
            <object_component_ref idref="oc-a6"/>
            <object_component_ref idref="oc-7c"/>
            <object_component_ref idref="oc-1e"/>
            <object_component_ref idref="oc-3d"/>
            <object_component_ref idref="oc-79"/>
            <object_component_ref idref="oc-b6"/>
            <object_component_ref idref="oc-18"/>
            <object_component_ref idref="oc-2d"/>
            <object_component_ref idref="oc-b3"/>
            <object_component_ref idref="oc-72"/>
            <object_component_ref idref="oc-6e"/>
            <object_component_ref idref="oc-56"/>
            <object_component_ref idref="oc-c5"/>
            <object_component_ref idref="oc-38"/>
            <object_component_ref idref="oc-14b"/>
            <object_component_ref idref="oc-d1"/>
            <object_component_ref idref="oc-14f"/>
            <object_component_ref idref="oc-163"/>
            <object_component_ref idref="oc-154"/>
            <object_component_ref idref="oc-159"/>
            <object_component_ref idref="oc-8e"/>
         </contents>
      </logical_group>
      <logical_group id="lg-185" display="never" color="cyan">
         <name>.debug_frame</name>
         <load_address>0x0</load_address>
         <run_address>0x0</run_address>
         <size>0x354</size>
         <contents>
            <object_component_ref idref="oc-95"/>
            <object_component_ref idref="oc-69"/>
            <object_component_ref idref="oc-a7"/>
            <object_component_ref idref="oc-1f"/>
            <object_component_ref idref="oc-19"/>
            <object_component_ref idref="oc-57"/>
            <object_component_ref idref="oc-c6"/>
            <object_component_ref idref="oc-d2"/>
            <object_component_ref idref="oc-8f"/>
         </contents>
      </logical_group>
      <logical_group id="lg-187" display="never" color="cyan">
         <name>.debug_abbrev</name>
         <load_address>0x0</load_address>
         <run_address>0x0</run_address>
         <size>0xa96</size>
         <contents>
            <object_component_ref idref="oc-130"/>
            <object_component_ref idref="oc-c0"/>
            <object_component_ref idref="oc-134"/>
            <object_component_ref idref="oc-ad"/>
            <object_component_ref idref="oc-139"/>
            <object_component_ref idref="oc-31"/>
            <object_component_ref idref="oc-10a"/>
            <object_component_ref idref="oc-105"/>
            <object_component_ref idref="oc-a9"/>
            <object_component_ref idref="oc-6a"/>
            <object_component_ref idref="oc-a8"/>
            <object_component_ref idref="oc-12e"/>
            <object_component_ref idref="oc-102"/>
            <object_component_ref idref="oc-7b"/>
            <object_component_ref idref="oc-39"/>
            <object_component_ref idref="oc-3c"/>
            <object_component_ref idref="oc-78"/>
            <object_component_ref idref="oc-b5"/>
            <object_component_ref idref="oc-29"/>
            <object_component_ref idref="oc-2c"/>
            <object_component_ref idref="oc-b2"/>
            <object_component_ref idref="oc-71"/>
            <object_component_ref idref="oc-6d"/>
            <object_component_ref idref="oc-99"/>
            <object_component_ref idref="oc-10e"/>
            <object_component_ref idref="oc-75"/>
            <object_component_ref idref="oc-14a"/>
            <object_component_ref idref="oc-118"/>
            <object_component_ref idref="oc-14e"/>
            <object_component_ref idref="oc-162"/>
            <object_component_ref idref="oc-153"/>
            <object_component_ref idref="oc-158"/>
            <object_component_ref idref="oc-bf"/>
            <object_component_ref idref="oc-19e"/>
         </contents>
      </logical_group>
      <logical_group id="lg-189" display="never" color="cyan">
         <name>.debug_str</name>
         <load_address>0x0</load_address>
         <run_address>0x0</run_address>
         <size>0x2d7b</size>
         <contents>
            <object_component_ref idref="oc-136"/>
            <object_component_ref idref="oc-af"/>
            <object_component_ref idref="oc-13b"/>
            <object_component_ref idref="oc-33"/>
            <object_component_ref idref="oc-10c"/>
            <object_component_ref idref="oc-107"/>
            <object_component_ref idref="oc-3e"/>
            <object_component_ref idref="oc-7a"/>
            <object_component_ref idref="oc-2e"/>
            <object_component_ref idref="oc-b4"/>
            <object_component_ref idref="oc-73"/>
            <object_component_ref idref="oc-150"/>
            <object_component_ref idref="oc-164"/>
            <object_component_ref idref="oc-155"/>
            <object_component_ref idref="oc-15a"/>
         </contents>
      </logical_group>
      <logical_group id="lg-18b" display="never" color="cyan">
         <name>.debug_aranges</name>
         <load_address>0x0</load_address>
         <run_address>0x0</run_address>
         <size>0x158</size>
         <contents>
            <object_component_ref idref="oc-92"/>
            <object_component_ref idref="oc-66"/>
            <object_component_ref idref="oc-a4"/>
            <object_component_ref idref="oc-1c"/>
            <object_component_ref idref="oc-16"/>
            <object_component_ref idref="oc-54"/>
            <object_component_ref idref="oc-c3"/>
            <object_component_ref idref="oc-36"/>
            <object_component_ref idref="oc-cf"/>
            <object_component_ref idref="oc-8c"/>
         </contents>
      </logical_group>
      <logical_group id="lg-18d" display="never" color="cyan">
         <name>.debug_pubnames</name>
         <load_address>0x0</load_address>
         <run_address>0x0</run_address>
         <size>0x21f</size>
         <contents>
            <object_component_ref idref="oc-93"/>
            <object_component_ref idref="oc-25"/>
            <object_component_ref idref="oc-67"/>
            <object_component_ref idref="oc-101"/>
            <object_component_ref idref="oc-a5"/>
            <object_component_ref idref="oc-1d"/>
            <object_component_ref idref="oc-17"/>
            <object_component_ref idref="oc-28"/>
            <object_component_ref idref="oc-55"/>
            <object_component_ref idref="oc-c4"/>
            <object_component_ref idref="oc-37"/>
            <object_component_ref idref="oc-d0"/>
            <object_component_ref idref="oc-8d"/>
         </contents>
      </logical_group>
      <logical_group id="lg-18f" display="never" color="cyan">
         <name>.debug_pubtypes</name>
         <load_address>0x0</load_address>
         <run_address>0x0</run_address>
         <size>0xce0</size>
         <contents>
            <object_component_ref idref="oc-133"/>
            <object_component_ref idref="oc-ac"/>
            <object_component_ref idref="oc-138"/>
            <object_component_ref idref="oc-30"/>
            <object_component_ref idref="oc-109"/>
            <object_component_ref idref="oc-104"/>
            <object_component_ref idref="oc-3b"/>
            <object_component_ref idref="oc-77"/>
            <object_component_ref idref="oc-2b"/>
            <object_component_ref idref="oc-b1"/>
            <object_component_ref idref="oc-70"/>
            <object_component_ref idref="oc-14d"/>
            <object_component_ref idref="oc-161"/>
            <object_component_ref idref="oc-152"/>
            <object_component_ref idref="oc-157"/>
         </contents>
      </logical_group>
      <load_segment id="lg-19f" display="no" color="cyan">
         <name>SEGMENT_0</name>
         <load_address>0x0</load_address>
         <run_address>0x0</run_address>
         <size>0x660</size>
         <flags>0x5</flags>
         <contents>
            <logical_group_ref idref="lg-3"/>
            <logical_group_ref idref="lg-4"/>
            <logical_group_ref idref="lg-6"/>
         </contents>
      </load_segment>
      <load_segment id="lg-1a0" display="no" color="cyan">
         <name>SEGMENT_1</name>
         <run_address>0x20000000</run_address>
         <size>0x4</size>
         <flags>0x6</flags>
         <contents>
            <logical_group_ref idref="lg-e"/>
         </contents>
      </load_segment>
      <load_segment id="lg-1a1" display="no" color="cyan">
         <name>SEGMENT_2</name>
         <run_address>0x2000fe00</run_address>
         <size>0x200</size>
         <flags>0x6</flags>
         <contents>
            <logical_group_ref idref="lg-11"/>
         </contents>
      </load_segment>
   </logical_group_list>
   <placement_map>
      <memory_area display="yes" color="green">
         <name>MAIN</name>
         <page_id>0x0</page_id>
         <origin>0x0</origin>
         <length>0x40000</length>
         <used_space>0x65c</used_space>
         <unused_space>0x3f9a4</unused_space>
         <attributes>RX</attributes>
         <usage_details>
            <allocated_space>
               <start_address>0x0</start_address>
               <size>0x0</size>
               <logical_group_ref idref="lg-9"/>
            </allocated_space>
            <allocated_space>
               <start_address>0x0</start_address>
               <size>0xe4</size>
               <logical_group_ref idref="lg-3"/>
            </allocated_space>
            <allocated_space>
               <start_address>0xe4</start_address>
               <size>0x560</size>
               <logical_group_ref idref="lg-4"/>
            </allocated_space>
            <available_space>
               <start_address>0x644</start_address>
               <size>0x4</size>
            </available_space>
            <allocated_space>
               <start_address>0x648</start_address>
               <size>0x18</size>
               <logical_group_ref idref="lg-6"/>
            </allocated_space>
            <available_space>
               <start_address>0x660</start_address>
               <size>0x3f9a0</size>
            </available_space>
         </usage_details>
      </memory_area>
      <memory_area display="yes" color="green">
         <name>INFO</name>
         <page_id>0x0</page_id>
         <origin>0x200000</origin>
         <length>0x4000</length>
         <used_space>0x0</used_space>
         <unused_space>0x4000</unused_space>
         <attributes>RX</attributes>
         <usage_details>
         </usage_details>
      </memory_area>
      <memory_area display="yes" color="green">
         <name>SRAM_CODE</name>
         <page_id>0x0</page_id>
         <origin>0x1000000</origin>
         <length>0x10000</length>
         <used_space>0x204</used_space>
         <unused_space>0xfdfc</unused_space>
         <attributes>RWX</attributes>
         <usage_details>
            <allocated_space>
               <start_address>0x1000000</start_address>
               <size>0x4</size>
               <logical_group_ref idref="lg-e"/>
            </allocated_space>
            <available_space>
               <start_address>0x1000004</start_address>
               <size>0xfdfc</size>
            </available_space>
            <allocated_space>
               <start_address>0x100fe00</start_address>
               <size>0x200</size>
               <logical_group_ref idref="lg-11"/>
            </allocated_space>
         </usage_details>
      </memory_area>
      <memory_area display="yes" color="green">
         <name>SRAM_DATA</name>
         <page_id>0x0</page_id>
         <origin>0x20000000</origin>
         <length>0x10000</length>
         <used_space>0x204</used_space>
         <unused_space>0xfdfc</unused_space>
         <attributes>RW</attributes>
         <usage_details>
            <allocated_space>
               <start_address>0x20000000</start_address>
               <size>0x4</size>
               <logical_group_ref idref="lg-e"/>
            </allocated_space>
            <available_space>
               <start_address>0x20000004</start_address>
               <size>0xfdfc</size>
            </available_space>
            <allocated_space>
               <start_address>0x2000fe00</start_address>
               <size>0x200</size>
               <logical_group_ref idref="lg-11"/>
            </allocated_space>
         </usage_details>
      </memory_area>
   </placement_map>
   <cptbl_list>
      <cptbl>
         <name>__TI_cinit_table</name>
         <cprec>
            <name>.data</name>
            <load_address>0x648</load_address>
            <load_size>0x8</load_size>
            <run_address>0x20000000</run_address>
            <run_size>0x4</run_size>
            <compression>lzss</compression>
         </cprec>
      </cptbl>
   </cptbl_list>
   <handler_table>
      <handler_table_name>__TI_handler_table</handler_table_name>
      <handler>
         <index>0x0</index>
         <name>__TI_decompress_lzss</name>
      </handler>
      <handler>
         <index>0x1</index>
         <name>__TI_decompress_none</name>
      </handler>
   </handler_table>
   <symbol_table>
      <symbol id="sm-1">
         <name>WDTCTL_SYM</name>
         <value>0x4000480c</value>
      </symbol>
      <symbol id="sm-2">
         <name>__TI_CINIT_Base</name>
         <value>0x658</value>
      </symbol>
      <symbol id="sm-3">
         <name>__TI_CINIT_Limit</name>
         <value>0x660</value>
      </symbol>
      <symbol id="sm-4">
         <name>__TI_Handler_Table_Base</name>
         <value>0x650</value>
      </symbol>
      <symbol id="sm-5">
         <name>__TI_Handler_Table_Limit</name>
         <value>0x658</value>
      </symbol>
      <symbol id="sm-6">
         <name>binit</name>
         <value>0xffffffff</value>
      </symbol>
      <symbol id="sm-7">
         <name>__binit__</name>
         <value>0xffffffff</value>
      </symbol>
      <symbol id="sm-8">
         <name>__STACK_SIZE</name>
         <value>0x200</value>
      </symbol>
      <symbol id="sm-9">
         <name>__STACK_END</name>
         <value>0x20010000</value>
      </symbol>
      <symbol id="sm-a">
         <name>__c_args__</name>
         <value>0xffffffff</value>
      </symbol>
      <symbol id="sm-b">
         <name>__TI_pprof_out_hndl</name>
         <value>0xffffffff</value>
      </symbol>
      <symbol id="sm-c">
         <name>__TI_prof_data_start</name>
         <value>0xffffffff</value>
      </symbol>
      <symbol id="sm-d">
         <name>__TI_prof_data_size</name>
         <value>0xffffffff</value>
      </symbol>
      <symbol id="sm-5c">
         <name>main</name>
         <value>0x4b5</value>
         <object_component_ref idref="oc-90"/>
      </symbol>
      <symbol id="sm-5d">
         <name>TA0_0_IRQHANDLER</name>
         <value>0x4b7</value>
         <object_component_ref idref="oc-90"/>
      </symbol>
      <symbol id="sm-73">
         <name>Reset_Handler</name>
         <value>0x62f</value>
         <object_component_ref idref="oc-64"/>
      </symbol>
      <symbol id="sm-74">
         <name>Default_Handler</name>
         <value>0x63b</value>
         <object_component_ref idref="oc-64"/>
      </symbol>
      <symbol id="sm-75">
         <name>interruptVectors</name>
         <value>0x0</value>
         <object_component_ref idref="oc-23"/>
      </symbol>
      <symbol id="sm-bd">
         <name>SystemInit</name>
         <value>0x35d</value>
         <object_component_ref idref="oc-a2"/>
      </symbol>
      <symbol id="sm-be">
         <name>SystemCoreClockUpdate</name>
         <value>0xe5</value>
         <object_component_ref idref="oc-a2"/>
      </symbol>
      <symbol id="sm-bf">
         <name>SystemCoreClock</name>
         <value>0x20000000</value>
         <object_component_ref idref="oc-ff"/>
      </symbol>
      <symbol id="sm-d7">
         <name>__TI_decompress_none</name>
         <value>0x621</value>
         <object_component_ref idref="oc-1a"/>
      </symbol>
      <symbol id="sm-fa">
         <name>__TI_decompress_lzss</name>
         <value>0x53d</value>
         <object_component_ref idref="oc-14"/>
      </symbol>
      <symbol id="sm-10d">
         <name>__stack</name>
         <value>0x2000fe00</value>
         <object_component_ref idref="oc-26"/>
      </symbol>
      <symbol id="sm-10e">
         <name>_c_int00_noargs</name>
         <value>0x5e9</value>
         <object_component_ref idref="oc-52"/>
      </symbol>
      <symbol id="sm-119">
         <name>C$$EXIT</name>
         <value>0x641</value>
         <object_component_ref idref="oc-c1"/>
      </symbol>
      <symbol id="sm-11a">
         <name>abort</name>
         <value>0x641</value>
         <object_component_ref idref="oc-c1"/>
      </symbol>
      <symbol id="sm-137">
         <name>memcpy</name>
         <value>0x419</value>
         <object_component_ref idref="oc-34"/>
      </symbol>
      <symbol id="sm-138">
         <name>__aeabi_memcpy</name>
         <value>0x419</value>
         <object_component_ref idref="oc-34"/>
      </symbol>
      <symbol id="sm-139">
         <name>__aeabi_memcpy8</name>
         <value>0x419</value>
         <object_component_ref idref="oc-34"/>
      </symbol>
      <symbol id="sm-13a">
         <name>__aeabi_memcpy4</name>
         <value>0x419</value>
         <object_component_ref idref="oc-34"/>
      </symbol>
      <symbol id="sm-163">
         <name>__TI_auto_init_nobinit_nopinit</name>
         <value>0x5a5</value>
         <object_component_ref idref="oc-cd"/>
      </symbol>
      <symbol id="sm-16d">
         <name>_system_pre_init</name>
         <value>0x63d</value>
         <object_component_ref idref="oc-8a"/>
      </symbol>
      <symbol id="sm-16f">
         <name>__TI_static_base__</name>
         <value>0x0</value>
      </symbol>
      <symbol id="sm-172">
         <name>__mpu_init</name>
         <value>0x0</value>
      </symbol>
      <symbol id="sm-173">
         <name>_system_post_cinit</name>
         <value>0x0</value>
      </symbol>
      <symbol id="sm-174">
         <name>NMI_Handler</name>
         <value>0x63b</value>
      </symbol>
      <symbol id="sm-175">
         <name>HardFault_Handler</name>
         <value>0x63b</value>
      </symbol>
      <symbol id="sm-176">
         <name>MemManage_Handler</name>
         <value>0x63b</value>
      </symbol>
      <symbol id="sm-177">
         <name>BusFault_Handler</name>
         <value>0x63b</value>
      </symbol>
      <symbol id="sm-178">
         <name>UsageFault_Handler</name>
         <value>0x63b</value>
      </symbol>
      <symbol id="sm-179">
         <name>SVC_Handler</name>
         <value>0x63b</value>
      </symbol>
      <symbol id="sm-17a">
         <name>DebugMon_Handler</name>
         <value>0x63b</value>
      </symbol>
      <symbol id="sm-17b">
         <name>PendSV_Handler</name>
         <value>0x63b</value>
      </symbol>
      <symbol id="sm-17c">
         <name>SysTick_Handler</name>
         <value>0x63b</value>
      </symbol>
      <symbol id="sm-17d">
         <name>PSS_IRQHandler</name>
         <value>0x63b</value>
      </symbol>
      <symbol id="sm-17e">
         <name>CS_IRQHandler</name>
         <value>0x63b</value>
      </symbol>
      <symbol id="sm-17f">
         <name>PCM_IRQHandler</name>
         <value>0x63b</value>
      </symbol>
      <symbol id="sm-180">
         <name>WDT_A_IRQHandler</name>
         <value>0x63b</value>
      </symbol>
      <symbol id="sm-181">
         <name>FPU_IRQHandler</name>
         <value>0x63b</value>
      </symbol>
      <symbol id="sm-182">
         <name>FLCTL_IRQHandler</name>
         <value>0x63b</value>
      </symbol>
      <symbol id="sm-183">
         <name>COMP_E0_IRQHandler</name>
         <value>0x63b</value>
      </symbol>
      <symbol id="sm-184">
         <name>COMP_E1_IRQHandler</name>
         <value>0x63b</value>
      </symbol>
      <symbol id="sm-185">
         <name>TA0_0_IRQHandler</name>
         <value>0x63b</value>
      </symbol>
      <symbol id="sm-186">
         <name>TA0_N_IRQHandler</name>
         <value>0x63b</value>
      </symbol>
      <symbol id="sm-187">
         <name>TA1_0_IRQHandler</name>
         <value>0x63b</value>
      </symbol>
      <symbol id="sm-188">
         <name>TA1_N_IRQHandler</name>
         <value>0x63b</value>
      </symbol>
      <symbol id="sm-189">
         <name>TA2_0_IRQHandler</name>
         <value>0x63b</value>
      </symbol>
      <symbol id="sm-18a">
         <name>TA2_N_IRQHandler</name>
         <value>0x63b</value>
      </symbol>
      <symbol id="sm-18b">
         <name>TA3_0_IRQHandler</name>
         <value>0x63b</value>
      </symbol>
      <symbol id="sm-18c">
         <name>TA3_N_IRQHandler</name>
         <value>0x63b</value>
      </symbol>
      <symbol id="sm-18d">
         <name>EUSCIA0_IRQHandler</name>
         <value>0x63b</value>
      </symbol>
      <symbol id="sm-18e">
         <name>EUSCIA1_IRQHandler</name>
         <value>0x63b</value>
      </symbol>
      <symbol id="sm-18f">
         <name>EUSCIA2_IRQHandler</name>
         <value>0x63b</value>
      </symbol>
      <symbol id="sm-190">
         <name>EUSCIA3_IRQHandler</name>
         <value>0x63b</value>
      </symbol>
      <symbol id="sm-191">
         <name>EUSCIB0_IRQHandler</name>
         <value>0x63b</value>
      </symbol>
      <symbol id="sm-192">
         <name>EUSCIB1_IRQHandler</name>
         <value>0x63b</value>
      </symbol>
      <symbol id="sm-193">
         <name>EUSCIB2_IRQHandler</name>
         <value>0x63b</value>
      </symbol>
      <symbol id="sm-194">
         <name>EUSCIB3_IRQHandler</name>
         <value>0x63b</value>
      </symbol>
      <symbol id="sm-195">
         <name>ADC14_IRQHandler</name>
         <value>0x63b</value>
      </symbol>
      <symbol id="sm-196">
         <name>T32_INT1_IRQHandler</name>
         <value>0x63b</value>
      </symbol>
      <symbol id="sm-197">
         <name>T32_INT2_IRQHandler</name>
         <value>0x63b</value>
      </symbol>
      <symbol id="sm-198">
         <name>T32_INTC_IRQHandler</name>
         <value>0x63b</value>
      </symbol>
      <symbol id="sm-199">
         <name>AES256_IRQHandler</name>
         <value>0x63b</value>
      </symbol>
      <symbol id="sm-19a">
         <name>RTC_C_IRQHandler</name>
         <value>0x63b</value>
      </symbol>
      <symbol id="sm-19b">
         <name>DMA_ERR_IRQHandler</name>
         <value>0x63b</value>
      </symbol>
      <symbol id="sm-19c">
         <name>DMA_INT3_IRQHandler</name>
         <value>0x63b</value>
      </symbol>
      <symbol id="sm-19d">
         <name>DMA_INT2_IRQHandler</name>
         <value>0x63b</value>
      </symbol>
      <symbol id="sm-19e">
         <name>DMA_INT1_IRQHandler</name>
         <value>0x63b</value>
      </symbol>
      <symbol id="sm-19f">
         <name>DMA_INT0_IRQHandler</name>
         <value>0x63b</value>
      </symbol>
      <symbol id="sm-1a0">
         <name>PORT1_IRQHandler</name>
         <value>0x63b</value>
      </symbol>
      <symbol id="sm-1a1">
         <name>PORT2_IRQHandler</name>
         <value>0x63b</value>
      </symbol>
      <symbol id="sm-1a2">
         <name>PORT3_IRQHandler</name>
         <value>0x63b</value>
      </symbol>
      <symbol id="sm-1a3">
         <name>PORT4_IRQHandler</name>
         <value>0x63b</value>
      </symbol>
      <symbol id="sm-1a4">
         <name>PORT5_IRQHandler</name>
         <value>0x63b</value>
      </symbol>
      <symbol id="sm-1a5">
         <name>PORT6_IRQHandler</name>
         <value>0x63b</value>
      </symbol>
   </symbol_table>
   <title>Link successful</title>
</link_info>
