<?xml version="1.0" encoding="ISO-8859-1" ?>
<link_info>
   <banner>TI ARM Linker Unix v18.1.1.LTS</banner>
   <copyright>Copyright (c) 1996-2017 Texas Instruments Incorporated</copyright>
   <link_time>0x5af0dedd</link_time>
   <link_errors>0x0</link_errors>
   <output_file>A6.out</output_file>
   <entry_point>
      <name>_c_int00_noargs</name>
      <address>0x80d</address>
   </entry_point>
   <input_file_list>
      <input_file id="fl-1">
         <path>./</path>
         <kind>object</kind>
         <file>drive_DAC.obj</file>
         <name>drive_DAC.obj</name>
      </input_file>
      <input_file id="fl-2">
         <path>./</path>
         <kind>object</kind>
         <file>main.obj</file>
         <name>main.obj</name>
      </input_file>
      <input_file id="fl-3">
         <path>./</path>
         <kind>object</kind>
         <file>set_DCO.obj</file>
         <name>set_DCO.obj</name>
      </input_file>
      <input_file id="fl-4">
         <path>./</path>
         <kind>object</kind>
         <file>startup_msp432p401r_ccs.obj</file>
         <name>startup_msp432p401r_ccs.obj</name>
      </input_file>
      <input_file id="fl-5">
         <path>./</path>
         <kind>object</kind>
         <file>system_msp432p401r.obj</file>
         <name>system_msp432p401r.obj</name>
      </input_file>
      <input_file id="fl-9">
         <kind>object</kind>
         <file>&lt;internal&gt;</file>
         <name>&lt;internal&gt;</name>
      </input_file>
      <input_file id="fl-bf">
         <path>/Applications/ti/ccsv8/tools/compiler/ti-cgt-arm_18.1.1.LTS/lib/</path>
         <kind>archive</kind>
         <file>rtsv7M4_T_le_v4SPD16_eabi.lib</file>
         <name>copy_zero_init.c.obj</name>
      </input_file>
      <input_file id="fl-c0">
         <path>/Applications/ti/ccsv8/tools/compiler/ti-cgt-arm_18.1.1.LTS/lib/</path>
         <kind>archive</kind>
         <file>rtsv7M4_T_le_v4SPD16_eabi.lib</file>
         <name>copy_decompress_none.c.obj</name>
      </input_file>
      <input_file id="fl-c1">
         <path>/Applications/ti/ccsv8/tools/compiler/ti-cgt-arm_18.1.1.LTS/lib/</path>
         <kind>archive</kind>
         <file>rtsv7M4_T_le_v4SPD16_eabi.lib</file>
         <name>copy_decompress_lzss.c.obj</name>
      </input_file>
      <input_file id="fl-c2">
         <path>/Applications/ti/ccsv8/tools/compiler/ti-cgt-arm_18.1.1.LTS/lib/</path>
         <kind>archive</kind>
         <file>rtsv7M4_T_le_v4SPD16_eabi.lib</file>
         <name>boot_cortex_m.c.obj</name>
      </input_file>
      <input_file id="fl-c3">
         <path>/Applications/ti/ccsv8/tools/compiler/ti-cgt-arm_18.1.1.LTS/lib/</path>
         <kind>archive</kind>
         <file>rtsv7M4_T_le_v4SPD16_eabi.lib</file>
         <name>exit.c.obj</name>
      </input_file>
      <input_file id="fl-c4">
         <path>/Applications/ti/ccsv8/tools/compiler/ti-cgt-arm_18.1.1.LTS/lib/</path>
         <kind>archive</kind>
         <file>rtsv7M4_T_le_v4SPD16_eabi.lib</file>
         <name>_lock.c.obj</name>
      </input_file>
      <input_file id="fl-c5">
         <path>/Applications/ti/ccsv8/tools/compiler/ti-cgt-arm_18.1.1.LTS/lib/</path>
         <kind>archive</kind>
         <file>rtsv7M4_T_le_v4SPD16_eabi.lib</file>
         <name>args_main.c.obj</name>
      </input_file>
      <input_file id="fl-c6">
         <path>/Applications/ti/ccsv8/tools/compiler/ti-cgt-arm_18.1.1.LTS/lib/</path>
         <kind>archive</kind>
         <file>rtsv7M4_T_le_v4SPD16_eabi.lib</file>
         <name>memcpy_t2.asm.obj</name>
      </input_file>
      <input_file id="fl-c7">
         <path>/Applications/ti/ccsv8/tools/compiler/ti-cgt-arm_18.1.1.LTS/lib/</path>
         <kind>archive</kind>
         <file>rtsv7M4_T_le_v4SPD16_eabi.lib</file>
         <name>memset_t2.asm.obj</name>
      </input_file>
      <input_file id="fl-c8">
         <path>/Applications/ti/ccsv8/tools/compiler/ti-cgt-arm_18.1.1.LTS/lib/</path>
         <kind>archive</kind>
         <file>rtsv7M4_T_le_v4SPD16_eabi.lib</file>
         <name>autoinit.c.obj</name>
      </input_file>
      <input_file id="fl-c9">
         <path>/Applications/ti/ccsv8/tools/compiler/ti-cgt-arm_18.1.1.LTS/lib/</path>
         <kind>archive</kind>
         <file>rtsv7M4_T_le_v4SPD16_eabi.lib</file>
         <name>pre_init.c.obj</name>
      </input_file>
      <input_file id="fl-ca">
         <path>/Applications/ti/ccsv8/tools/compiler/ti-cgt-arm_18.1.1.LTS/lib/</path>
         <kind>archive</kind>
         <file>rtsv7M4_T_le_v4SPD16_eabi.lib</file>
         <name>cpy_tbl.c.obj</name>
      </input_file>
   </input_file_list>
   <object_component_list>
      <object_component id="oc-23">
         <name>.intvecs:retain</name>
         <load_address>0x0</load_address>
         <run_address>0x0</run_address>
         <size>0xe4</size>
         <input_file_ref idref="fl-4"/>
      </object_component>
      <object_component id="oc-a2">
         <name>.text</name>
         <load_address>0xe4</load_address>
         <run_address>0xe4</run_address>
         <size>0x334</size>
         <input_file_ref idref="fl-5"/>
      </object_component>
      <object_component id="oc-6a">
         <name>.text</name>
         <load_address>0x418</load_address>
         <run_address>0x418</run_address>
         <size>0x13c</size>
         <input_file_ref idref="fl-2"/>
      </object_component>
      <object_component id="oc-a9">
         <name>.text</name>
         <load_address>0x554</load_address>
         <run_address>0x554</run_address>
         <size>0x10c</size>
         <input_file_ref idref="fl-3"/>
      </object_component>
      <object_component id="oc-34">
         <name>.text</name>
         <load_address>0x660</load_address>
         <run_address>0x660</run_address>
         <size>0x9c</size>
         <input_file_ref idref="fl-c6"/>
      </object_component>
      <object_component id="oc-14">
         <name>.text:decompress:lzss:__TI_decompress_lzss</name>
         <load_address>0x6fc</load_address>
         <run_address>0x6fc</run_address>
         <size>0x68</size>
         <input_file_ref idref="fl-c1"/>
      </object_component>
      <object_component id="oc-af">
         <name>.text</name>
         <load_address>0x764</load_address>
         <run_address>0x764</run_address>
         <size>0x64</size>
         <input_file_ref idref="fl-1"/>
      </object_component>
      <object_component id="oc-dc">
         <name>.text:__TI_auto_init_nobinit_nopinit:__TI_auto_init_nobinit_nopinit</name>
         <load_address>0x7c8</load_address>
         <run_address>0x7c8</run_address>
         <size>0x44</size>
         <input_file_ref idref="fl-c8"/>
      </object_component>
      <object_component id="oc-52">
         <name>.text:_c_int00_noargs:_c_int00_noargs</name>
         <load_address>0x80c</load_address>
         <run_address>0x80c</run_address>
         <size>0x38</size>
         <input_file_ref idref="fl-c2"/>
      </object_component>
      <object_component id="oc-1a">
         <name>.text:decompress:none:__TI_decompress_none</name>
         <load_address>0x844</load_address>
         <run_address>0x844</run_address>
         <size>0xe</size>
         <input_file_ref idref="fl-c0"/>
      </object_component>
      <object_component id="oc-64">
         <name>.text</name>
         <load_address>0x852</load_address>
         <run_address>0x852</run_address>
         <size>0xe</size>
         <input_file_ref idref="fl-4"/>
      </object_component>
      <object_component id="oc-90">
         <name>.text:_system_pre_init</name>
         <load_address>0x860</load_address>
         <run_address>0x860</run_address>
         <size>0x4</size>
         <input_file_ref idref="fl-c9"/>
      </object_component>
      <object_component id="oc-d0">
         <name>.text:abort:abort</name>
         <load_address>0x864</load_address>
         <run_address>0x864</run_address>
         <size>0x4</size>
         <input_file_ref idref="fl-c3"/>
      </object_component>
      <object_component id="oc-1ae">
         <name>.cinit..data.load</name>
         <load_address>0x868</load_address>
         <run_address>0x868</run_address>
         <size>0xb</size>
      </object_component>
      <object_component id="oc-1ac">
         <name>__TI_handler_table</name>
         <load_address>0x874</load_address>
         <run_address>0x874</run_address>
         <size>0x8</size>
      </object_component>
      <object_component id="oc-1ad">
         <name>__TI_cinit_table</name>
         <load_address>0x87c</load_address>
         <run_address>0x87c</run_address>
         <size>0x8</size>
      </object_component>
      <object_component id="oc-181">
         <name>.binit</name>
         <load_address>0x0</load_address>
         <run_address>0x0</run_address>
         <size>0x0</size>
      </object_component>
      <object_component id="oc-b5">
         <name>.data</name>
         <load_address>0x20000000</load_address>
         <run_address>0x20000000</run_address>
         <size>0xc</size>
         <input_file_ref idref="fl-2"/>
      </object_component>
      <object_component id="oc-10e">
         <name>.data</name>
         <load_address>0x2000000c</load_address>
         <run_address>0x2000000c</run_address>
         <size>0x4</size>
         <input_file_ref idref="fl-5"/>
      </object_component>
      <object_component id="oc-26">
         <name>.stack</name>
         <uninitialized>true</uninitialized>
         <run_address>0x2000fe00</run_address>
         <size>0x4</size>
         <input_file_ref idref="fl-c2"/>
      </object_component>
      <object_component id="oc-1af">
         <name>.stack</name>
         <uninitialized>true</uninitialized>
         <run_address>0x2000fe00</run_address>
         <size>0x0</size>
      </object_component>
      <object_component id="oc-120">
         <name>.debug_info</name>
         <load_address>0x0</load_address>
         <run_address>0x0</run_address>
         <size>0x522</size>
         <input_file_ref idref="fl-1"/>
      </object_component>
      <object_component id="oc-b0">
         <name>.debug_info</name>
         <load_address>0x522</load_address>
         <run_address>0x522</run_address>
         <size>0x134</size>
         <input_file_ref idref="fl-1"/>
      </object_component>
      <object_component id="oc-145">
         <name>.debug_info</name>
         <load_address>0x656</load_address>
         <run_address>0x656</run_address>
         <size>0x37e2</size>
         <input_file_ref idref="fl-1"/>
      </object_component>
      <object_component id="oc-bb">
         <name>.debug_info</name>
         <load_address>0x3e38</load_address>
         <run_address>0x3e38</run_address>
         <size>0x26b</size>
         <input_file_ref idref="fl-1"/>
      </object_component>
      <object_component id="oc-14a">
         <name>.debug_info</name>
         <load_address>0x40a3</load_address>
         <run_address>0x40a3</run_address>
         <size>0x1055</size>
         <input_file_ref idref="fl-1"/>
      </object_component>
      <object_component id="oc-2f">
         <name>.debug_info</name>
         <load_address>0x50f8</load_address>
         <run_address>0x50f8</run_address>
         <size>0x84</size>
         <input_file_ref idref="fl-1"/>
      </object_component>
      <object_component id="oc-11b">
         <name>.debug_info</name>
         <load_address>0x517c</load_address>
         <run_address>0x517c</run_address>
         <size>0x297</size>
         <input_file_ref idref="fl-1"/>
      </object_component>
      <object_component id="oc-112">
         <name>.debug_info</name>
         <load_address>0x5413</load_address>
         <run_address>0x5413</run_address>
         <size>0xbb</size>
         <input_file_ref idref="fl-1"/>
      </object_component>
      <object_component id="oc-b6">
         <name>.debug_info</name>
         <load_address>0x54ce</load_address>
         <run_address>0x54ce</run_address>
         <size>0xbe</size>
         <input_file_ref idref="fl-2"/>
      </object_component>
      <object_component id="oc-6b">
         <name>.debug_info</name>
         <load_address>0x558c</load_address>
         <run_address>0x558c</run_address>
         <size>0x19d</size>
         <input_file_ref idref="fl-2"/>
      </object_component>
      <object_component id="oc-aa">
         <name>.debug_info</name>
         <load_address>0x5729</load_address>
         <run_address>0x5729</run_address>
         <size>0x11e</size>
         <input_file_ref idref="fl-3"/>
      </object_component>
      <object_component id="oc-72">
         <name>.debug_info</name>
         <load_address>0x5847</load_address>
         <run_address>0x5847</run_address>
         <size>0x2bd</size>
         <input_file_ref idref="fl-4"/>
      </object_component>
      <object_component id="oc-24">
         <name>.debug_info</name>
         <load_address>0x5b04</load_address>
         <run_address>0x5b04</run_address>
         <size>0xe9</size>
         <input_file_ref idref="fl-4"/>
      </object_component>
      <object_component id="oc-65">
         <name>.debug_info</name>
         <load_address>0x5bed</load_address>
         <run_address>0x5bed</run_address>
         <size>0x1b0</size>
         <input_file_ref idref="fl-4"/>
      </object_component>
      <object_component id="oc-10f">
         <name>.debug_info</name>
         <load_address>0x5d9d</load_address>
         <run_address>0x5d9d</run_address>
         <size>0xe2</size>
         <input_file_ref idref="fl-5"/>
      </object_component>
      <object_component id="oc-a3">
         <name>.debug_info</name>
         <load_address>0x5e7f</load_address>
         <run_address>0x5e7f</run_address>
         <size>0x254</size>
         <input_file_ref idref="fl-5"/>
      </object_component>
      <object_component id="oc-3f">
         <name>.debug_info</name>
         <load_address>0x60d3</load_address>
         <run_address>0x60d3</run_address>
         <size>0x29d</size>
         <input_file_ref idref="fl-c0"/>
      </object_component>
      <object_component id="oc-1b">
         <name>.debug_info</name>
         <load_address>0x6370</load_address>
         <run_address>0x6370</run_address>
         <size>0x1df</size>
         <input_file_ref idref="fl-c0"/>
      </object_component>
      <object_component id="oc-3a">
         <name>.debug_info</name>
         <load_address>0x654f</load_address>
         <run_address>0x654f</run_address>
         <size>0x46</size>
         <input_file_ref idref="fl-c0"/>
      </object_component>
      <object_component id="oc-7c">
         <name>.debug_info</name>
         <load_address>0x6595</load_address>
         <run_address>0x6595</run_address>
         <size>0x2c</size>
         <input_file_ref idref="fl-c0"/>
      </object_component>
      <object_component id="oc-7a">
         <name>.debug_info</name>
         <load_address>0x65c1</load_address>
         <run_address>0x65c1</run_address>
         <size>0x293</size>
         <input_file_ref idref="fl-c1"/>
      </object_component>
      <object_component id="oc-15">
         <name>.debug_info</name>
         <load_address>0x6854</load_address>
         <run_address>0x6854</run_address>
         <size>0x245</size>
         <input_file_ref idref="fl-c1"/>
      </object_component>
      <object_component id="oc-2a">
         <name>.debug_info</name>
         <load_address>0x6a99</load_address>
         <run_address>0x6a99</run_address>
         <size>0x60</size>
         <input_file_ref idref="fl-c1"/>
      </object_component>
      <object_component id="oc-c0">
         <name>.debug_info</name>
         <load_address>0x6af9</load_address>
         <run_address>0x6af9</run_address>
         <size>0x46</size>
         <input_file_ref idref="fl-c1"/>
      </object_component>
      <object_component id="oc-75">
         <name>.debug_info</name>
         <load_address>0x6b3f</load_address>
         <run_address>0x6b3f</run_address>
         <size>0x39</size>
         <input_file_ref idref="fl-c1"/>
      </object_component>
      <object_component id="oc-27">
         <name>.debug_info</name>
         <load_address>0x6b78</load_address>
         <run_address>0x6b78</run_address>
         <size>0x100</size>
         <input_file_ref idref="fl-c2"/>
      </object_component>
      <object_component id="oc-53">
         <name>.debug_info</name>
         <load_address>0x6c78</load_address>
         <run_address>0x6c78</run_address>
         <size>0x1a4</size>
         <input_file_ref idref="fl-c2"/>
      </object_component>
      <object_component id="oc-d1">
         <name>.debug_info</name>
         <load_address>0x6e1c</load_address>
         <run_address>0x6e1c</run_address>
         <size>0x117</size>
         <input_file_ref idref="fl-c3"/>
      </object_component>
      <object_component id="oc-35">
         <name>.debug_info</name>
         <load_address>0x6f33</load_address>
         <run_address>0x6f33</run_address>
         <size>0x111</size>
         <input_file_ref idref="fl-c6"/>
      </object_component>
      <object_component id="oc-12c">
         <name>.debug_info</name>
         <load_address>0x7044</load_address>
         <run_address>0x7044</run_address>
         <size>0x547</size>
         <input_file_ref idref="fl-c8"/>
      </object_component>
      <object_component id="oc-dd">
         <name>.debug_info</name>
         <load_address>0x758b</load_address>
         <run_address>0x758b</run_address>
         <size>0x19b</size>
         <input_file_ref idref="fl-c8"/>
      </object_component>
      <object_component id="oc-15f">
         <name>.debug_info</name>
         <load_address>0x7726</load_address>
         <run_address>0x7726</run_address>
         <size>0x39</size>
         <input_file_ref idref="fl-c8"/>
      </object_component>
      <object_component id="oc-173">
         <name>.debug_info</name>
         <load_address>0x775f</load_address>
         <run_address>0x775f</run_address>
         <size>0x39</size>
         <input_file_ref idref="fl-c8"/>
      </object_component>
      <object_component id="oc-164">
         <name>.debug_info</name>
         <load_address>0x7798</load_address>
         <run_address>0x7798</run_address>
         <size>0x39</size>
         <input_file_ref idref="fl-c8"/>
      </object_component>
      <object_component id="oc-169">
         <name>.debug_info</name>
         <load_address>0x77d1</load_address>
         <run_address>0x77d1</run_address>
         <size>0xcd</size>
         <input_file_ref idref="fl-c8"/>
      </object_component>
      <object_component id="oc-91">
         <name>.debug_info</name>
         <load_address>0x789e</load_address>
         <run_address>0x789e</run_address>
         <size>0x148</size>
         <input_file_ref idref="fl-c9"/>
      </object_component>
      <object_component id="oc-1b0">
         <name>.debug_info</name>
         <load_address>0x79e6</load_address>
         <run_address>0x79e6</run_address>
         <size>0x98</size>
      </object_component>
      <object_component id="oc-144">
         <name>.debug_line</name>
         <load_address>0x0</load_address>
         <run_address>0x0</run_address>
         <size>0x20</size>
         <input_file_ref idref="fl-1"/>
      </object_component>
      <object_component id="oc-b3">
         <name>.debug_line</name>
         <load_address>0x20</load_address>
         <run_address>0x20</run_address>
         <size>0x5b</size>
         <input_file_ref idref="fl-1"/>
      </object_component>
      <object_component id="oc-148">
         <name>.debug_line</name>
         <load_address>0x7b</load_address>
         <run_address>0x7b</run_address>
         <size>0x5d</size>
         <input_file_ref idref="fl-1"/>
      </object_component>
      <object_component id="oc-be">
         <name>.debug_line</name>
         <load_address>0xd8</load_address>
         <run_address>0xd8</run_address>
         <size>0x74</size>
         <input_file_ref idref="fl-1"/>
      </object_component>
      <object_component id="oc-14d">
         <name>.debug_line</name>
         <load_address>0x14c</load_address>
         <run_address>0x14c</run_address>
         <size>0x60</size>
         <input_file_ref idref="fl-1"/>
      </object_component>
      <object_component id="oc-32">
         <name>.debug_line</name>
         <load_address>0x1ac</load_address>
         <run_address>0x1ac</run_address>
         <size>0x20</size>
         <input_file_ref idref="fl-1"/>
      </object_component>
      <object_component id="oc-11e">
         <name>.debug_line</name>
         <load_address>0x1cc</load_address>
         <run_address>0x1cc</run_address>
         <size>0x78</size>
         <input_file_ref idref="fl-1"/>
      </object_component>
      <object_component id="oc-115">
         <name>.debug_line</name>
         <load_address>0x244</load_address>
         <run_address>0x244</run_address>
         <size>0x75</size>
         <input_file_ref idref="fl-1"/>
      </object_component>
      <object_component id="oc-11a">
         <name>.debug_line</name>
         <load_address>0x2b9</load_address>
         <run_address>0x2b9</run_address>
         <size>0x2d</size>
         <input_file_ref idref="fl-2"/>
      </object_component>
      <object_component id="oc-6e">
         <name>.debug_line</name>
         <load_address>0x2e6</load_address>
         <run_address>0x2e6</run_address>
         <size>0x88</size>
         <input_file_ref idref="fl-2"/>
      </object_component>
      <object_component id="oc-ad">
         <name>.debug_line</name>
         <load_address>0x36e</load_address>
         <run_address>0x36e</run_address>
         <size>0x78</size>
         <input_file_ref idref="fl-3"/>
      </object_component>
      <object_component id="oc-ba">
         <name>.debug_line</name>
         <load_address>0x3e6</load_address>
         <run_address>0x3e6</run_address>
         <size>0x40</size>
         <input_file_ref idref="fl-4"/>
      </object_component>
      <object_component id="oc-71">
         <name>.debug_line</name>
         <load_address>0x426</load_address>
         <run_address>0x426</run_address>
         <size>0x40</size>
         <input_file_ref idref="fl-4"/>
      </object_component>
      <object_component id="oc-68">
         <name>.debug_line</name>
         <load_address>0x466</load_address>
         <run_address>0x466</run_address>
         <size>0x71</size>
         <input_file_ref idref="fl-4"/>
      </object_component>
      <object_component id="oc-142">
         <name>.debug_line</name>
         <load_address>0x4d7</load_address>
         <run_address>0x4d7</run_address>
         <size>0x3b</size>
         <input_file_ref idref="fl-5"/>
      </object_component>
      <object_component id="oc-a6">
         <name>.debug_line</name>
         <load_address>0x512</load_address>
         <run_address>0x512</run_address>
         <size>0x159</size>
         <input_file_ref idref="fl-5"/>
      </object_component>
      <object_component id="oc-82">
         <name>.debug_line</name>
         <load_address>0x66b</load_address>
         <run_address>0x66b</run_address>
         <size>0x20</size>
         <input_file_ref idref="fl-c0"/>
      </object_component>
      <object_component id="oc-1e">
         <name>.debug_line</name>
         <load_address>0x68b</load_address>
         <run_address>0x68b</run_address>
         <size>0x55</size>
         <input_file_ref idref="fl-c0"/>
      </object_component>
      <object_component id="oc-3d">
         <name>.debug_line</name>
         <load_address>0x6e0</load_address>
         <run_address>0x6e0</run_address>
         <size>0x3a</size>
         <input_file_ref idref="fl-c0"/>
      </object_component>
      <object_component id="oc-7f">
         <name>.debug_line</name>
         <load_address>0x71a</load_address>
         <run_address>0x71a</run_address>
         <size>0x8a</size>
         <input_file_ref idref="fl-c0"/>
      </object_component>
      <object_component id="oc-c6">
         <name>.debug_line</name>
         <load_address>0x7a4</load_address>
         <run_address>0x7a4</run_address>
         <size>0x20</size>
         <input_file_ref idref="fl-c1"/>
      </object_component>
      <object_component id="oc-18">
         <name>.debug_line</name>
         <load_address>0x7c4</load_address>
         <run_address>0x7c4</run_address>
         <size>0xa9</size>
         <input_file_ref idref="fl-c1"/>
      </object_component>
      <object_component id="oc-2d">
         <name>.debug_line</name>
         <load_address>0x86d</load_address>
         <run_address>0x86d</run_address>
         <size>0x3a</size>
         <input_file_ref idref="fl-c1"/>
      </object_component>
      <object_component id="oc-c3">
         <name>.debug_line</name>
         <load_address>0x8a7</load_address>
         <run_address>0x8a7</run_address>
         <size>0x92</size>
         <input_file_ref idref="fl-c1"/>
      </object_component>
      <object_component id="oc-78">
         <name>.debug_line</name>
         <load_address>0x939</load_address>
         <run_address>0x939</run_address>
         <size>0x8e</size>
         <input_file_ref idref="fl-c1"/>
      </object_component>
      <object_component id="oc-74">
         <name>.debug_line</name>
         <load_address>0x9c7</load_address>
         <run_address>0x9c7</run_address>
         <size>0x33</size>
         <input_file_ref idref="fl-c2"/>
      </object_component>
      <object_component id="oc-56">
         <name>.debug_line</name>
         <load_address>0x9fa</load_address>
         <run_address>0x9fa</run_address>
         <size>0x56</size>
         <input_file_ref idref="fl-c2"/>
      </object_component>
      <object_component id="oc-d4">
         <name>.debug_line</name>
         <load_address>0xa50</load_address>
         <run_address>0xa50</run_address>
         <size>0x3c</size>
         <input_file_ref idref="fl-c3"/>
      </object_component>
      <object_component id="oc-38">
         <name>.debug_line</name>
         <load_address>0xa8c</load_address>
         <run_address>0xa8c</run_address>
         <size>0x88</size>
         <input_file_ref idref="fl-c6"/>
      </object_component>
      <object_component id="oc-15e">
         <name>.debug_line</name>
         <load_address>0xb14</load_address>
         <run_address>0xb14</run_address>
         <size>0xb7</size>
         <input_file_ref idref="fl-c8"/>
      </object_component>
      <object_component id="oc-e0">
         <name>.debug_line</name>
         <load_address>0xbcb</load_address>
         <run_address>0xbcb</run_address>
         <size>0x6c</size>
         <input_file_ref idref="fl-c8"/>
      </object_component>
      <object_component id="oc-162">
         <name>.debug_line</name>
         <load_address>0xc37</load_address>
         <run_address>0xc37</run_address>
         <size>0x2e</size>
         <input_file_ref idref="fl-c8"/>
      </object_component>
      <object_component id="oc-176">
         <name>.debug_line</name>
         <load_address>0xc65</load_address>
         <run_address>0xc65</run_address>
         <size>0x92</size>
         <input_file_ref idref="fl-c8"/>
      </object_component>
      <object_component id="oc-167">
         <name>.debug_line</name>
         <load_address>0xcf7</load_address>
         <run_address>0xcf7</run_address>
         <size>0x8f</size>
         <input_file_ref idref="fl-c8"/>
      </object_component>
      <object_component id="oc-16c">
         <name>.debug_line</name>
         <load_address>0xd86</load_address>
         <run_address>0xd86</run_address>
         <size>0x8b</size>
         <input_file_ref idref="fl-c8"/>
      </object_component>
      <object_component id="oc-94">
         <name>.debug_line</name>
         <load_address>0xe11</load_address>
         <run_address>0xe11</run_address>
         <size>0x40</size>
         <input_file_ref idref="fl-c9"/>
      </object_component>
      <object_component id="oc-b4">
         <name>.debug_frame</name>
         <load_address>0x0</load_address>
         <run_address>0x0</run_address>
         <size>0x58</size>
         <input_file_ref idref="fl-1"/>
      </object_component>
      <object_component id="oc-6f">
         <name>.debug_frame</name>
         <load_address>0x58</load_address>
         <run_address>0x58</run_address>
         <size>0x74</size>
         <input_file_ref idref="fl-2"/>
      </object_component>
      <object_component id="oc-ae">
         <name>.debug_frame</name>
         <load_address>0xcc</load_address>
         <run_address>0xcc</run_address>
         <size>0x58</size>
         <input_file_ref idref="fl-3"/>
      </object_component>
      <object_component id="oc-69">
         <name>.debug_frame</name>
         <load_address>0x124</load_address>
         <run_address>0x124</run_address>
         <size>0x6c</size>
         <input_file_ref idref="fl-4"/>
      </object_component>
      <object_component id="oc-a7">
         <name>.debug_frame</name>
         <load_address>0x190</load_address>
         <run_address>0x190</run_address>
         <size>0x70</size>
         <input_file_ref idref="fl-5"/>
      </object_component>
      <object_component id="oc-1f">
         <name>.debug_frame</name>
         <load_address>0x200</load_address>
         <run_address>0x200</run_address>
         <size>0x54</size>
         <input_file_ref idref="fl-c0"/>
      </object_component>
      <object_component id="oc-19">
         <name>.debug_frame</name>
         <load_address>0x254</load_address>
         <run_address>0x254</run_address>
         <size>0x60</size>
         <input_file_ref idref="fl-c1"/>
      </object_component>
      <object_component id="oc-57">
         <name>.debug_frame</name>
         <load_address>0x2b4</load_address>
         <run_address>0x2b4</run_address>
         <size>0x58</size>
         <input_file_ref idref="fl-c2"/>
      </object_component>
      <object_component id="oc-d5">
         <name>.debug_frame</name>
         <load_address>0x30c</load_address>
         <run_address>0x30c</run_address>
         <size>0x54</size>
         <input_file_ref idref="fl-c3"/>
      </object_component>
      <object_component id="oc-e1">
         <name>.debug_frame</name>
         <load_address>0x360</load_address>
         <run_address>0x360</run_address>
         <size>0x5c</size>
         <input_file_ref idref="fl-c8"/>
      </object_component>
      <object_component id="oc-95">
         <name>.debug_frame</name>
         <load_address>0x3bc</load_address>
         <run_address>0x3bc</run_address>
         <size>0x54</size>
         <input_file_ref idref="fl-c9"/>
      </object_component>
      <object_component id="oc-143">
         <name>.debug_abbrev</name>
         <load_address>0x0</load_address>
         <run_address>0x0</run_address>
         <size>0x71</size>
         <input_file_ref idref="fl-1"/>
      </object_component>
      <object_component id="oc-118">
         <name>.debug_abbrev</name>
         <load_address>0x71</load_address>
         <run_address>0x71</run_address>
         <size>0x6c</size>
         <input_file_ref idref="fl-1"/>
      </object_component>
      <object_component id="oc-147">
         <name>.debug_abbrev</name>
         <load_address>0xdd</load_address>
         <run_address>0xdd</run_address>
         <size>0xbd</size>
         <input_file_ref idref="fl-1"/>
      </object_component>
      <object_component id="oc-bd">
         <name>.debug_abbrev</name>
         <load_address>0x19a</load_address>
         <run_address>0x19a</run_address>
         <size>0x69</size>
         <input_file_ref idref="fl-1"/>
      </object_component>
      <object_component id="oc-14c">
         <name>.debug_abbrev</name>
         <load_address>0x203</load_address>
         <run_address>0x203</run_address>
         <size>0x97</size>
         <input_file_ref idref="fl-1"/>
      </object_component>
      <object_component id="oc-31">
         <name>.debug_abbrev</name>
         <load_address>0x29a</load_address>
         <run_address>0x29a</run_address>
         <size>0x1f</size>
         <input_file_ref idref="fl-1"/>
      </object_component>
      <object_component id="oc-11d">
         <name>.debug_abbrev</name>
         <load_address>0x2b9</load_address>
         <run_address>0x2b9</run_address>
         <size>0x5c</size>
         <input_file_ref idref="fl-1"/>
      </object_component>
      <object_component id="oc-114">
         <name>.debug_abbrev</name>
         <load_address>0x315</load_address>
         <run_address>0x315</run_address>
         <size>0x24</size>
         <input_file_ref idref="fl-1"/>
      </object_component>
      <object_component id="oc-119">
         <name>.debug_abbrev</name>
         <load_address>0x339</load_address>
         <run_address>0x339</run_address>
         <size>0x29</size>
         <input_file_ref idref="fl-2"/>
      </object_component>
      <object_component id="oc-b8">
         <name>.debug_abbrev</name>
         <load_address>0x362</load_address>
         <run_address>0x362</run_address>
         <size>0x6c</size>
         <input_file_ref idref="fl-2"/>
      </object_component>
      <object_component id="oc-117">
         <name>.debug_abbrev</name>
         <load_address>0x3ce</load_address>
         <run_address>0x3ce</run_address>
         <size>0x6e</size>
         <input_file_ref idref="fl-3"/>
      </object_component>
      <object_component id="oc-b9">
         <name>.debug_abbrev</name>
         <load_address>0x43c</load_address>
         <run_address>0x43c</run_address>
         <size>0x7c</size>
         <input_file_ref idref="fl-4"/>
      </object_component>
      <object_component id="oc-70">
         <name>.debug_abbrev</name>
         <load_address>0x4b8</load_address>
         <run_address>0x4b8</run_address>
         <size>0x29</size>
         <input_file_ref idref="fl-4"/>
      </object_component>
      <object_component id="oc-a8">
         <name>.debug_abbrev</name>
         <load_address>0x4e1</load_address>
         <run_address>0x4e1</run_address>
         <size>0x89</size>
         <input_file_ref idref="fl-4"/>
      </object_component>
      <object_component id="oc-141">
         <name>.debug_abbrev</name>
         <load_address>0x56a</load_address>
         <run_address>0x56a</run_address>
         <size>0x29</size>
         <input_file_ref idref="fl-5"/>
      </object_component>
      <object_component id="oc-111">
         <name>.debug_abbrev</name>
         <load_address>0x593</load_address>
         <run_address>0x593</run_address>
         <size>0x8b</size>
         <input_file_ref idref="fl-5"/>
      </object_component>
      <object_component id="oc-81">
         <name>.debug_abbrev</name>
         <load_address>0x61e</load_address>
         <run_address>0x61e</run_address>
         <size>0x37</size>
         <input_file_ref idref="fl-c0"/>
      </object_component>
      <object_component id="oc-39">
         <name>.debug_abbrev</name>
         <load_address>0x655</load_address>
         <run_address>0x655</run_address>
         <size>0x74</size>
         <input_file_ref idref="fl-c0"/>
      </object_component>
      <object_component id="oc-3c">
         <name>.debug_abbrev</name>
         <load_address>0x6c9</load_address>
         <run_address>0x6c9</run_address>
         <size>0x24</size>
         <input_file_ref idref="fl-c0"/>
      </object_component>
      <object_component id="oc-7e">
         <name>.debug_abbrev</name>
         <load_address>0x6ed</load_address>
         <run_address>0x6ed</run_address>
         <size>0x24</size>
         <input_file_ref idref="fl-c0"/>
      </object_component>
      <object_component id="oc-c5">
         <name>.debug_abbrev</name>
         <load_address>0x711</load_address>
         <run_address>0x711</run_address>
         <size>0x37</size>
         <input_file_ref idref="fl-c1"/>
      </object_component>
      <object_component id="oc-29">
         <name>.debug_abbrev</name>
         <load_address>0x748</load_address>
         <run_address>0x748</run_address>
         <size>0x6f</size>
         <input_file_ref idref="fl-c1"/>
      </object_component>
      <object_component id="oc-2c">
         <name>.debug_abbrev</name>
         <load_address>0x7b7</load_address>
         <run_address>0x7b7</run_address>
         <size>0x24</size>
         <input_file_ref idref="fl-c1"/>
      </object_component>
      <object_component id="oc-c2">
         <name>.debug_abbrev</name>
         <load_address>0x7db</load_address>
         <run_address>0x7db</run_address>
         <size>0x35</size>
         <input_file_ref idref="fl-c1"/>
      </object_component>
      <object_component id="oc-77">
         <name>.debug_abbrev</name>
         <load_address>0x810</load_address>
         <run_address>0x810</run_address>
         <size>0x24</size>
         <input_file_ref idref="fl-c1"/>
      </object_component>
      <object_component id="oc-73">
         <name>.debug_abbrev</name>
         <load_address>0x834</load_address>
         <run_address>0x834</run_address>
         <size>0x29</size>
         <input_file_ref idref="fl-c2"/>
      </object_component>
      <object_component id="oc-99">
         <name>.debug_abbrev</name>
         <load_address>0x85d</load_address>
         <run_address>0x85d</run_address>
         <size>0x61</size>
         <input_file_ref idref="fl-c2"/>
      </object_component>
      <object_component id="oc-121">
         <name>.debug_abbrev</name>
         <load_address>0x8be</load_address>
         <run_address>0x8be</run_address>
         <size>0x45</size>
         <input_file_ref idref="fl-c3"/>
      </object_component>
      <object_component id="oc-7b">
         <name>.debug_abbrev</name>
         <load_address>0x903</load_address>
         <run_address>0x903</run_address>
         <size>0x3e</size>
         <input_file_ref idref="fl-c6"/>
      </object_component>
      <object_component id="oc-15d">
         <name>.debug_abbrev</name>
         <load_address>0x941</load_address>
         <run_address>0x941</run_address>
         <size>0xdb</size>
         <input_file_ref idref="fl-c8"/>
      </object_component>
      <object_component id="oc-12b">
         <name>.debug_abbrev</name>
         <load_address>0xa1c</load_address>
         <run_address>0xa1c</run_address>
         <size>0x7e</size>
         <input_file_ref idref="fl-c8"/>
      </object_component>
      <object_component id="oc-161">
         <name>.debug_abbrev</name>
         <load_address>0xa9a</load_address>
         <run_address>0xa9a</run_address>
         <size>0x24</size>
         <input_file_ref idref="fl-c8"/>
      </object_component>
      <object_component id="oc-175">
         <name>.debug_abbrev</name>
         <load_address>0xabe</load_address>
         <run_address>0xabe</run_address>
         <size>0x24</size>
         <input_file_ref idref="fl-c8"/>
      </object_component>
      <object_component id="oc-166">
         <name>.debug_abbrev</name>
         <load_address>0xae2</load_address>
         <run_address>0xae2</run_address>
         <size>0x24</size>
         <input_file_ref idref="fl-c8"/>
      </object_component>
      <object_component id="oc-16b">
         <name>.debug_abbrev</name>
         <load_address>0xb06</load_address>
         <run_address>0xb06</run_address>
         <size>0x4b</size>
         <input_file_ref idref="fl-c8"/>
      </object_component>
      <object_component id="oc-cf">
         <name>.debug_abbrev</name>
         <load_address>0xb51</load_address>
         <run_address>0xb51</run_address>
         <size>0x55</size>
         <input_file_ref idref="fl-c9"/>
      </object_component>
      <object_component id="oc-1b1">
         <name>.debug_abbrev</name>
         <load_address>0xba6</load_address>
         <run_address>0xba6</run_address>
         <size>0xf</size>
      </object_component>
      <object_component id="oc-149">
         <name>.debug_str</name>
         <load_address>0x0</load_address>
         <run_address>0x0</run_address>
         <size>0x15c4</size>
         <input_file_ref idref="fl-1"/>
      </object_component>
      <object_component id="oc-bf">
         <name>.debug_str</name>
         <load_address>0x15c4</load_address>
         <run_address>0x15c4</run_address>
         <size>0x2ab</size>
         <input_file_ref idref="fl-1"/>
      </object_component>
      <object_component id="oc-14e">
         <name>.debug_str</name>
         <load_address>0x186f</load_address>
         <run_address>0x186f</run_address>
         <size>0x480</size>
         <input_file_ref idref="fl-1"/>
      </object_component>
      <object_component id="oc-33">
         <name>.debug_str</name>
         <load_address>0x1cef</load_address>
         <run_address>0x1cef</run_address>
         <size>0xfc</size>
         <input_file_ref idref="fl-1"/>
      </object_component>
      <object_component id="oc-11f">
         <name>.debug_str</name>
         <load_address>0x1deb</load_address>
         <run_address>0x1deb</run_address>
         <size>0x33a</size>
         <input_file_ref idref="fl-1"/>
      </object_component>
      <object_component id="oc-116">
         <name>.debug_str</name>
         <load_address>0x2125</load_address>
         <run_address>0x2125</run_address>
         <size>0x143</size>
         <input_file_ref idref="fl-1"/>
      </object_component>
      <object_component id="oc-3e">
         <name>.debug_str</name>
         <load_address>0x2268</load_address>
         <run_address>0x2268</run_address>
         <size>0x100</size>
         <input_file_ref idref="fl-c0"/>
      </object_component>
      <object_component id="oc-80">
         <name>.debug_str</name>
         <load_address>0x2368</load_address>
         <run_address>0x2368</run_address>
         <size>0x12d</size>
         <input_file_ref idref="fl-c0"/>
      </object_component>
      <object_component id="oc-2e">
         <name>.debug_str</name>
         <load_address>0x2495</load_address>
         <run_address>0x2495</run_address>
         <size>0x10d</size>
         <input_file_ref idref="fl-c1"/>
      </object_component>
      <object_component id="oc-c4">
         <name>.debug_str</name>
         <load_address>0x25a2</load_address>
         <run_address>0x25a2</run_address>
         <size>0x158</size>
         <input_file_ref idref="fl-c1"/>
      </object_component>
      <object_component id="oc-79">
         <name>.debug_str</name>
         <load_address>0x26fa</load_address>
         <run_address>0x26fa</run_address>
         <size>0x145</size>
         <input_file_ref idref="fl-c1"/>
      </object_component>
      <object_component id="oc-163">
         <name>.debug_str</name>
         <load_address>0x283f</load_address>
         <run_address>0x283f</run_address>
         <size>0xe2</size>
         <input_file_ref idref="fl-c8"/>
      </object_component>
      <object_component id="oc-177">
         <name>.debug_str</name>
         <load_address>0x2921</load_address>
         <run_address>0x2921</run_address>
         <size>0x144</size>
         <input_file_ref idref="fl-c8"/>
      </object_component>
      <object_component id="oc-168">
         <name>.debug_str</name>
         <load_address>0x2a65</load_address>
         <run_address>0x2a65</run_address>
         <size>0x13d</size>
         <input_file_ref idref="fl-c8"/>
      </object_component>
      <object_component id="oc-16d">
         <name>.debug_str</name>
         <load_address>0x2ba2</load_address>
         <run_address>0x2ba2</run_address>
         <size>0x184</size>
         <input_file_ref idref="fl-c8"/>
      </object_component>
      <object_component id="oc-b1">
         <name>.debug_aranges</name>
         <load_address>0x0</load_address>
         <run_address>0x0</run_address>
         <size>0x20</size>
         <input_file_ref idref="fl-1"/>
      </object_component>
      <object_component id="oc-6c">
         <name>.debug_aranges</name>
         <load_address>0x20</load_address>
         <run_address>0x20</run_address>
         <size>0x28</size>
         <input_file_ref idref="fl-2"/>
      </object_component>
      <object_component id="oc-ab">
         <name>.debug_aranges</name>
         <load_address>0x48</load_address>
         <run_address>0x48</run_address>
         <size>0x20</size>
         <input_file_ref idref="fl-3"/>
      </object_component>
      <object_component id="oc-66">
         <name>.debug_aranges</name>
         <load_address>0x68</load_address>
         <run_address>0x68</run_address>
         <size>0x28</size>
         <input_file_ref idref="fl-4"/>
      </object_component>
      <object_component id="oc-a4">
         <name>.debug_aranges</name>
         <load_address>0x90</load_address>
         <run_address>0x90</run_address>
         <size>0x28</size>
         <input_file_ref idref="fl-5"/>
      </object_component>
      <object_component id="oc-1c">
         <name>.debug_aranges</name>
         <load_address>0xb8</load_address>
         <run_address>0xb8</run_address>
         <size>0x20</size>
         <input_file_ref idref="fl-c0"/>
      </object_component>
      <object_component id="oc-16">
         <name>.debug_aranges</name>
         <load_address>0xd8</load_address>
         <run_address>0xd8</run_address>
         <size>0x20</size>
         <input_file_ref idref="fl-c1"/>
      </object_component>
      <object_component id="oc-54">
         <name>.debug_aranges</name>
         <load_address>0xf8</load_address>
         <run_address>0xf8</run_address>
         <size>0x20</size>
         <input_file_ref idref="fl-c2"/>
      </object_component>
      <object_component id="oc-d2">
         <name>.debug_aranges</name>
         <load_address>0x118</load_address>
         <run_address>0x118</run_address>
         <size>0x20</size>
         <input_file_ref idref="fl-c3"/>
      </object_component>
      <object_component id="oc-36">
         <name>.debug_aranges</name>
         <load_address>0x138</load_address>
         <run_address>0x138</run_address>
         <size>0x20</size>
         <input_file_ref idref="fl-c6"/>
      </object_component>
      <object_component id="oc-de">
         <name>.debug_aranges</name>
         <load_address>0x158</load_address>
         <run_address>0x158</run_address>
         <size>0x20</size>
         <input_file_ref idref="fl-c8"/>
      </object_component>
      <object_component id="oc-92">
         <name>.debug_aranges</name>
         <load_address>0x178</load_address>
         <run_address>0x178</run_address>
         <size>0x20</size>
         <input_file_ref idref="fl-c9"/>
      </object_component>
      <object_component id="oc-b2">
         <name>.debug_pubnames</name>
         <load_address>0x0</load_address>
         <run_address>0x0</run_address>
         <size>0x20</size>
         <input_file_ref idref="fl-1"/>
      </object_component>
      <object_component id="oc-b7">
         <name>.debug_pubnames</name>
         <load_address>0x20</load_address>
         <run_address>0x20</run_address>
         <size>0x1b</size>
         <input_file_ref idref="fl-2"/>
      </object_component>
      <object_component id="oc-6d">
         <name>.debug_pubnames</name>
         <load_address>0x3b</load_address>
         <run_address>0x3b</run_address>
         <size>0x30</size>
         <input_file_ref idref="fl-2"/>
      </object_component>
      <object_component id="oc-ac">
         <name>.debug_pubnames</name>
         <load_address>0x6b</load_address>
         <run_address>0x6b</run_address>
         <size>0x1e</size>
         <input_file_ref idref="fl-3"/>
      </object_component>
      <object_component id="oc-25">
         <name>.debug_pubnames</name>
         <load_address>0x89</load_address>
         <run_address>0x89</run_address>
         <size>0x27</size>
         <input_file_ref idref="fl-4"/>
      </object_component>
      <object_component id="oc-67">
         <name>.debug_pubnames</name>
         <load_address>0xb0</load_address>
         <run_address>0xb0</run_address>
         <size>0x38</size>
         <input_file_ref idref="fl-4"/>
      </object_component>
      <object_component id="oc-110">
         <name>.debug_pubnames</name>
         <load_address>0xe8</load_address>
         <run_address>0xe8</run_address>
         <size>0x26</size>
         <input_file_ref idref="fl-5"/>
      </object_component>
      <object_component id="oc-a5">
         <name>.debug_pubnames</name>
         <load_address>0x10e</load_address>
         <run_address>0x10e</run_address>
         <size>0x3b</size>
         <input_file_ref idref="fl-5"/>
      </object_component>
      <object_component id="oc-1d">
         <name>.debug_pubnames</name>
         <load_address>0x149</load_address>
         <run_address>0x149</run_address>
         <size>0x2b</size>
         <input_file_ref idref="fl-c0"/>
      </object_component>
      <object_component id="oc-17">
         <name>.debug_pubnames</name>
         <load_address>0x174</load_address>
         <run_address>0x174</run_address>
         <size>0x2b</size>
         <input_file_ref idref="fl-c1"/>
      </object_component>
      <object_component id="oc-28">
         <name>.debug_pubnames</name>
         <load_address>0x19f</load_address>
         <run_address>0x19f</run_address>
         <size>0x1e</size>
         <input_file_ref idref="fl-c2"/>
      </object_component>
      <object_component id="oc-55">
         <name>.debug_pubnames</name>
         <load_address>0x1bd</load_address>
         <run_address>0x1bd</run_address>
         <size>0x26</size>
         <input_file_ref idref="fl-c2"/>
      </object_component>
      <object_component id="oc-d3">
         <name>.debug_pubnames</name>
         <load_address>0x1e3</load_address>
         <run_address>0x1e3</run_address>
         <size>0x1c</size>
         <input_file_ref idref="fl-c3"/>
      </object_component>
      <object_component id="oc-37">
         <name>.debug_pubnames</name>
         <load_address>0x1ff</load_address>
         <run_address>0x1ff</run_address>
         <size>0x1d</size>
         <input_file_ref idref="fl-c6"/>
      </object_component>
      <object_component id="oc-df">
         <name>.debug_pubnames</name>
         <load_address>0x21c</load_address>
         <run_address>0x21c</run_address>
         <size>0x35</size>
         <input_file_ref idref="fl-c8"/>
      </object_component>
      <object_component id="oc-93">
         <name>.debug_pubnames</name>
         <load_address>0x251</load_address>
         <run_address>0x251</run_address>
         <size>0x27</size>
         <input_file_ref idref="fl-c9"/>
      </object_component>
      <object_component id="oc-146">
         <name>.debug_pubtypes</name>
         <load_address>0x0</load_address>
         <run_address>0x0</run_address>
         <size>0x2ce</size>
         <input_file_ref idref="fl-1"/>
      </object_component>
      <object_component id="oc-bc">
         <name>.debug_pubtypes</name>
         <load_address>0x2ce</load_address>
         <run_address>0x2ce</run_address>
         <size>0x25c</size>
         <input_file_ref idref="fl-1"/>
      </object_component>
      <object_component id="oc-14b">
         <name>.debug_pubtypes</name>
         <load_address>0x52a</load_address>
         <run_address>0x52a</run_address>
         <size>0xdd</size>
         <input_file_ref idref="fl-1"/>
      </object_component>
      <object_component id="oc-30">
         <name>.debug_pubtypes</name>
         <load_address>0x607</load_address>
         <run_address>0x607</run_address>
         <size>0xed</size>
         <input_file_ref idref="fl-1"/>
      </object_component>
      <object_component id="oc-11c">
         <name>.debug_pubtypes</name>
         <load_address>0x6f4</load_address>
         <run_address>0x6f4</run_address>
         <size>0x325</size>
         <input_file_ref idref="fl-1"/>
      </object_component>
      <object_component id="oc-113">
         <name>.debug_pubtypes</name>
         <load_address>0xa19</load_address>
         <run_address>0xa19</run_address>
         <size>0xaa</size>
         <input_file_ref idref="fl-1"/>
      </object_component>
      <object_component id="oc-3b">
         <name>.debug_pubtypes</name>
         <load_address>0xac3</load_address>
         <run_address>0xac3</run_address>
         <size>0x48</size>
         <input_file_ref idref="fl-c0"/>
      </object_component>
      <object_component id="oc-7d">
         <name>.debug_pubtypes</name>
         <load_address>0xb0b</load_address>
         <run_address>0xb0b</run_address>
         <size>0x1d</size>
         <input_file_ref idref="fl-c0"/>
      </object_component>
      <object_component id="oc-2b">
         <name>.debug_pubtypes</name>
         <load_address>0xb28</load_address>
         <run_address>0xb28</run_address>
         <size>0x5d</size>
         <input_file_ref idref="fl-c1"/>
      </object_component>
      <object_component id="oc-c1">
         <name>.debug_pubtypes</name>
         <load_address>0xb85</load_address>
         <run_address>0xb85</run_address>
         <size>0x48</size>
         <input_file_ref idref="fl-c1"/>
      </object_component>
      <object_component id="oc-76">
         <name>.debug_pubtypes</name>
         <load_address>0xbcd</load_address>
         <run_address>0xbcd</run_address>
         <size>0x35</size>
         <input_file_ref idref="fl-c1"/>
      </object_component>
      <object_component id="oc-160">
         <name>.debug_pubtypes</name>
         <load_address>0xc02</load_address>
         <run_address>0xc02</run_address>
         <size>0x32</size>
         <input_file_ref idref="fl-c8"/>
      </object_component>
      <object_component id="oc-174">
         <name>.debug_pubtypes</name>
         <load_address>0xc34</load_address>
         <run_address>0xc34</run_address>
         <size>0x30</size>
         <input_file_ref idref="fl-c8"/>
      </object_component>
      <object_component id="oc-165">
         <name>.debug_pubtypes</name>
         <load_address>0xc64</load_address>
         <run_address>0xc64</run_address>
         <size>0x2c</size>
         <input_file_ref idref="fl-c8"/>
      </object_component>
      <object_component id="oc-16a">
         <name>.debug_pubtypes</name>
         <load_address>0xc90</load_address>
         <run_address>0xc90</run_address>
         <size>0x50</size>
         <input_file_ref idref="fl-c8"/>
      </object_component>
   </object_component_list>
   <logical_group_list>
      <logical_group id="lg-3" display="no" color="cyan">
         <name>.intvecs</name>
         <load_address>0x0</load_address>
         <run_address>0x0</run_address>
         <size>0xe4</size>
         <contents>
            <object_component_ref idref="oc-23"/>
         </contents>
      </logical_group>
      <logical_group id="lg-4" display="no" color="cyan">
         <name>.text</name>
         <load_address>0xe4</load_address>
         <run_address>0xe4</run_address>
         <size>0x784</size>
         <contents>
            <object_component_ref idref="oc-a2"/>
            <object_component_ref idref="oc-6a"/>
            <object_component_ref idref="oc-a9"/>
            <object_component_ref idref="oc-34"/>
            <object_component_ref idref="oc-14"/>
            <object_component_ref idref="oc-af"/>
            <object_component_ref idref="oc-dc"/>
            <object_component_ref idref="oc-52"/>
            <object_component_ref idref="oc-1a"/>
            <object_component_ref idref="oc-64"/>
            <object_component_ref idref="oc-90"/>
            <object_component_ref idref="oc-d0"/>
         </contents>
      </logical_group>
      <logical_group id="lg-5" display="no" color="cyan">
         <name>.const</name>
         <run_address>0x0</run_address>
         <size>0x0</size>
         <contents>
         </contents>
      </logical_group>
      <logical_group id="lg-6" display="no" color="cyan">
         <name>.cinit</name>
         <load_address>0x868</load_address>
         <run_address>0x868</run_address>
         <size>0x1c</size>
         <contents>
            <object_component_ref idref="oc-1ae"/>
            <object_component_ref idref="oc-1ac"/>
            <object_component_ref idref="oc-1ad"/>
         </contents>
      </logical_group>
      <logical_group id="lg-7" display="no" color="cyan">
         <name>.pinit</name>
         <run_address>0x0</run_address>
         <size>0x0</size>
         <contents>
         </contents>
      </logical_group>
      <logical_group id="lg-8" display="no" color="cyan">
         <name>.init_array</name>
         <run_address>0x0</run_address>
         <size>0x0</size>
         <contents>
         </contents>
      </logical_group>
      <logical_group id="lg-9" display="no" color="cyan">
         <name>.binit</name>
         <load_address>0x0</load_address>
         <run_address>0x0</run_address>
         <size>0x0</size>
         <contents>
            <object_component_ref idref="oc-181"/>
         </contents>
      </logical_group>
      <logical_group id="lg-a" display="no" color="cyan">
         <name>.flashMailbox</name>
         <run_address>0x0</run_address>
         <size>0x0</size>
         <contents>
         </contents>
      </logical_group>
      <logical_group id="lg-b" display="no" color="cyan">
         <name>.tlvTable</name>
         <run_address>0x0</run_address>
         <size>0x0</size>
         <contents>
         </contents>
      </logical_group>
      <logical_group id="lg-c" display="no" color="cyan">
         <name>.bslArea</name>
         <run_address>0x0</run_address>
         <size>0x0</size>
         <contents>
         </contents>
      </logical_group>
      <logical_group id="lg-d" display="no" color="cyan">
         <name>.vtable</name>
         <run_address>0x0</run_address>
         <size>0x0</size>
         <contents>
         </contents>
      </logical_group>
      <logical_group id="lg-e" display="no" color="cyan">
         <name>.data</name>
         <run_address>0x20000000</run_address>
         <size>0x10</size>
         <contents>
            <object_component_ref idref="oc-b5"/>
            <object_component_ref idref="oc-10e"/>
         </contents>
      </logical_group>
      <logical_group id="lg-f" display="no" color="cyan">
         <name>.bss</name>
         <run_address>0x0</run_address>
         <size>0x0</size>
         <contents>
         </contents>
      </logical_group>
      <logical_group id="lg-10" display="no" color="cyan">
         <name>.sysmem</name>
         <run_address>0x0</run_address>
         <size>0x0</size>
         <contents>
         </contents>
      </logical_group>
      <logical_group id="lg-11" display="no" color="cyan">
         <name>.stack</name>
         <run_address>0x2000fe00</run_address>
         <size>0x200</size>
         <contents>
            <object_component_ref idref="oc-26"/>
            <object_component_ref idref="oc-1af"/>
         </contents>
      </logical_group>
      <logical_group id="lg-12" display="no" color="cyan">
         <name>.TI.ramfunc</name>
         <run_address>0x0</run_address>
         <size>0x0</size>
         <contents>
         </contents>
      </logical_group>
      <logical_group id="lg-17f" display="no" color="cyan">
         <name>.TI.noinit</name>
         <run_address>0x0</run_address>
         <size>0x0</size>
         <contents>
         </contents>
      </logical_group>
      <logical_group id="lg-180" display="no" color="cyan">
         <name>.TI.persistent</name>
         <run_address>0x0</run_address>
         <size>0x0</size>
         <contents>
         </contents>
      </logical_group>
      <logical_group id="lg-194" display="never" color="cyan">
         <name>.debug_info</name>
         <load_address>0x0</load_address>
         <run_address>0x0</run_address>
         <size>0x7a7e</size>
         <contents>
            <object_component_ref idref="oc-120"/>
            <object_component_ref idref="oc-b0"/>
            <object_component_ref idref="oc-145"/>
            <object_component_ref idref="oc-bb"/>
            <object_component_ref idref="oc-14a"/>
            <object_component_ref idref="oc-2f"/>
            <object_component_ref idref="oc-11b"/>
            <object_component_ref idref="oc-112"/>
            <object_component_ref idref="oc-b6"/>
            <object_component_ref idref="oc-6b"/>
            <object_component_ref idref="oc-aa"/>
            <object_component_ref idref="oc-72"/>
            <object_component_ref idref="oc-24"/>
            <object_component_ref idref="oc-65"/>
            <object_component_ref idref="oc-10f"/>
            <object_component_ref idref="oc-a3"/>
            <object_component_ref idref="oc-3f"/>
            <object_component_ref idref="oc-1b"/>
            <object_component_ref idref="oc-3a"/>
            <object_component_ref idref="oc-7c"/>
            <object_component_ref idref="oc-7a"/>
            <object_component_ref idref="oc-15"/>
            <object_component_ref idref="oc-2a"/>
            <object_component_ref idref="oc-c0"/>
            <object_component_ref idref="oc-75"/>
            <object_component_ref idref="oc-27"/>
            <object_component_ref idref="oc-53"/>
            <object_component_ref idref="oc-d1"/>
            <object_component_ref idref="oc-35"/>
            <object_component_ref idref="oc-12c"/>
            <object_component_ref idref="oc-dd"/>
            <object_component_ref idref="oc-15f"/>
            <object_component_ref idref="oc-173"/>
            <object_component_ref idref="oc-164"/>
            <object_component_ref idref="oc-169"/>
            <object_component_ref idref="oc-91"/>
            <object_component_ref idref="oc-1b0"/>
         </contents>
      </logical_group>
      <logical_group id="lg-196" display="never" color="cyan">
         <name>.debug_line</name>
         <load_address>0x0</load_address>
         <run_address>0x0</run_address>
         <size>0xe51</size>
         <contents>
            <object_component_ref idref="oc-144"/>
            <object_component_ref idref="oc-b3"/>
            <object_component_ref idref="oc-148"/>
            <object_component_ref idref="oc-be"/>
            <object_component_ref idref="oc-14d"/>
            <object_component_ref idref="oc-32"/>
            <object_component_ref idref="oc-11e"/>
            <object_component_ref idref="oc-115"/>
            <object_component_ref idref="oc-11a"/>
            <object_component_ref idref="oc-6e"/>
            <object_component_ref idref="oc-ad"/>
            <object_component_ref idref="oc-ba"/>
            <object_component_ref idref="oc-71"/>
            <object_component_ref idref="oc-68"/>
            <object_component_ref idref="oc-142"/>
            <object_component_ref idref="oc-a6"/>
            <object_component_ref idref="oc-82"/>
            <object_component_ref idref="oc-1e"/>
            <object_component_ref idref="oc-3d"/>
            <object_component_ref idref="oc-7f"/>
            <object_component_ref idref="oc-c6"/>
            <object_component_ref idref="oc-18"/>
            <object_component_ref idref="oc-2d"/>
            <object_component_ref idref="oc-c3"/>
            <object_component_ref idref="oc-78"/>
            <object_component_ref idref="oc-74"/>
            <object_component_ref idref="oc-56"/>
            <object_component_ref idref="oc-d4"/>
            <object_component_ref idref="oc-38"/>
            <object_component_ref idref="oc-15e"/>
            <object_component_ref idref="oc-e0"/>
            <object_component_ref idref="oc-162"/>
            <object_component_ref idref="oc-176"/>
            <object_component_ref idref="oc-167"/>
            <object_component_ref idref="oc-16c"/>
            <object_component_ref idref="oc-94"/>
         </contents>
      </logical_group>
      <logical_group id="lg-198" display="never" color="cyan">
         <name>.debug_frame</name>
         <load_address>0x0</load_address>
         <run_address>0x0</run_address>
         <size>0x410</size>
         <contents>
            <object_component_ref idref="oc-b4"/>
            <object_component_ref idref="oc-6f"/>
            <object_component_ref idref="oc-ae"/>
            <object_component_ref idref="oc-69"/>
            <object_component_ref idref="oc-a7"/>
            <object_component_ref idref="oc-1f"/>
            <object_component_ref idref="oc-19"/>
            <object_component_ref idref="oc-57"/>
            <object_component_ref idref="oc-d5"/>
            <object_component_ref idref="oc-e1"/>
            <object_component_ref idref="oc-95"/>
         </contents>
      </logical_group>
      <logical_group id="lg-19a" display="never" color="cyan">
         <name>.debug_abbrev</name>
         <load_address>0x0</load_address>
         <run_address>0x0</run_address>
         <size>0xbb5</size>
         <contents>
            <object_component_ref idref="oc-143"/>
            <object_component_ref idref="oc-118"/>
            <object_component_ref idref="oc-147"/>
            <object_component_ref idref="oc-bd"/>
            <object_component_ref idref="oc-14c"/>
            <object_component_ref idref="oc-31"/>
            <object_component_ref idref="oc-11d"/>
            <object_component_ref idref="oc-114"/>
            <object_component_ref idref="oc-119"/>
            <object_component_ref idref="oc-b8"/>
            <object_component_ref idref="oc-117"/>
            <object_component_ref idref="oc-b9"/>
            <object_component_ref idref="oc-70"/>
            <object_component_ref idref="oc-a8"/>
            <object_component_ref idref="oc-141"/>
            <object_component_ref idref="oc-111"/>
            <object_component_ref idref="oc-81"/>
            <object_component_ref idref="oc-39"/>
            <object_component_ref idref="oc-3c"/>
            <object_component_ref idref="oc-7e"/>
            <object_component_ref idref="oc-c5"/>
            <object_component_ref idref="oc-29"/>
            <object_component_ref idref="oc-2c"/>
            <object_component_ref idref="oc-c2"/>
            <object_component_ref idref="oc-77"/>
            <object_component_ref idref="oc-73"/>
            <object_component_ref idref="oc-99"/>
            <object_component_ref idref="oc-121"/>
            <object_component_ref idref="oc-7b"/>
            <object_component_ref idref="oc-15d"/>
            <object_component_ref idref="oc-12b"/>
            <object_component_ref idref="oc-161"/>
            <object_component_ref idref="oc-175"/>
            <object_component_ref idref="oc-166"/>
            <object_component_ref idref="oc-16b"/>
            <object_component_ref idref="oc-cf"/>
            <object_component_ref idref="oc-1b1"/>
         </contents>
      </logical_group>
      <logical_group id="lg-19c" display="never" color="cyan">
         <name>.debug_str</name>
         <load_address>0x0</load_address>
         <run_address>0x0</run_address>
         <size>0x2d26</size>
         <contents>
            <object_component_ref idref="oc-149"/>
            <object_component_ref idref="oc-bf"/>
            <object_component_ref idref="oc-14e"/>
            <object_component_ref idref="oc-33"/>
            <object_component_ref idref="oc-11f"/>
            <object_component_ref idref="oc-116"/>
            <object_component_ref idref="oc-3e"/>
            <object_component_ref idref="oc-80"/>
            <object_component_ref idref="oc-2e"/>
            <object_component_ref idref="oc-c4"/>
            <object_component_ref idref="oc-79"/>
            <object_component_ref idref="oc-163"/>
            <object_component_ref idref="oc-177"/>
            <object_component_ref idref="oc-168"/>
            <object_component_ref idref="oc-16d"/>
         </contents>
      </logical_group>
      <logical_group id="lg-19e" display="never" color="cyan">
         <name>.debug_aranges</name>
         <load_address>0x0</load_address>
         <run_address>0x0</run_address>
         <size>0x198</size>
         <contents>
            <object_component_ref idref="oc-b1"/>
            <object_component_ref idref="oc-6c"/>
            <object_component_ref idref="oc-ab"/>
            <object_component_ref idref="oc-66"/>
            <object_component_ref idref="oc-a4"/>
            <object_component_ref idref="oc-1c"/>
            <object_component_ref idref="oc-16"/>
            <object_component_ref idref="oc-54"/>
            <object_component_ref idref="oc-d2"/>
            <object_component_ref idref="oc-36"/>
            <object_component_ref idref="oc-de"/>
            <object_component_ref idref="oc-92"/>
         </contents>
      </logical_group>
      <logical_group id="lg-1a0" display="never" color="cyan">
         <name>.debug_pubnames</name>
         <load_address>0x0</load_address>
         <run_address>0x0</run_address>
         <size>0x278</size>
         <contents>
            <object_component_ref idref="oc-b2"/>
            <object_component_ref idref="oc-b7"/>
            <object_component_ref idref="oc-6d"/>
            <object_component_ref idref="oc-ac"/>
            <object_component_ref idref="oc-25"/>
            <object_component_ref idref="oc-67"/>
            <object_component_ref idref="oc-110"/>
            <object_component_ref idref="oc-a5"/>
            <object_component_ref idref="oc-1d"/>
            <object_component_ref idref="oc-17"/>
            <object_component_ref idref="oc-28"/>
            <object_component_ref idref="oc-55"/>
            <object_component_ref idref="oc-d3"/>
            <object_component_ref idref="oc-37"/>
            <object_component_ref idref="oc-df"/>
            <object_component_ref idref="oc-93"/>
         </contents>
      </logical_group>
      <logical_group id="lg-1a2" display="never" color="cyan">
         <name>.debug_pubtypes</name>
         <load_address>0x0</load_address>
         <run_address>0x0</run_address>
         <size>0xce0</size>
         <contents>
            <object_component_ref idref="oc-146"/>
            <object_component_ref idref="oc-bc"/>
            <object_component_ref idref="oc-14b"/>
            <object_component_ref idref="oc-30"/>
            <object_component_ref idref="oc-11c"/>
            <object_component_ref idref="oc-113"/>
            <object_component_ref idref="oc-3b"/>
            <object_component_ref idref="oc-7d"/>
            <object_component_ref idref="oc-2b"/>
            <object_component_ref idref="oc-c1"/>
            <object_component_ref idref="oc-76"/>
            <object_component_ref idref="oc-160"/>
            <object_component_ref idref="oc-174"/>
            <object_component_ref idref="oc-165"/>
            <object_component_ref idref="oc-16a"/>
         </contents>
      </logical_group>
      <load_segment id="lg-1b3" display="no" color="cyan">
         <name>SEGMENT_0</name>
         <load_address>0x0</load_address>
         <run_address>0x0</run_address>
         <size>0x884</size>
         <flags>0x5</flags>
         <contents>
            <logical_group_ref idref="lg-3"/>
            <logical_group_ref idref="lg-4"/>
            <logical_group_ref idref="lg-6"/>
         </contents>
      </load_segment>
      <load_segment id="lg-1b4" display="no" color="cyan">
         <name>SEGMENT_1</name>
         <run_address>0x20000000</run_address>
         <size>0x10</size>
         <flags>0x6</flags>
         <contents>
            <logical_group_ref idref="lg-e"/>
         </contents>
      </load_segment>
      <load_segment id="lg-1b5" display="no" color="cyan">
         <name>SEGMENT_2</name>
         <run_address>0x2000fe00</run_address>
         <size>0x200</size>
         <flags>0x6</flags>
         <contents>
            <logical_group_ref idref="lg-11"/>
         </contents>
      </load_segment>
   </logical_group_list>
   <placement_map>
      <memory_area display="yes" color="green">
         <name>MAIN</name>
         <page_id>0x0</page_id>
         <origin>0x0</origin>
         <length>0x40000</length>
         <used_space>0x884</used_space>
         <unused_space>0x3f77c</unused_space>
         <attributes>RX</attributes>
         <usage_details>
            <allocated_space>
               <start_address>0x0</start_address>
               <size>0x0</size>
               <logical_group_ref idref="lg-9"/>
            </allocated_space>
            <allocated_space>
               <start_address>0x0</start_address>
               <size>0xe4</size>
               <logical_group_ref idref="lg-3"/>
            </allocated_space>
            <allocated_space>
               <start_address>0xe4</start_address>
               <size>0x784</size>
               <logical_group_ref idref="lg-4"/>
            </allocated_space>
            <allocated_space>
               <start_address>0x868</start_address>
               <size>0x1c</size>
               <logical_group_ref idref="lg-6"/>
            </allocated_space>
            <available_space>
               <start_address>0x884</start_address>
               <size>0x3f77c</size>
            </available_space>
         </usage_details>
      </memory_area>
      <memory_area display="yes" color="green">
         <name>INFO</name>
         <page_id>0x0</page_id>
         <origin>0x200000</origin>
         <length>0x4000</length>
         <used_space>0x0</used_space>
         <unused_space>0x4000</unused_space>
         <attributes>RX</attributes>
         <usage_details>
         </usage_details>
      </memory_area>
      <memory_area display="yes" color="green">
         <name>SRAM_CODE</name>
         <page_id>0x0</page_id>
         <origin>0x1000000</origin>
         <length>0x10000</length>
         <used_space>0x210</used_space>
         <unused_space>0xfdf0</unused_space>
         <attributes>RWX</attributes>
         <usage_details>
            <allocated_space>
               <start_address>0x1000000</start_address>
               <size>0x10</size>
               <logical_group_ref idref="lg-e"/>
            </allocated_space>
            <available_space>
               <start_address>0x1000010</start_address>
               <size>0xfdf0</size>
            </available_space>
            <allocated_space>
               <start_address>0x100fe00</start_address>
               <size>0x200</size>
               <logical_group_ref idref="lg-11"/>
            </allocated_space>
         </usage_details>
      </memory_area>
      <memory_area display="yes" color="green">
         <name>SRAM_DATA</name>
         <page_id>0x0</page_id>
         <origin>0x20000000</origin>
         <length>0x10000</length>
         <used_space>0x210</used_space>
         <unused_space>0xfdf0</unused_space>
         <attributes>RW</attributes>
         <usage_details>
            <allocated_space>
               <start_address>0x20000000</start_address>
               <size>0x10</size>
               <logical_group_ref idref="lg-e"/>
            </allocated_space>
            <available_space>
               <start_address>0x20000010</start_address>
               <size>0xfdf0</size>
            </available_space>
            <allocated_space>
               <start_address>0x2000fe00</start_address>
               <size>0x200</size>
               <logical_group_ref idref="lg-11"/>
            </allocated_space>
         </usage_details>
      </memory_area>
   </placement_map>
   <cptbl_list>
      <cptbl>
         <name>__TI_cinit_table</name>
         <cprec>
            <name>.data</name>
            <load_address>0x868</load_address>
            <load_size>0xb</load_size>
            <run_address>0x20000000</run_address>
            <run_size>0x10</run_size>
            <compression>lzss</compression>
         </cprec>
      </cptbl>
   </cptbl_list>
   <handler_table>
      <handler_table_name>__TI_handler_table</handler_table_name>
      <handler>
         <index>0x0</index>
         <name>__TI_decompress_lzss</name>
      </handler>
      <handler>
         <index>0x1</index>
         <name>__TI_decompress_none</name>
      </handler>
   </handler_table>
   <symbol_table>
      <symbol id="sm-1">
         <name>WDTCTL_SYM</name>
         <value>0x4000480c</value>
      </symbol>
      <symbol id="sm-2">
         <name>__TI_CINIT_Base</name>
         <value>0x87c</value>
      </symbol>
      <symbol id="sm-3">
         <name>__TI_CINIT_Limit</name>
         <value>0x884</value>
      </symbol>
      <symbol id="sm-4">
         <name>__TI_Handler_Table_Base</name>
         <value>0x874</value>
      </symbol>
      <symbol id="sm-5">
         <name>__TI_Handler_Table_Limit</name>
         <value>0x87c</value>
      </symbol>
      <symbol id="sm-6">
         <name>binit</name>
         <value>0xffffffff</value>
      </symbol>
      <symbol id="sm-7">
         <name>__binit__</name>
         <value>0xffffffff</value>
      </symbol>
      <symbol id="sm-8">
         <name>__STACK_SIZE</name>
         <value>0x200</value>
      </symbol>
      <symbol id="sm-9">
         <name>__STACK_END</name>
         <value>0x20010000</value>
      </symbol>
      <symbol id="sm-a">
         <name>__c_args__</name>
         <value>0xffffffff</value>
      </symbol>
      <symbol id="sm-b">
         <name>__TI_pprof_out_hndl</name>
         <value>0xffffffff</value>
      </symbol>
      <symbol id="sm-c">
         <name>__TI_prof_data_start</name>
         <value>0xffffffff</value>
      </symbol>
      <symbol id="sm-d">
         <name>__TI_prof_data_size</name>
         <value>0xffffffff</value>
      </symbol>
      <symbol id="sm-5a">
         <name>drive_dac</name>
         <value>0x765</value>
         <object_component_ref idref="oc-af"/>
      </symbol>
      <symbol id="sm-80">
         <name>peak</name>
         <value>0x20000000</value>
         <object_component_ref idref="oc-b5"/>
      </symbol>
      <symbol id="sm-81">
         <name>TA0_0_IRQHandler</name>
         <value>0x4a1</value>
         <object_component_ref idref="oc-6a"/>
      </symbol>
      <symbol id="sm-82">
         <name>main</name>
         <value>0x419</value>
         <object_component_ref idref="oc-6a"/>
      </symbol>
      <symbol id="sm-9d">
         <name>set_DCO</name>
         <value>0x555</value>
         <object_component_ref idref="oc-a9"/>
      </symbol>
      <symbol id="sm-b2">
         <name>Reset_Handler</name>
         <value>0x853</value>
         <object_component_ref idref="oc-64"/>
      </symbol>
      <symbol id="sm-b3">
         <name>Default_Handler</name>
         <value>0x85f</value>
         <object_component_ref idref="oc-64"/>
      </symbol>
      <symbol id="sm-b4">
         <name>interruptVectors</name>
         <value>0x0</value>
         <object_component_ref idref="oc-23"/>
      </symbol>
      <symbol id="sm-fc">
         <name>SystemInit</name>
         <value>0x35d</value>
         <object_component_ref idref="oc-a2"/>
      </symbol>
      <symbol id="sm-fd">
         <name>SystemCoreClockUpdate</name>
         <value>0xe5</value>
         <object_component_ref idref="oc-a2"/>
      </symbol>
      <symbol id="sm-fe">
         <name>SystemCoreClock</name>
         <value>0x2000000c</value>
         <object_component_ref idref="oc-10e"/>
      </symbol>
      <symbol id="sm-116">
         <name>__TI_decompress_none</name>
         <value>0x845</value>
         <object_component_ref idref="oc-1a"/>
      </symbol>
      <symbol id="sm-139">
         <name>__TI_decompress_lzss</name>
         <value>0x6fd</value>
         <object_component_ref idref="oc-14"/>
      </symbol>
      <symbol id="sm-14c">
         <name>__stack</name>
         <value>0x2000fe00</value>
         <object_component_ref idref="oc-26"/>
      </symbol>
      <symbol id="sm-14d">
         <name>_c_int00_noargs</name>
         <value>0x80d</value>
         <object_component_ref idref="oc-52"/>
      </symbol>
      <symbol id="sm-158">
         <name>C$$EXIT</name>
         <value>0x865</value>
         <object_component_ref idref="oc-d0"/>
      </symbol>
      <symbol id="sm-159">
         <name>abort</name>
         <value>0x865</value>
         <object_component_ref idref="oc-d0"/>
      </symbol>
      <symbol id="sm-176">
         <name>memcpy</name>
         <value>0x661</value>
         <object_component_ref idref="oc-34"/>
      </symbol>
      <symbol id="sm-177">
         <name>__aeabi_memcpy</name>
         <value>0x661</value>
         <object_component_ref idref="oc-34"/>
      </symbol>
      <symbol id="sm-178">
         <name>__aeabi_memcpy8</name>
         <value>0x661</value>
         <object_component_ref idref="oc-34"/>
      </symbol>
      <symbol id="sm-179">
         <name>__aeabi_memcpy4</name>
         <value>0x661</value>
         <object_component_ref idref="oc-34"/>
      </symbol>
      <symbol id="sm-1a2">
         <name>__TI_auto_init_nobinit_nopinit</name>
         <value>0x7c9</value>
         <object_component_ref idref="oc-dc"/>
      </symbol>
      <symbol id="sm-1ac">
         <name>_system_pre_init</name>
         <value>0x861</value>
         <object_component_ref idref="oc-90"/>
      </symbol>
      <symbol id="sm-1ae">
         <name>__TI_static_base__</name>
         <value>0x0</value>
      </symbol>
      <symbol id="sm-1b1">
         <name>__mpu_init</name>
         <value>0x0</value>
      </symbol>
      <symbol id="sm-1b2">
         <name>_system_post_cinit</name>
         <value>0x0</value>
      </symbol>
      <symbol id="sm-1b3">
         <name>NMI_Handler</name>
         <value>0x85f</value>
      </symbol>
      <symbol id="sm-1b4">
         <name>HardFault_Handler</name>
         <value>0x85f</value>
      </symbol>
      <symbol id="sm-1b5">
         <name>MemManage_Handler</name>
         <value>0x85f</value>
      </symbol>
      <symbol id="sm-1b6">
         <name>BusFault_Handler</name>
         <value>0x85f</value>
      </symbol>
      <symbol id="sm-1b7">
         <name>UsageFault_Handler</name>
         <value>0x85f</value>
      </symbol>
      <symbol id="sm-1b8">
         <name>SVC_Handler</name>
         <value>0x85f</value>
      </symbol>
      <symbol id="sm-1b9">
         <name>DebugMon_Handler</name>
         <value>0x85f</value>
      </symbol>
      <symbol id="sm-1ba">
         <name>PendSV_Handler</name>
         <value>0x85f</value>
      </symbol>
      <symbol id="sm-1bb">
         <name>SysTick_Handler</name>
         <value>0x85f</value>
      </symbol>
      <symbol id="sm-1bc">
         <name>PSS_IRQHandler</name>
         <value>0x85f</value>
      </symbol>
      <symbol id="sm-1bd">
         <name>CS_IRQHandler</name>
         <value>0x85f</value>
      </symbol>
      <symbol id="sm-1be">
         <name>PCM_IRQHandler</name>
         <value>0x85f</value>
      </symbol>
      <symbol id="sm-1bf">
         <name>WDT_A_IRQHandler</name>
         <value>0x85f</value>
      </symbol>
      <symbol id="sm-1c0">
         <name>FPU_IRQHandler</name>
         <value>0x85f</value>
      </symbol>
      <symbol id="sm-1c1">
         <name>FLCTL_IRQHandler</name>
         <value>0x85f</value>
      </symbol>
      <symbol id="sm-1c2">
         <name>COMP_E0_IRQHandler</name>
         <value>0x85f</value>
      </symbol>
      <symbol id="sm-1c3">
         <name>COMP_E1_IRQHandler</name>
         <value>0x85f</value>
      </symbol>
      <symbol id="sm-1c4">
         <name>TA0_0_IRQHandler</name>
         <value>0x4a1</value>
      </symbol>
      <symbol id="sm-1c5">
         <name>TA0_N_IRQHandler</name>
         <value>0x85f</value>
      </symbol>
      <symbol id="sm-1c6">
         <name>TA1_0_IRQHandler</name>
         <value>0x85f</value>
      </symbol>
      <symbol id="sm-1c7">
         <name>TA1_N_IRQHandler</name>
         <value>0x85f</value>
      </symbol>
      <symbol id="sm-1c8">
         <name>TA2_0_IRQHandler</name>
         <value>0x85f</value>
      </symbol>
      <symbol id="sm-1c9">
         <name>TA2_N_IRQHandler</name>
         <value>0x85f</value>
      </symbol>
      <symbol id="sm-1ca">
         <name>TA3_0_IRQHandler</name>
         <value>0x85f</value>
      </symbol>
      <symbol id="sm-1cb">
         <name>TA3_N_IRQHandler</name>
         <value>0x85f</value>
      </symbol>
      <symbol id="sm-1cc">
         <name>EUSCIA0_IRQHandler</name>
         <value>0x85f</value>
      </symbol>
      <symbol id="sm-1cd">
         <name>EUSCIA1_IRQHandler</name>
         <value>0x85f</value>
      </symbol>
      <symbol id="sm-1ce">
         <name>EUSCIA2_IRQHandler</name>
         <value>0x85f</value>
      </symbol>
      <symbol id="sm-1cf">
         <name>EUSCIA3_IRQHandler</name>
         <value>0x85f</value>
      </symbol>
      <symbol id="sm-1d0">
         <name>EUSCIB0_IRQHandler</name>
         <value>0x85f</value>
      </symbol>
      <symbol id="sm-1d1">
         <name>EUSCIB1_IRQHandler</name>
         <value>0x85f</value>
      </symbol>
      <symbol id="sm-1d2">
         <name>EUSCIB2_IRQHandler</name>
         <value>0x85f</value>
      </symbol>
      <symbol id="sm-1d3">
         <name>EUSCIB3_IRQHandler</name>
         <value>0x85f</value>
      </symbol>
      <symbol id="sm-1d4">
         <name>ADC14_IRQHandler</name>
         <value>0x85f</value>
      </symbol>
      <symbol id="sm-1d5">
         <name>T32_INT1_IRQHandler</name>
         <value>0x85f</value>
      </symbol>
      <symbol id="sm-1d6">
         <name>T32_INT2_IRQHandler</name>
         <value>0x85f</value>
      </symbol>
      <symbol id="sm-1d7">
         <name>T32_INTC_IRQHandler</name>
         <value>0x85f</value>
      </symbol>
      <symbol id="sm-1d8">
         <name>AES256_IRQHandler</name>
         <value>0x85f</value>
      </symbol>
      <symbol id="sm-1d9">
         <name>RTC_C_IRQHandler</name>
         <value>0x85f</value>
      </symbol>
      <symbol id="sm-1da">
         <name>DMA_ERR_IRQHandler</name>
         <value>0x85f</value>
      </symbol>
      <symbol id="sm-1db">
         <name>DMA_INT3_IRQHandler</name>
         <value>0x85f</value>
      </symbol>
      <symbol id="sm-1dc">
         <name>DMA_INT2_IRQHandler</name>
         <value>0x85f</value>
      </symbol>
      <symbol id="sm-1dd">
         <name>DMA_INT1_IRQHandler</name>
         <value>0x85f</value>
      </symbol>
      <symbol id="sm-1de">
         <name>DMA_INT0_IRQHandler</name>
         <value>0x85f</value>
      </symbol>
      <symbol id="sm-1df">
         <name>PORT1_IRQHandler</name>
         <value>0x85f</value>
      </symbol>
      <symbol id="sm-1e0">
         <name>PORT2_IRQHandler</name>
         <value>0x85f</value>
      </symbol>
      <symbol id="sm-1e1">
         <name>PORT3_IRQHandler</name>
         <value>0x85f</value>
      </symbol>
      <symbol id="sm-1e2">
         <name>PORT4_IRQHandler</name>
         <value>0x85f</value>
      </symbol>
      <symbol id="sm-1e3">
         <name>PORT5_IRQHandler</name>
         <value>0x85f</value>
      </symbol>
      <symbol id="sm-1e4">
         <name>PORT6_IRQHandler</name>
         <value>0x85f</value>
      </symbol>
   </symbol_table>
   <title>Link successful</title>
</link_info>
