<?xml version="1.0" encoding="ISO-8859-1" ?>
<link_info>
   <banner>TI ARM Linker Unix v18.1.1.LTS</banner>
   <copyright>Copyright (c) 1996-2017 Texas Instruments Incorporated</copyright>
   <link_time>0x5af3c912</link_time>
   <link_errors>0x0</link_errors>
   <output_file>shitpost.out</output_file>
   <entry_point>
      <name>_c_int00_noargs</name>
      <address>0x73d</address>
   </entry_point>
   <input_file_list>
      <input_file id="fl-1">
         <path>./</path>
         <kind>object</kind>
         <file>DAC.obj</file>
         <name>DAC.obj</name>
      </input_file>
      <input_file id="fl-2">
         <path>./</path>
         <kind>object</kind>
         <file>LCD.obj</file>
         <name>LCD.obj</name>
      </input_file>
      <input_file id="fl-3">
         <path>./</path>
         <kind>object</kind>
         <file>delay.obj</file>
         <name>delay.obj</name>
      </input_file>
      <input_file id="fl-4">
         <path>./</path>
         <kind>object</kind>
         <file>drive_DAC.obj</file>
         <name>drive_DAC.obj</name>
      </input_file>
      <input_file id="fl-5">
         <path>./</path>
         <kind>object</kind>
         <file>main.obj</file>
         <name>main.obj</name>
      </input_file>
      <input_file id="fl-6">
         <path>./</path>
         <kind>object</kind>
         <file>set_DCO.obj</file>
         <name>set_DCO.obj</name>
      </input_file>
      <input_file id="fl-7">
         <path>./</path>
         <kind>object</kind>
         <file>startup_msp432p401r_ccs.obj</file>
         <name>startup_msp432p401r_ccs.obj</name>
      </input_file>
      <input_file id="fl-8">
         <path>./</path>
         <kind>object</kind>
         <file>system_msp432p401r.obj</file>
         <name>system_msp432p401r.obj</name>
      </input_file>
      <input_file id="fl-c">
         <kind>object</kind>
         <file>&lt;internal&gt;</file>
         <name>&lt;internal&gt;</name>
      </input_file>
      <input_file id="fl-c2">
         <path>/Applications/ti/ccsv8/tools/compiler/ti-cgt-arm_18.1.1.LTS/lib/</path>
         <kind>archive</kind>
         <file>rtsv7M4_T_le_v4SPD16_eabi.lib</file>
         <name>copy_zero_init.c.obj</name>
      </input_file>
      <input_file id="fl-c3">
         <path>/Applications/ti/ccsv8/tools/compiler/ti-cgt-arm_18.1.1.LTS/lib/</path>
         <kind>archive</kind>
         <file>rtsv7M4_T_le_v4SPD16_eabi.lib</file>
         <name>copy_decompress_none.c.obj</name>
      </input_file>
      <input_file id="fl-c4">
         <path>/Applications/ti/ccsv8/tools/compiler/ti-cgt-arm_18.1.1.LTS/lib/</path>
         <kind>archive</kind>
         <file>rtsv7M4_T_le_v4SPD16_eabi.lib</file>
         <name>copy_decompress_lzss.c.obj</name>
      </input_file>
      <input_file id="fl-c5">
         <path>/Applications/ti/ccsv8/tools/compiler/ti-cgt-arm_18.1.1.LTS/lib/</path>
         <kind>archive</kind>
         <file>rtsv7M4_T_le_v4SPD16_eabi.lib</file>
         <name>boot_cortex_m.c.obj</name>
      </input_file>
      <input_file id="fl-c6">
         <path>/Applications/ti/ccsv8/tools/compiler/ti-cgt-arm_18.1.1.LTS/lib/</path>
         <kind>archive</kind>
         <file>rtsv7M4_T_le_v4SPD16_eabi.lib</file>
         <name>exit.c.obj</name>
      </input_file>
      <input_file id="fl-c7">
         <path>/Applications/ti/ccsv8/tools/compiler/ti-cgt-arm_18.1.1.LTS/lib/</path>
         <kind>archive</kind>
         <file>rtsv7M4_T_le_v4SPD16_eabi.lib</file>
         <name>_lock.c.obj</name>
      </input_file>
      <input_file id="fl-c8">
         <path>/Applications/ti/ccsv8/tools/compiler/ti-cgt-arm_18.1.1.LTS/lib/</path>
         <kind>archive</kind>
         <file>rtsv7M4_T_le_v4SPD16_eabi.lib</file>
         <name>args_main.c.obj</name>
      </input_file>
      <input_file id="fl-c9">
         <path>/Applications/ti/ccsv8/tools/compiler/ti-cgt-arm_18.1.1.LTS/lib/</path>
         <kind>archive</kind>
         <file>rtsv7M4_T_le_v4SPD16_eabi.lib</file>
         <name>memcpy_t2.asm.obj</name>
      </input_file>
      <input_file id="fl-ca">
         <path>/Applications/ti/ccsv8/tools/compiler/ti-cgt-arm_18.1.1.LTS/lib/</path>
         <kind>archive</kind>
         <file>rtsv7M4_T_le_v4SPD16_eabi.lib</file>
         <name>memset_t2.asm.obj</name>
      </input_file>
      <input_file id="fl-cb">
         <path>/Applications/ti/ccsv8/tools/compiler/ti-cgt-arm_18.1.1.LTS/lib/</path>
         <kind>archive</kind>
         <file>rtsv7M4_T_le_v4SPD16_eabi.lib</file>
         <name>autoinit.c.obj</name>
      </input_file>
      <input_file id="fl-cc">
         <path>/Applications/ti/ccsv8/tools/compiler/ti-cgt-arm_18.1.1.LTS/lib/</path>
         <kind>archive</kind>
         <file>rtsv7M4_T_le_v4SPD16_eabi.lib</file>
         <name>pre_init.c.obj</name>
      </input_file>
      <input_file id="fl-cd">
         <path>/Applications/ti/ccsv8/tools/compiler/ti-cgt-arm_18.1.1.LTS/lib/</path>
         <kind>archive</kind>
         <file>rtsv7M4_T_le_v4SPD16_eabi.lib</file>
         <name>cpy_tbl.c.obj</name>
      </input_file>
   </input_file_list>
   <object_component_list>
      <object_component id="oc-23">
         <name>.intvecs:retain</name>
         <load_address>0x0</load_address>
         <run_address>0x0</run_address>
         <size>0xe4</size>
         <input_file_ref idref="fl-7"/>
      </object_component>
      <object_component id="oc-a2">
         <name>.text</name>
         <load_address>0xe4</load_address>
         <run_address>0xe4</run_address>
         <size>0x334</size>
         <input_file_ref idref="fl-8"/>
      </object_component>
      <object_component id="oc-6a">
         <name>.text</name>
         <load_address>0x418</load_address>
         <run_address>0x418</run_address>
         <size>0x178</size>
         <input_file_ref idref="fl-5"/>
      </object_component>
      <object_component id="oc-34">
         <name>.text</name>
         <load_address>0x590</load_address>
         <run_address>0x590</run_address>
         <size>0x9c</size>
         <input_file_ref idref="fl-c9"/>
      </object_component>
      <object_component id="oc-14">
         <name>.text:decompress:lzss:__TI_decompress_lzss</name>
         <load_address>0x62c</load_address>
         <run_address>0x62c</run_address>
         <size>0x68</size>
         <input_file_ref idref="fl-c4"/>
      </object_component>
      <object_component id="oc-a9">
         <name>.text</name>
         <load_address>0x694</load_address>
         <run_address>0x694</run_address>
         <size>0x64</size>
         <input_file_ref idref="fl-4"/>
      </object_component>
      <object_component id="oc-da">
         <name>.text:__TI_auto_init_nobinit_nopinit:__TI_auto_init_nobinit_nopinit</name>
         <load_address>0x6f8</load_address>
         <run_address>0x6f8</run_address>
         <size>0x44</size>
         <input_file_ref idref="fl-cb"/>
      </object_component>
      <object_component id="oc-52">
         <name>.text:_c_int00_noargs:_c_int00_noargs</name>
         <load_address>0x73c</load_address>
         <run_address>0x73c</run_address>
         <size>0x38</size>
         <input_file_ref idref="fl-c5"/>
      </object_component>
      <object_component id="oc-40">
         <name>.text:decompress:ZI:__TI_zero_init_nomemset:__TI_zero_init_nomemset</name>
         <load_address>0x774</load_address>
         <run_address>0x774</run_address>
         <size>0x12</size>
         <input_file_ref idref="fl-c2"/>
      </object_component>
      <object_component id="oc-1a">
         <name>.text:decompress:none:__TI_decompress_none</name>
         <load_address>0x786</load_address>
         <run_address>0x786</run_address>
         <size>0xe</size>
         <input_file_ref idref="fl-c3"/>
      </object_component>
      <object_component id="oc-64">
         <name>.text</name>
         <load_address>0x794</load_address>
         <run_address>0x794</run_address>
         <size>0xe</size>
         <input_file_ref idref="fl-7"/>
      </object_component>
      <object_component id="oc-90">
         <name>.text:_system_pre_init</name>
         <load_address>0x7a2</load_address>
         <run_address>0x7a2</run_address>
         <size>0x4</size>
         <input_file_ref idref="fl-cc"/>
      </object_component>
      <object_component id="oc-ce">
         <name>.text:abort:abort</name>
         <load_address>0x7a6</load_address>
         <run_address>0x7a6</run_address>
         <size>0x4</size>
         <input_file_ref idref="fl-c6"/>
      </object_component>
      <object_component id="oc-1ab">
         <name>__TI_handler_table</name>
         <load_address>0x7b0</load_address>
         <run_address>0x7b0</run_address>
         <size>0xc</size>
      </object_component>
      <object_component id="oc-1ad">
         <name>.cinit..data.load</name>
         <load_address>0x7bc</load_address>
         <run_address>0x7bc</run_address>
         <size>0xb</size>
      </object_component>
      <object_component id="oc-1ae">
         <name>.cinit..bss.load</name>
         <load_address>0x7c8</load_address>
         <run_address>0x7c8</run_address>
         <size>0x8</size>
      </object_component>
      <object_component id="oc-1ac">
         <name>__TI_cinit_table</name>
         <load_address>0x7d0</load_address>
         <run_address>0x7d0</run_address>
         <size>0x10</size>
      </object_component>
      <object_component id="oc-180">
         <name>.binit</name>
         <load_address>0x0</load_address>
         <run_address>0x0</run_address>
         <size>0x0</size>
      </object_component>
      <object_component id="oc-af">
         <name>.data</name>
         <load_address>0x20000008</load_address>
         <run_address>0x20000008</run_address>
         <size>0x4</size>
         <input_file_ref idref="fl-5"/>
      </object_component>
      <object_component id="oc-10c">
         <name>.data</name>
         <load_address>0x2000000c</load_address>
         <run_address>0x2000000c</run_address>
         <size>0x4</size>
         <input_file_ref idref="fl-8"/>
      </object_component>
      <object_component id="oc-b5">
         <name>.common:letters</name>
         <uninitialized>true</uninitialized>
         <run_address>0x20000000</run_address>
         <size>0x4</size>
      </object_component>
      <object_component id="oc-b2">
         <name>.common:voltage</name>
         <uninitialized>true</uninitialized>
         <run_address>0x20000004</run_address>
         <size>0x4</size>
      </object_component>
      <object_component id="oc-26">
         <name>.stack</name>
         <uninitialized>true</uninitialized>
         <run_address>0x2000fe00</run_address>
         <size>0x4</size>
         <input_file_ref idref="fl-c5"/>
      </object_component>
      <object_component id="oc-1af">
         <name>.stack</name>
         <uninitialized>true</uninitialized>
         <run_address>0x2000fe00</run_address>
         <size>0x0</size>
      </object_component>
      <object_component id="oc-129">
         <name>.debug_info</name>
         <load_address>0x0</load_address>
         <run_address>0x0</run_address>
         <size>0x522</size>
         <input_file_ref idref="fl-1"/>
      </object_component>
      <object_component id="oc-11a">
         <name>.debug_info</name>
         <load_address>0x522</load_address>
         <run_address>0x522</run_address>
         <size>0x37e2</size>
         <input_file_ref idref="fl-1"/>
      </object_component>
      <object_component id="oc-b9">
         <name>.debug_info</name>
         <load_address>0x3d04</load_address>
         <run_address>0x3d04</run_address>
         <size>0x26b</size>
         <input_file_ref idref="fl-1"/>
      </object_component>
      <object_component id="oc-11f">
         <name>.debug_info</name>
         <load_address>0x3f6f</load_address>
         <run_address>0x3f6f</run_address>
         <size>0x1055</size>
         <input_file_ref idref="fl-1"/>
      </object_component>
      <object_component id="oc-2f">
         <name>.debug_info</name>
         <load_address>0x4fc4</load_address>
         <run_address>0x4fc4</run_address>
         <size>0x84</size>
         <input_file_ref idref="fl-1"/>
      </object_component>
      <object_component id="oc-124">
         <name>.debug_info</name>
         <load_address>0x5048</load_address>
         <run_address>0x5048</run_address>
         <size>0x297</size>
         <input_file_ref idref="fl-1"/>
      </object_component>
      <object_component id="oc-110">
         <name>.debug_info</name>
         <load_address>0x52df</load_address>
         <run_address>0x52df</run_address>
         <size>0xbb</size>
         <input_file_ref idref="fl-1"/>
      </object_component>
      <object_component id="oc-aa">
         <name>.debug_info</name>
         <load_address>0x539a</load_address>
         <run_address>0x539a</run_address>
         <size>0x13a</size>
         <input_file_ref idref="fl-4"/>
      </object_component>
      <object_component id="oc-b3">
         <name>.debug_info</name>
         <load_address>0x54d4</load_address>
         <run_address>0x54d4</run_address>
         <size>0x5b9</size>
         <input_file_ref idref="fl-5"/>
      </object_component>
      <object_component id="oc-b0">
         <name>.debug_info</name>
         <load_address>0x5a8d</load_address>
         <run_address>0x5a8d</run_address>
         <size>0xc4</size>
         <input_file_ref idref="fl-5"/>
      </object_component>
      <object_component id="oc-6b">
         <name>.debug_info</name>
         <load_address>0x5b51</load_address>
         <run_address>0x5b51</run_address>
         <size>0x22e</size>
         <input_file_ref idref="fl-5"/>
      </object_component>
      <object_component id="oc-72">
         <name>.debug_info</name>
         <load_address>0x5d7f</load_address>
         <run_address>0x5d7f</run_address>
         <size>0x2c3</size>
         <input_file_ref idref="fl-7"/>
      </object_component>
      <object_component id="oc-24">
         <name>.debug_info</name>
         <load_address>0x6042</load_address>
         <run_address>0x6042</run_address>
         <size>0xef</size>
         <input_file_ref idref="fl-7"/>
      </object_component>
      <object_component id="oc-65">
         <name>.debug_info</name>
         <load_address>0x6131</load_address>
         <run_address>0x6131</run_address>
         <size>0x1b6</size>
         <input_file_ref idref="fl-7"/>
      </object_component>
      <object_component id="oc-10d">
         <name>.debug_info</name>
         <load_address>0x62e7</load_address>
         <run_address>0x62e7</run_address>
         <size>0xe8</size>
         <input_file_ref idref="fl-8"/>
      </object_component>
      <object_component id="oc-a3">
         <name>.debug_info</name>
         <load_address>0x63cf</load_address>
         <run_address>0x63cf</run_address>
         <size>0x25a</size>
         <input_file_ref idref="fl-8"/>
      </object_component>
      <object_component id="oc-89">
         <name>.debug_info</name>
         <load_address>0x6629</load_address>
         <run_address>0x6629</run_address>
         <size>0x313</size>
         <input_file_ref idref="fl-c2"/>
      </object_component>
      <object_component id="oc-41">
         <name>.debug_info</name>
         <load_address>0x693c</load_address>
         <run_address>0x693c</run_address>
         <size>0x1b4</size>
         <input_file_ref idref="fl-c2"/>
      </object_component>
      <object_component id="oc-84">
         <name>.debug_info</name>
         <load_address>0x6af0</load_address>
         <run_address>0x6af0</run_address>
         <size>0x46</size>
         <input_file_ref idref="fl-c2"/>
      </object_component>
      <object_component id="oc-c5">
         <name>.debug_info</name>
         <load_address>0x6b36</load_address>
         <run_address>0x6b36</run_address>
         <size>0x2c</size>
         <input_file_ref idref="fl-c2"/>
      </object_component>
      <object_component id="oc-3f">
         <name>.debug_info</name>
         <load_address>0x6b62</load_address>
         <run_address>0x6b62</run_address>
         <size>0x29d</size>
         <input_file_ref idref="fl-c3"/>
      </object_component>
      <object_component id="oc-1b">
         <name>.debug_info</name>
         <load_address>0x6dff</load_address>
         <run_address>0x6dff</run_address>
         <size>0x1df</size>
         <input_file_ref idref="fl-c3"/>
      </object_component>
      <object_component id="oc-3a">
         <name>.debug_info</name>
         <load_address>0x6fde</load_address>
         <run_address>0x6fde</run_address>
         <size>0x46</size>
         <input_file_ref idref="fl-c3"/>
      </object_component>
      <object_component id="oc-7c">
         <name>.debug_info</name>
         <load_address>0x7024</load_address>
         <run_address>0x7024</run_address>
         <size>0x2c</size>
         <input_file_ref idref="fl-c3"/>
      </object_component>
      <object_component id="oc-7a">
         <name>.debug_info</name>
         <load_address>0x7050</load_address>
         <run_address>0x7050</run_address>
         <size>0x293</size>
         <input_file_ref idref="fl-c4"/>
      </object_component>
      <object_component id="oc-15">
         <name>.debug_info</name>
         <load_address>0x72e3</load_address>
         <run_address>0x72e3</run_address>
         <size>0x245</size>
         <input_file_ref idref="fl-c4"/>
      </object_component>
      <object_component id="oc-2a">
         <name>.debug_info</name>
         <load_address>0x7528</load_address>
         <run_address>0x7528</run_address>
         <size>0x60</size>
         <input_file_ref idref="fl-c4"/>
      </object_component>
      <object_component id="oc-be">
         <name>.debug_info</name>
         <load_address>0x7588</load_address>
         <run_address>0x7588</run_address>
         <size>0x46</size>
         <input_file_ref idref="fl-c4"/>
      </object_component>
      <object_component id="oc-75">
         <name>.debug_info</name>
         <load_address>0x75ce</load_address>
         <run_address>0x75ce</run_address>
         <size>0x39</size>
         <input_file_ref idref="fl-c4"/>
      </object_component>
      <object_component id="oc-27">
         <name>.debug_info</name>
         <load_address>0x7607</load_address>
         <run_address>0x7607</run_address>
         <size>0x100</size>
         <input_file_ref idref="fl-c5"/>
      </object_component>
      <object_component id="oc-53">
         <name>.debug_info</name>
         <load_address>0x7707</load_address>
         <run_address>0x7707</run_address>
         <size>0x1a4</size>
         <input_file_ref idref="fl-c5"/>
      </object_component>
      <object_component id="oc-cf">
         <name>.debug_info</name>
         <load_address>0x78ab</load_address>
         <run_address>0x78ab</run_address>
         <size>0x117</size>
         <input_file_ref idref="fl-c6"/>
      </object_component>
      <object_component id="oc-35">
         <name>.debug_info</name>
         <load_address>0x79c2</load_address>
         <run_address>0x79c2</run_address>
         <size>0x111</size>
         <input_file_ref idref="fl-c9"/>
      </object_component>
      <object_component id="oc-135">
         <name>.debug_info</name>
         <load_address>0x7ad3</load_address>
         <run_address>0x7ad3</run_address>
         <size>0x547</size>
         <input_file_ref idref="fl-cb"/>
      </object_component>
      <object_component id="oc-db">
         <name>.debug_info</name>
         <load_address>0x801a</load_address>
         <run_address>0x801a</run_address>
         <size>0x19b</size>
         <input_file_ref idref="fl-cb"/>
      </object_component>
      <object_component id="oc-15e">
         <name>.debug_info</name>
         <load_address>0x81b5</load_address>
         <run_address>0x81b5</run_address>
         <size>0x39</size>
         <input_file_ref idref="fl-cb"/>
      </object_component>
      <object_component id="oc-172">
         <name>.debug_info</name>
         <load_address>0x81ee</load_address>
         <run_address>0x81ee</run_address>
         <size>0x39</size>
         <input_file_ref idref="fl-cb"/>
      </object_component>
      <object_component id="oc-163">
         <name>.debug_info</name>
         <load_address>0x8227</load_address>
         <run_address>0x8227</run_address>
         <size>0x39</size>
         <input_file_ref idref="fl-cb"/>
      </object_component>
      <object_component id="oc-168">
         <name>.debug_info</name>
         <load_address>0x8260</load_address>
         <run_address>0x8260</run_address>
         <size>0xcd</size>
         <input_file_ref idref="fl-cb"/>
      </object_component>
      <object_component id="oc-91">
         <name>.debug_info</name>
         <load_address>0x832d</load_address>
         <run_address>0x832d</run_address>
         <size>0x148</size>
         <input_file_ref idref="fl-cc"/>
      </object_component>
      <object_component id="oc-1b0">
         <name>.debug_info</name>
         <load_address>0x8475</load_address>
         <run_address>0x8475</run_address>
         <size>0x9e</size>
      </object_component>
      <object_component id="oc-14d">
         <name>.debug_line</name>
         <load_address>0x0</load_address>
         <run_address>0x0</run_address>
         <size>0x20</size>
         <input_file_ref idref="fl-1"/>
      </object_component>
      <object_component id="oc-11d">
         <name>.debug_line</name>
         <load_address>0x20</load_address>
         <run_address>0x20</run_address>
         <size>0x5d</size>
         <input_file_ref idref="fl-1"/>
      </object_component>
      <object_component id="oc-bc">
         <name>.debug_line</name>
         <load_address>0x7d</load_address>
         <run_address>0x7d</run_address>
         <size>0x74</size>
         <input_file_ref idref="fl-1"/>
      </object_component>
      <object_component id="oc-122">
         <name>.debug_line</name>
         <load_address>0xf1</load_address>
         <run_address>0xf1</run_address>
         <size>0x60</size>
         <input_file_ref idref="fl-1"/>
      </object_component>
      <object_component id="oc-32">
         <name>.debug_line</name>
         <load_address>0x151</load_address>
         <run_address>0x151</run_address>
         <size>0x20</size>
         <input_file_ref idref="fl-1"/>
      </object_component>
      <object_component id="oc-127">
         <name>.debug_line</name>
         <load_address>0x171</load_address>
         <run_address>0x171</run_address>
         <size>0x78</size>
         <input_file_ref idref="fl-1"/>
      </object_component>
      <object_component id="oc-113">
         <name>.debug_line</name>
         <load_address>0x1e9</load_address>
         <run_address>0x1e9</run_address>
         <size>0x75</size>
         <input_file_ref idref="fl-1"/>
      </object_component>
      <object_component id="oc-ad">
         <name>.debug_line</name>
         <load_address>0x25e</load_address>
         <run_address>0x25e</run_address>
         <size>0x5b</size>
         <input_file_ref idref="fl-4"/>
      </object_component>
      <object_component id="oc-119">
         <name>.debug_line</name>
         <load_address>0x2b9</load_address>
         <run_address>0x2b9</run_address>
         <size>0x3f</size>
         <input_file_ref idref="fl-5"/>
      </object_component>
      <object_component id="oc-117">
         <name>.debug_line</name>
         <load_address>0x2f8</load_address>
         <run_address>0x2f8</run_address>
         <size>0x2d</size>
         <input_file_ref idref="fl-5"/>
      </object_component>
      <object_component id="oc-6e">
         <name>.debug_line</name>
         <load_address>0x325</load_address>
         <run_address>0x325</run_address>
         <size>0xc5</size>
         <input_file_ref idref="fl-5"/>
      </object_component>
      <object_component id="oc-b8">
         <name>.debug_line</name>
         <load_address>0x3ea</load_address>
         <run_address>0x3ea</run_address>
         <size>0x40</size>
         <input_file_ref idref="fl-7"/>
      </object_component>
      <object_component id="oc-71">
         <name>.debug_line</name>
         <load_address>0x42a</load_address>
         <run_address>0x42a</run_address>
         <size>0x40</size>
         <input_file_ref idref="fl-7"/>
      </object_component>
      <object_component id="oc-68">
         <name>.debug_line</name>
         <load_address>0x46a</load_address>
         <run_address>0x46a</run_address>
         <size>0x71</size>
         <input_file_ref idref="fl-7"/>
      </object_component>
      <object_component id="oc-14b">
         <name>.debug_line</name>
         <load_address>0x4db</load_address>
         <run_address>0x4db</run_address>
         <size>0x3b</size>
         <input_file_ref idref="fl-8"/>
      </object_component>
      <object_component id="oc-a6">
         <name>.debug_line</name>
         <load_address>0x516</load_address>
         <run_address>0x516</run_address>
         <size>0x159</size>
         <input_file_ref idref="fl-8"/>
      </object_component>
      <object_component id="oc-cb">
         <name>.debug_line</name>
         <load_address>0x66f</load_address>
         <run_address>0x66f</run_address>
         <size>0x9e</size>
         <input_file_ref idref="fl-c2"/>
      </object_component>
      <object_component id="oc-44">
         <name>.debug_line</name>
         <load_address>0x70d</load_address>
         <run_address>0x70d</run_address>
         <size>0x4f</size>
         <input_file_ref idref="fl-c2"/>
      </object_component>
      <object_component id="oc-87">
         <name>.debug_line</name>
         <load_address>0x75c</load_address>
         <run_address>0x75c</run_address>
         <size>0x34</size>
         <input_file_ref idref="fl-c2"/>
      </object_component>
      <object_component id="oc-c8">
         <name>.debug_line</name>
         <load_address>0x790</load_address>
         <run_address>0x790</run_address>
         <size>0x8a</size>
         <input_file_ref idref="fl-c2"/>
      </object_component>
      <object_component id="oc-82">
         <name>.debug_line</name>
         <load_address>0x81a</load_address>
         <run_address>0x81a</run_address>
         <size>0x20</size>
         <input_file_ref idref="fl-c3"/>
      </object_component>
      <object_component id="oc-1e">
         <name>.debug_line</name>
         <load_address>0x83a</load_address>
         <run_address>0x83a</run_address>
         <size>0x55</size>
         <input_file_ref idref="fl-c3"/>
      </object_component>
      <object_component id="oc-3d">
         <name>.debug_line</name>
         <load_address>0x88f</load_address>
         <run_address>0x88f</run_address>
         <size>0x3a</size>
         <input_file_ref idref="fl-c3"/>
      </object_component>
      <object_component id="oc-7f">
         <name>.debug_line</name>
         <load_address>0x8c9</load_address>
         <run_address>0x8c9</run_address>
         <size>0x8a</size>
         <input_file_ref idref="fl-c3"/>
      </object_component>
      <object_component id="oc-c4">
         <name>.debug_line</name>
         <load_address>0x953</load_address>
         <run_address>0x953</run_address>
         <size>0x20</size>
         <input_file_ref idref="fl-c4"/>
      </object_component>
      <object_component id="oc-18">
         <name>.debug_line</name>
         <load_address>0x973</load_address>
         <run_address>0x973</run_address>
         <size>0xa9</size>
         <input_file_ref idref="fl-c4"/>
      </object_component>
      <object_component id="oc-2d">
         <name>.debug_line</name>
         <load_address>0xa1c</load_address>
         <run_address>0xa1c</run_address>
         <size>0x3a</size>
         <input_file_ref idref="fl-c4"/>
      </object_component>
      <object_component id="oc-c1">
         <name>.debug_line</name>
         <load_address>0xa56</load_address>
         <run_address>0xa56</run_address>
         <size>0x92</size>
         <input_file_ref idref="fl-c4"/>
      </object_component>
      <object_component id="oc-78">
         <name>.debug_line</name>
         <load_address>0xae8</load_address>
         <run_address>0xae8</run_address>
         <size>0x8e</size>
         <input_file_ref idref="fl-c4"/>
      </object_component>
      <object_component id="oc-74">
         <name>.debug_line</name>
         <load_address>0xb76</load_address>
         <run_address>0xb76</run_address>
         <size>0x33</size>
         <input_file_ref idref="fl-c5"/>
      </object_component>
      <object_component id="oc-56">
         <name>.debug_line</name>
         <load_address>0xba9</load_address>
         <run_address>0xba9</run_address>
         <size>0x56</size>
         <input_file_ref idref="fl-c5"/>
      </object_component>
      <object_component id="oc-d2">
         <name>.debug_line</name>
         <load_address>0xbff</load_address>
         <run_address>0xbff</run_address>
         <size>0x3c</size>
         <input_file_ref idref="fl-c6"/>
      </object_component>
      <object_component id="oc-38">
         <name>.debug_line</name>
         <load_address>0xc3b</load_address>
         <run_address>0xc3b</run_address>
         <size>0x88</size>
         <input_file_ref idref="fl-c9"/>
      </object_component>
      <object_component id="oc-15d">
         <name>.debug_line</name>
         <load_address>0xcc3</load_address>
         <run_address>0xcc3</run_address>
         <size>0xb7</size>
         <input_file_ref idref="fl-cb"/>
      </object_component>
      <object_component id="oc-de">
         <name>.debug_line</name>
         <load_address>0xd7a</load_address>
         <run_address>0xd7a</run_address>
         <size>0x6c</size>
         <input_file_ref idref="fl-cb"/>
      </object_component>
      <object_component id="oc-161">
         <name>.debug_line</name>
         <load_address>0xde6</load_address>
         <run_address>0xde6</run_address>
         <size>0x2e</size>
         <input_file_ref idref="fl-cb"/>
      </object_component>
      <object_component id="oc-175">
         <name>.debug_line</name>
         <load_address>0xe14</load_address>
         <run_address>0xe14</run_address>
         <size>0x92</size>
         <input_file_ref idref="fl-cb"/>
      </object_component>
      <object_component id="oc-166">
         <name>.debug_line</name>
         <load_address>0xea6</load_address>
         <run_address>0xea6</run_address>
         <size>0x8f</size>
         <input_file_ref idref="fl-cb"/>
      </object_component>
      <object_component id="oc-16b">
         <name>.debug_line</name>
         <load_address>0xf35</load_address>
         <run_address>0xf35</run_address>
         <size>0x8b</size>
         <input_file_ref idref="fl-cb"/>
      </object_component>
      <object_component id="oc-94">
         <name>.debug_line</name>
         <load_address>0xfc0</load_address>
         <run_address>0xfc0</run_address>
         <size>0x40</size>
         <input_file_ref idref="fl-cc"/>
      </object_component>
      <object_component id="oc-14c">
         <name>.debug_abbrev</name>
         <load_address>0x0</load_address>
         <run_address>0x0</run_address>
         <size>0x71</size>
         <input_file_ref idref="fl-1"/>
      </object_component>
      <object_component id="oc-11c">
         <name>.debug_abbrev</name>
         <load_address>0x71</load_address>
         <run_address>0x71</run_address>
         <size>0xbd</size>
         <input_file_ref idref="fl-1"/>
      </object_component>
      <object_component id="oc-bb">
         <name>.debug_abbrev</name>
         <load_address>0x12e</load_address>
         <run_address>0x12e</run_address>
         <size>0x69</size>
         <input_file_ref idref="fl-1"/>
      </object_component>
      <object_component id="oc-121">
         <name>.debug_abbrev</name>
         <load_address>0x197</load_address>
         <run_address>0x197</run_address>
         <size>0x97</size>
         <input_file_ref idref="fl-1"/>
      </object_component>
      <object_component id="oc-31">
         <name>.debug_abbrev</name>
         <load_address>0x22e</load_address>
         <run_address>0x22e</run_address>
         <size>0x1f</size>
         <input_file_ref idref="fl-1"/>
      </object_component>
      <object_component id="oc-126">
         <name>.debug_abbrev</name>
         <load_address>0x24d</load_address>
         <run_address>0x24d</run_address>
         <size>0x5c</size>
         <input_file_ref idref="fl-1"/>
      </object_component>
      <object_component id="oc-112">
         <name>.debug_abbrev</name>
         <load_address>0x2a9</load_address>
         <run_address>0x2a9</run_address>
         <size>0x24</size>
         <input_file_ref idref="fl-1"/>
      </object_component>
      <object_component id="oc-115">
         <name>.debug_abbrev</name>
         <load_address>0x2cd</load_address>
         <run_address>0x2cd</run_address>
         <size>0x6c</size>
         <input_file_ref idref="fl-4"/>
      </object_component>
      <object_component id="oc-118">
         <name>.debug_abbrev</name>
         <load_address>0x339</load_address>
         <run_address>0x339</run_address>
         <size>0xd0</size>
         <input_file_ref idref="fl-5"/>
      </object_component>
      <object_component id="oc-116">
         <name>.debug_abbrev</name>
         <load_address>0x409</load_address>
         <run_address>0x409</run_address>
         <size>0x29</size>
         <input_file_ref idref="fl-5"/>
      </object_component>
      <object_component id="oc-b6">
         <name>.debug_abbrev</name>
         <load_address>0x432</load_address>
         <run_address>0x432</run_address>
         <size>0xb4</size>
         <input_file_ref idref="fl-5"/>
      </object_component>
      <object_component id="oc-b7">
         <name>.debug_abbrev</name>
         <load_address>0x4e6</load_address>
         <run_address>0x4e6</run_address>
         <size>0x7c</size>
         <input_file_ref idref="fl-7"/>
      </object_component>
      <object_component id="oc-70">
         <name>.debug_abbrev</name>
         <load_address>0x562</load_address>
         <run_address>0x562</run_address>
         <size>0x29</size>
         <input_file_ref idref="fl-7"/>
      </object_component>
      <object_component id="oc-a8">
         <name>.debug_abbrev</name>
         <load_address>0x58b</load_address>
         <run_address>0x58b</run_address>
         <size>0x89</size>
         <input_file_ref idref="fl-7"/>
      </object_component>
      <object_component id="oc-14a">
         <name>.debug_abbrev</name>
         <load_address>0x614</load_address>
         <run_address>0x614</run_address>
         <size>0x29</size>
         <input_file_ref idref="fl-8"/>
      </object_component>
      <object_component id="oc-10f">
         <name>.debug_abbrev</name>
         <load_address>0x63d</load_address>
         <run_address>0x63d</run_address>
         <size>0x8b</size>
         <input_file_ref idref="fl-8"/>
      </object_component>
      <object_component id="oc-ca">
         <name>.debug_abbrev</name>
         <load_address>0x6c8</load_address>
         <run_address>0x6c8</run_address>
         <size>0x73</size>
         <input_file_ref idref="fl-c2"/>
      </object_component>
      <object_component id="oc-83">
         <name>.debug_abbrev</name>
         <load_address>0x73b</load_address>
         <run_address>0x73b</run_address>
         <size>0x6f</size>
         <input_file_ref idref="fl-c2"/>
      </object_component>
      <object_component id="oc-86">
         <name>.debug_abbrev</name>
         <load_address>0x7aa</load_address>
         <run_address>0x7aa</run_address>
         <size>0x24</size>
         <input_file_ref idref="fl-c2"/>
      </object_component>
      <object_component id="oc-c7">
         <name>.debug_abbrev</name>
         <load_address>0x7ce</load_address>
         <run_address>0x7ce</run_address>
         <size>0x24</size>
         <input_file_ref idref="fl-c2"/>
      </object_component>
      <object_component id="oc-81">
         <name>.debug_abbrev</name>
         <load_address>0x7f2</load_address>
         <run_address>0x7f2</run_address>
         <size>0x37</size>
         <input_file_ref idref="fl-c3"/>
      </object_component>
      <object_component id="oc-39">
         <name>.debug_abbrev</name>
         <load_address>0x829</load_address>
         <run_address>0x829</run_address>
         <size>0x74</size>
         <input_file_ref idref="fl-c3"/>
      </object_component>
      <object_component id="oc-3c">
         <name>.debug_abbrev</name>
         <load_address>0x89d</load_address>
         <run_address>0x89d</run_address>
         <size>0x24</size>
         <input_file_ref idref="fl-c3"/>
      </object_component>
      <object_component id="oc-7e">
         <name>.debug_abbrev</name>
         <load_address>0x8c1</load_address>
         <run_address>0x8c1</run_address>
         <size>0x24</size>
         <input_file_ref idref="fl-c3"/>
      </object_component>
      <object_component id="oc-c3">
         <name>.debug_abbrev</name>
         <load_address>0x8e5</load_address>
         <run_address>0x8e5</run_address>
         <size>0x37</size>
         <input_file_ref idref="fl-c4"/>
      </object_component>
      <object_component id="oc-29">
         <name>.debug_abbrev</name>
         <load_address>0x91c</load_address>
         <run_address>0x91c</run_address>
         <size>0x6f</size>
         <input_file_ref idref="fl-c4"/>
      </object_component>
      <object_component id="oc-2c">
         <name>.debug_abbrev</name>
         <load_address>0x98b</load_address>
         <run_address>0x98b</run_address>
         <size>0x24</size>
         <input_file_ref idref="fl-c4"/>
      </object_component>
      <object_component id="oc-c0">
         <name>.debug_abbrev</name>
         <load_address>0x9af</load_address>
         <run_address>0x9af</run_address>
         <size>0x35</size>
         <input_file_ref idref="fl-c4"/>
      </object_component>
      <object_component id="oc-77">
         <name>.debug_abbrev</name>
         <load_address>0x9e4</load_address>
         <run_address>0x9e4</run_address>
         <size>0x24</size>
         <input_file_ref idref="fl-c4"/>
      </object_component>
      <object_component id="oc-73">
         <name>.debug_abbrev</name>
         <load_address>0xa08</load_address>
         <run_address>0xa08</run_address>
         <size>0x29</size>
         <input_file_ref idref="fl-c5"/>
      </object_component>
      <object_component id="oc-99">
         <name>.debug_abbrev</name>
         <load_address>0xa31</load_address>
         <run_address>0xa31</run_address>
         <size>0x61</size>
         <input_file_ref idref="fl-c5"/>
      </object_component>
      <object_component id="oc-12a">
         <name>.debug_abbrev</name>
         <load_address>0xa92</load_address>
         <run_address>0xa92</run_address>
         <size>0x45</size>
         <input_file_ref idref="fl-c6"/>
      </object_component>
      <object_component id="oc-7b">
         <name>.debug_abbrev</name>
         <load_address>0xad7</load_address>
         <run_address>0xad7</run_address>
         <size>0x3e</size>
         <input_file_ref idref="fl-c9"/>
      </object_component>
      <object_component id="oc-15c">
         <name>.debug_abbrev</name>
         <load_address>0xb15</load_address>
         <run_address>0xb15</run_address>
         <size>0xdb</size>
         <input_file_ref idref="fl-cb"/>
      </object_component>
      <object_component id="oc-134">
         <name>.debug_abbrev</name>
         <load_address>0xbf0</load_address>
         <run_address>0xbf0</run_address>
         <size>0x7e</size>
         <input_file_ref idref="fl-cb"/>
      </object_component>
      <object_component id="oc-160">
         <name>.debug_abbrev</name>
         <load_address>0xc6e</load_address>
         <run_address>0xc6e</run_address>
         <size>0x24</size>
         <input_file_ref idref="fl-cb"/>
      </object_component>
      <object_component id="oc-174">
         <name>.debug_abbrev</name>
         <load_address>0xc92</load_address>
         <run_address>0xc92</run_address>
         <size>0x24</size>
         <input_file_ref idref="fl-cb"/>
      </object_component>
      <object_component id="oc-165">
         <name>.debug_abbrev</name>
         <load_address>0xcb6</load_address>
         <run_address>0xcb6</run_address>
         <size>0x24</size>
         <input_file_ref idref="fl-cb"/>
      </object_component>
      <object_component id="oc-16a">
         <name>.debug_abbrev</name>
         <load_address>0xcda</load_address>
         <run_address>0xcda</run_address>
         <size>0x4b</size>
         <input_file_ref idref="fl-cb"/>
      </object_component>
      <object_component id="oc-cd">
         <name>.debug_abbrev</name>
         <load_address>0xd25</load_address>
         <run_address>0xd25</run_address>
         <size>0x55</size>
         <input_file_ref idref="fl-cc"/>
      </object_component>
      <object_component id="oc-1b1">
         <name>.debug_abbrev</name>
         <load_address>0xd7a</load_address>
         <run_address>0xd7a</run_address>
         <size>0xf</size>
      </object_component>
      <object_component id="oc-11e">
         <name>.debug_str</name>
         <load_address>0x0</load_address>
         <run_address>0x0</run_address>
         <size>0x15ca</size>
         <input_file_ref idref="fl-1"/>
      </object_component>
      <object_component id="oc-bd">
         <name>.debug_str</name>
         <load_address>0x15ca</load_address>
         <run_address>0x15ca</run_address>
         <size>0x2b1</size>
         <input_file_ref idref="fl-1"/>
      </object_component>
      <object_component id="oc-123">
         <name>.debug_str</name>
         <load_address>0x187b</load_address>
         <run_address>0x187b</run_address>
         <size>0x486</size>
         <input_file_ref idref="fl-1"/>
      </object_component>
      <object_component id="oc-33">
         <name>.debug_str</name>
         <load_address>0x1d01</load_address>
         <run_address>0x1d01</run_address>
         <size>0xfc</size>
         <input_file_ref idref="fl-1"/>
      </object_component>
      <object_component id="oc-128">
         <name>.debug_str</name>
         <load_address>0x1dfd</load_address>
         <run_address>0x1dfd</run_address>
         <size>0x340</size>
         <input_file_ref idref="fl-1"/>
      </object_component>
      <object_component id="oc-114">
         <name>.debug_str</name>
         <load_address>0x213d</load_address>
         <run_address>0x213d</run_address>
         <size>0x149</size>
         <input_file_ref idref="fl-1"/>
      </object_component>
      <object_component id="oc-88">
         <name>.debug_str</name>
         <load_address>0x2286</load_address>
         <run_address>0x2286</run_address>
         <size>0xfa</size>
         <input_file_ref idref="fl-c2"/>
      </object_component>
      <object_component id="oc-c9">
         <name>.debug_str</name>
         <load_address>0x2380</load_address>
         <run_address>0x2380</run_address>
         <size>0x12d</size>
         <input_file_ref idref="fl-c2"/>
      </object_component>
      <object_component id="oc-3e">
         <name>.debug_str</name>
         <load_address>0x24ad</load_address>
         <run_address>0x24ad</run_address>
         <size>0x100</size>
         <input_file_ref idref="fl-c3"/>
      </object_component>
      <object_component id="oc-80">
         <name>.debug_str</name>
         <load_address>0x25ad</load_address>
         <run_address>0x25ad</run_address>
         <size>0x12d</size>
         <input_file_ref idref="fl-c3"/>
      </object_component>
      <object_component id="oc-2e">
         <name>.debug_str</name>
         <load_address>0x26da</load_address>
         <run_address>0x26da</run_address>
         <size>0x10d</size>
         <input_file_ref idref="fl-c4"/>
      </object_component>
      <object_component id="oc-c2">
         <name>.debug_str</name>
         <load_address>0x27e7</load_address>
         <run_address>0x27e7</run_address>
         <size>0x158</size>
         <input_file_ref idref="fl-c4"/>
      </object_component>
      <object_component id="oc-79">
         <name>.debug_str</name>
         <load_address>0x293f</load_address>
         <run_address>0x293f</run_address>
         <size>0x145</size>
         <input_file_ref idref="fl-c4"/>
      </object_component>
      <object_component id="oc-162">
         <name>.debug_str</name>
         <load_address>0x2a84</load_address>
         <run_address>0x2a84</run_address>
         <size>0xe2</size>
         <input_file_ref idref="fl-cb"/>
      </object_component>
      <object_component id="oc-176">
         <name>.debug_str</name>
         <load_address>0x2b66</load_address>
         <run_address>0x2b66</run_address>
         <size>0x144</size>
         <input_file_ref idref="fl-cb"/>
      </object_component>
      <object_component id="oc-167">
         <name>.debug_str</name>
         <load_address>0x2caa</load_address>
         <run_address>0x2caa</run_address>
         <size>0x13d</size>
         <input_file_ref idref="fl-cb"/>
      </object_component>
      <object_component id="oc-16c">
         <name>.debug_str</name>
         <load_address>0x2de7</load_address>
         <run_address>0x2de7</run_address>
         <size>0x184</size>
         <input_file_ref idref="fl-cb"/>
      </object_component>
      <object_component id="oc-11b">
         <name>.debug_pubtypes</name>
         <load_address>0x0</load_address>
         <run_address>0x0</run_address>
         <size>0x2ce</size>
         <input_file_ref idref="fl-1"/>
      </object_component>
      <object_component id="oc-ba">
         <name>.debug_pubtypes</name>
         <load_address>0x2ce</load_address>
         <run_address>0x2ce</run_address>
         <size>0x25c</size>
         <input_file_ref idref="fl-1"/>
      </object_component>
      <object_component id="oc-120">
         <name>.debug_pubtypes</name>
         <load_address>0x52a</load_address>
         <run_address>0x52a</run_address>
         <size>0xdd</size>
         <input_file_ref idref="fl-1"/>
      </object_component>
      <object_component id="oc-30">
         <name>.debug_pubtypes</name>
         <load_address>0x607</load_address>
         <run_address>0x607</run_address>
         <size>0xed</size>
         <input_file_ref idref="fl-1"/>
      </object_component>
      <object_component id="oc-125">
         <name>.debug_pubtypes</name>
         <load_address>0x6f4</load_address>
         <run_address>0x6f4</run_address>
         <size>0x325</size>
         <input_file_ref idref="fl-1"/>
      </object_component>
      <object_component id="oc-111">
         <name>.debug_pubtypes</name>
         <load_address>0xa19</load_address>
         <run_address>0xa19</run_address>
         <size>0xaa</size>
         <input_file_ref idref="fl-1"/>
      </object_component>
      <object_component id="oc-85">
         <name>.debug_pubtypes</name>
         <load_address>0xac3</load_address>
         <run_address>0xac3</run_address>
         <size>0x48</size>
         <input_file_ref idref="fl-c2"/>
      </object_component>
      <object_component id="oc-c6">
         <name>.debug_pubtypes</name>
         <load_address>0xb0b</load_address>
         <run_address>0xb0b</run_address>
         <size>0x1d</size>
         <input_file_ref idref="fl-c2"/>
      </object_component>
      <object_component id="oc-3b">
         <name>.debug_pubtypes</name>
         <load_address>0xb28</load_address>
         <run_address>0xb28</run_address>
         <size>0x48</size>
         <input_file_ref idref="fl-c3"/>
      </object_component>
      <object_component id="oc-7d">
         <name>.debug_pubtypes</name>
         <load_address>0xb70</load_address>
         <run_address>0xb70</run_address>
         <size>0x1d</size>
         <input_file_ref idref="fl-c3"/>
      </object_component>
      <object_component id="oc-2b">
         <name>.debug_pubtypes</name>
         <load_address>0xb8d</load_address>
         <run_address>0xb8d</run_address>
         <size>0x5d</size>
         <input_file_ref idref="fl-c4"/>
      </object_component>
      <object_component id="oc-bf">
         <name>.debug_pubtypes</name>
         <load_address>0xbea</load_address>
         <run_address>0xbea</run_address>
         <size>0x48</size>
         <input_file_ref idref="fl-c4"/>
      </object_component>
      <object_component id="oc-76">
         <name>.debug_pubtypes</name>
         <load_address>0xc32</load_address>
         <run_address>0xc32</run_address>
         <size>0x35</size>
         <input_file_ref idref="fl-c4"/>
      </object_component>
      <object_component id="oc-15f">
         <name>.debug_pubtypes</name>
         <load_address>0xc67</load_address>
         <run_address>0xc67</run_address>
         <size>0x32</size>
         <input_file_ref idref="fl-cb"/>
      </object_component>
      <object_component id="oc-173">
         <name>.debug_pubtypes</name>
         <load_address>0xc99</load_address>
         <run_address>0xc99</run_address>
         <size>0x30</size>
         <input_file_ref idref="fl-cb"/>
      </object_component>
      <object_component id="oc-164">
         <name>.debug_pubtypes</name>
         <load_address>0xcc9</load_address>
         <run_address>0xcc9</run_address>
         <size>0x2c</size>
         <input_file_ref idref="fl-cb"/>
      </object_component>
      <object_component id="oc-169">
         <name>.debug_pubtypes</name>
         <load_address>0xcf5</load_address>
         <run_address>0xcf5</run_address>
         <size>0x50</size>
         <input_file_ref idref="fl-cb"/>
      </object_component>
      <object_component id="oc-ae">
         <name>.debug_frame</name>
         <load_address>0x0</load_address>
         <run_address>0x0</run_address>
         <size>0x58</size>
         <input_file_ref idref="fl-4"/>
      </object_component>
      <object_component id="oc-6f">
         <name>.debug_frame</name>
         <load_address>0x58</load_address>
         <run_address>0x58</run_address>
         <size>0x90</size>
         <input_file_ref idref="fl-5"/>
      </object_component>
      <object_component id="oc-69">
         <name>.debug_frame</name>
         <load_address>0xe8</load_address>
         <run_address>0xe8</run_address>
         <size>0x6c</size>
         <input_file_ref idref="fl-7"/>
      </object_component>
      <object_component id="oc-a7">
         <name>.debug_frame</name>
         <load_address>0x154</load_address>
         <run_address>0x154</run_address>
         <size>0x70</size>
         <input_file_ref idref="fl-8"/>
      </object_component>
      <object_component id="oc-45">
         <name>.debug_frame</name>
         <load_address>0x1c4</load_address>
         <run_address>0x1c4</run_address>
         <size>0x54</size>
         <input_file_ref idref="fl-c2"/>
      </object_component>
      <object_component id="oc-1f">
         <name>.debug_frame</name>
         <load_address>0x218</load_address>
         <run_address>0x218</run_address>
         <size>0x54</size>
         <input_file_ref idref="fl-c3"/>
      </object_component>
      <object_component id="oc-19">
         <name>.debug_frame</name>
         <load_address>0x26c</load_address>
         <run_address>0x26c</run_address>
         <size>0x60</size>
         <input_file_ref idref="fl-c4"/>
      </object_component>
      <object_component id="oc-57">
         <name>.debug_frame</name>
         <load_address>0x2cc</load_address>
         <run_address>0x2cc</run_address>
         <size>0x58</size>
         <input_file_ref idref="fl-c5"/>
      </object_component>
      <object_component id="oc-d3">
         <name>.debug_frame</name>
         <load_address>0x324</load_address>
         <run_address>0x324</run_address>
         <size>0x54</size>
         <input_file_ref idref="fl-c6"/>
      </object_component>
      <object_component id="oc-df">
         <name>.debug_frame</name>
         <load_address>0x378</load_address>
         <run_address>0x378</run_address>
         <size>0x5c</size>
         <input_file_ref idref="fl-cb"/>
      </object_component>
      <object_component id="oc-95">
         <name>.debug_frame</name>
         <load_address>0x3d4</load_address>
         <run_address>0x3d4</run_address>
         <size>0x54</size>
         <input_file_ref idref="fl-cc"/>
      </object_component>
      <object_component id="oc-ab">
         <name>.debug_aranges</name>
         <load_address>0x0</load_address>
         <run_address>0x0</run_address>
         <size>0x20</size>
         <input_file_ref idref="fl-4"/>
      </object_component>
      <object_component id="oc-6c">
         <name>.debug_aranges</name>
         <load_address>0x20</load_address>
         <run_address>0x20</run_address>
         <size>0x30</size>
         <input_file_ref idref="fl-5"/>
      </object_component>
      <object_component id="oc-66">
         <name>.debug_aranges</name>
         <load_address>0x50</load_address>
         <run_address>0x50</run_address>
         <size>0x28</size>
         <input_file_ref idref="fl-7"/>
      </object_component>
      <object_component id="oc-a4">
         <name>.debug_aranges</name>
         <load_address>0x78</load_address>
         <run_address>0x78</run_address>
         <size>0x28</size>
         <input_file_ref idref="fl-8"/>
      </object_component>
      <object_component id="oc-42">
         <name>.debug_aranges</name>
         <load_address>0xa0</load_address>
         <run_address>0xa0</run_address>
         <size>0x20</size>
         <input_file_ref idref="fl-c2"/>
      </object_component>
      <object_component id="oc-1c">
         <name>.debug_aranges</name>
         <load_address>0xc0</load_address>
         <run_address>0xc0</run_address>
         <size>0x20</size>
         <input_file_ref idref="fl-c3"/>
      </object_component>
      <object_component id="oc-16">
         <name>.debug_aranges</name>
         <load_address>0xe0</load_address>
         <run_address>0xe0</run_address>
         <size>0x20</size>
         <input_file_ref idref="fl-c4"/>
      </object_component>
      <object_component id="oc-54">
         <name>.debug_aranges</name>
         <load_address>0x100</load_address>
         <run_address>0x100</run_address>
         <size>0x20</size>
         <input_file_ref idref="fl-c5"/>
      </object_component>
      <object_component id="oc-d0">
         <name>.debug_aranges</name>
         <load_address>0x120</load_address>
         <run_address>0x120</run_address>
         <size>0x20</size>
         <input_file_ref idref="fl-c6"/>
      </object_component>
      <object_component id="oc-36">
         <name>.debug_aranges</name>
         <load_address>0x140</load_address>
         <run_address>0x140</run_address>
         <size>0x20</size>
         <input_file_ref idref="fl-c9"/>
      </object_component>
      <object_component id="oc-dc">
         <name>.debug_aranges</name>
         <load_address>0x160</load_address>
         <run_address>0x160</run_address>
         <size>0x20</size>
         <input_file_ref idref="fl-cb"/>
      </object_component>
      <object_component id="oc-92">
         <name>.debug_aranges</name>
         <load_address>0x180</load_address>
         <run_address>0x180</run_address>
         <size>0x20</size>
         <input_file_ref idref="fl-cc"/>
      </object_component>
      <object_component id="oc-ac">
         <name>.debug_pubnames</name>
         <load_address>0x0</load_address>
         <run_address>0x0</run_address>
         <size>0x20</size>
         <input_file_ref idref="fl-4"/>
      </object_component>
      <object_component id="oc-b4">
         <name>.debug_pubnames</name>
         <load_address>0x20</load_address>
         <run_address>0x20</run_address>
         <size>0x2a</size>
         <input_file_ref idref="fl-5"/>
      </object_component>
      <object_component id="oc-b1">
         <name>.debug_pubnames</name>
         <load_address>0x4a</load_address>
         <run_address>0x4a</run_address>
         <size>0x1b</size>
         <input_file_ref idref="fl-5"/>
      </object_component>
      <object_component id="oc-6d">
         <name>.debug_pubnames</name>
         <load_address>0x65</load_address>
         <run_address>0x65</run_address>
         <size>0x41</size>
         <input_file_ref idref="fl-5"/>
      </object_component>
      <object_component id="oc-25">
         <name>.debug_pubnames</name>
         <load_address>0xa6</load_address>
         <run_address>0xa6</run_address>
         <size>0x27</size>
         <input_file_ref idref="fl-7"/>
      </object_component>
      <object_component id="oc-67">
         <name>.debug_pubnames</name>
         <load_address>0xcd</load_address>
         <run_address>0xcd</run_address>
         <size>0x38</size>
         <input_file_ref idref="fl-7"/>
      </object_component>
      <object_component id="oc-10e">
         <name>.debug_pubnames</name>
         <load_address>0x105</load_address>
         <run_address>0x105</run_address>
         <size>0x26</size>
         <input_file_ref idref="fl-8"/>
      </object_component>
      <object_component id="oc-a5">
         <name>.debug_pubnames</name>
         <load_address>0x12b</load_address>
         <run_address>0x12b</run_address>
         <size>0x3b</size>
         <input_file_ref idref="fl-8"/>
      </object_component>
      <object_component id="oc-43">
         <name>.debug_pubnames</name>
         <load_address>0x166</load_address>
         <run_address>0x166</run_address>
         <size>0x2e</size>
         <input_file_ref idref="fl-c2"/>
      </object_component>
      <object_component id="oc-1d">
         <name>.debug_pubnames</name>
         <load_address>0x194</load_address>
         <run_address>0x194</run_address>
         <size>0x2b</size>
         <input_file_ref idref="fl-c3"/>
      </object_component>
      <object_component id="oc-17">
         <name>.debug_pubnames</name>
         <load_address>0x1bf</load_address>
         <run_address>0x1bf</run_address>
         <size>0x2b</size>
         <input_file_ref idref="fl-c4"/>
      </object_component>
      <object_component id="oc-28">
         <name>.debug_pubnames</name>
         <load_address>0x1ea</load_address>
         <run_address>0x1ea</run_address>
         <size>0x1e</size>
         <input_file_ref idref="fl-c5"/>
      </object_component>
      <object_component id="oc-55">
         <name>.debug_pubnames</name>
         <load_address>0x208</load_address>
         <run_address>0x208</run_address>
         <size>0x26</size>
         <input_file_ref idref="fl-c5"/>
      </object_component>
      <object_component id="oc-d1">
         <name>.debug_pubnames</name>
         <load_address>0x22e</load_address>
         <run_address>0x22e</run_address>
         <size>0x1c</size>
         <input_file_ref idref="fl-c6"/>
      </object_component>
      <object_component id="oc-37">
         <name>.debug_pubnames</name>
         <load_address>0x24a</load_address>
         <run_address>0x24a</run_address>
         <size>0x1d</size>
         <input_file_ref idref="fl-c9"/>
      </object_component>
      <object_component id="oc-dd">
         <name>.debug_pubnames</name>
         <load_address>0x267</load_address>
         <run_address>0x267</run_address>
         <size>0x35</size>
         <input_file_ref idref="fl-cb"/>
      </object_component>
      <object_component id="oc-93">
         <name>.debug_pubnames</name>
         <load_address>0x29c</load_address>
         <run_address>0x29c</run_address>
         <size>0x27</size>
         <input_file_ref idref="fl-cc"/>
      </object_component>
   </object_component_list>
   <logical_group_list>
      <logical_group id="lg-3" display="no" color="cyan">
         <name>.intvecs</name>
         <load_address>0x0</load_address>
         <run_address>0x0</run_address>
         <size>0xe4</size>
         <contents>
            <object_component_ref idref="oc-23"/>
         </contents>
      </logical_group>
      <logical_group id="lg-4" display="no" color="cyan">
         <name>.text</name>
         <load_address>0xe4</load_address>
         <run_address>0xe4</run_address>
         <size>0x6c6</size>
         <contents>
            <object_component_ref idref="oc-a2"/>
            <object_component_ref idref="oc-6a"/>
            <object_component_ref idref="oc-34"/>
            <object_component_ref idref="oc-14"/>
            <object_component_ref idref="oc-a9"/>
            <object_component_ref idref="oc-da"/>
            <object_component_ref idref="oc-52"/>
            <object_component_ref idref="oc-40"/>
            <object_component_ref idref="oc-1a"/>
            <object_component_ref idref="oc-64"/>
            <object_component_ref idref="oc-90"/>
            <object_component_ref idref="oc-ce"/>
         </contents>
      </logical_group>
      <logical_group id="lg-5" display="no" color="cyan">
         <name>.const</name>
         <run_address>0x0</run_address>
         <size>0x0</size>
         <contents>
         </contents>
      </logical_group>
      <logical_group id="lg-6" display="no" color="cyan">
         <name>.cinit</name>
         <load_address>0x7b0</load_address>
         <run_address>0x7b0</run_address>
         <size>0x30</size>
         <contents>
            <object_component_ref idref="oc-1ab"/>
            <object_component_ref idref="oc-1ad"/>
            <object_component_ref idref="oc-1ae"/>
            <object_component_ref idref="oc-1ac"/>
         </contents>
      </logical_group>
      <logical_group id="lg-7" display="no" color="cyan">
         <name>.pinit</name>
         <run_address>0x0</run_address>
         <size>0x0</size>
         <contents>
         </contents>
      </logical_group>
      <logical_group id="lg-8" display="no" color="cyan">
         <name>.init_array</name>
         <run_address>0x0</run_address>
         <size>0x0</size>
         <contents>
         </contents>
      </logical_group>
      <logical_group id="lg-9" display="no" color="cyan">
         <name>.binit</name>
         <load_address>0x0</load_address>
         <run_address>0x0</run_address>
         <size>0x0</size>
         <contents>
            <object_component_ref idref="oc-180"/>
         </contents>
      </logical_group>
      <logical_group id="lg-a" display="no" color="cyan">
         <name>.flashMailbox</name>
         <run_address>0x0</run_address>
         <size>0x0</size>
         <contents>
         </contents>
      </logical_group>
      <logical_group id="lg-b" display="no" color="cyan">
         <name>.tlvTable</name>
         <run_address>0x0</run_address>
         <size>0x0</size>
         <contents>
         </contents>
      </logical_group>
      <logical_group id="lg-c" display="no" color="cyan">
         <name>.bslArea</name>
         <run_address>0x0</run_address>
         <size>0x0</size>
         <contents>
         </contents>
      </logical_group>
      <logical_group id="lg-d" display="no" color="cyan">
         <name>.vtable</name>
         <run_address>0x0</run_address>
         <size>0x0</size>
         <contents>
         </contents>
      </logical_group>
      <logical_group id="lg-e" display="no" color="cyan">
         <name>.data</name>
         <run_address>0x20000008</run_address>
         <size>0x8</size>
         <contents>
            <object_component_ref idref="oc-af"/>
            <object_component_ref idref="oc-10c"/>
         </contents>
      </logical_group>
      <logical_group id="lg-f" display="no" color="cyan">
         <name>.bss</name>
         <run_address>0x20000000</run_address>
         <size>0x8</size>
         <contents>
            <object_component_ref idref="oc-b5"/>
            <object_component_ref idref="oc-b2"/>
         </contents>
      </logical_group>
      <logical_group id="lg-10" display="no" color="cyan">
         <name>.sysmem</name>
         <run_address>0x0</run_address>
         <size>0x0</size>
         <contents>
         </contents>
      </logical_group>
      <logical_group id="lg-11" display="no" color="cyan">
         <name>.stack</name>
         <run_address>0x2000fe00</run_address>
         <size>0x200</size>
         <contents>
            <object_component_ref idref="oc-26"/>
            <object_component_ref idref="oc-1af"/>
         </contents>
      </logical_group>
      <logical_group id="lg-12" display="no" color="cyan">
         <name>.TI.ramfunc</name>
         <run_address>0x0</run_address>
         <size>0x0</size>
         <contents>
         </contents>
      </logical_group>
      <logical_group id="lg-17e" display="no" color="cyan">
         <name>.TI.noinit</name>
         <run_address>0x0</run_address>
         <size>0x0</size>
         <contents>
         </contents>
      </logical_group>
      <logical_group id="lg-17f" display="no" color="cyan">
         <name>.TI.persistent</name>
         <run_address>0x0</run_address>
         <size>0x0</size>
         <contents>
         </contents>
      </logical_group>
      <logical_group id="lg-193" display="never" color="cyan">
         <name>.debug_info</name>
         <load_address>0x0</load_address>
         <run_address>0x0</run_address>
         <size>0x8513</size>
         <contents>
            <object_component_ref idref="oc-129"/>
            <object_component_ref idref="oc-11a"/>
            <object_component_ref idref="oc-b9"/>
            <object_component_ref idref="oc-11f"/>
            <object_component_ref idref="oc-2f"/>
            <object_component_ref idref="oc-124"/>
            <object_component_ref idref="oc-110"/>
            <object_component_ref idref="oc-aa"/>
            <object_component_ref idref="oc-b3"/>
            <object_component_ref idref="oc-b0"/>
            <object_component_ref idref="oc-6b"/>
            <object_component_ref idref="oc-72"/>
            <object_component_ref idref="oc-24"/>
            <object_component_ref idref="oc-65"/>
            <object_component_ref idref="oc-10d"/>
            <object_component_ref idref="oc-a3"/>
            <object_component_ref idref="oc-89"/>
            <object_component_ref idref="oc-41"/>
            <object_component_ref idref="oc-84"/>
            <object_component_ref idref="oc-c5"/>
            <object_component_ref idref="oc-3f"/>
            <object_component_ref idref="oc-1b"/>
            <object_component_ref idref="oc-3a"/>
            <object_component_ref idref="oc-7c"/>
            <object_component_ref idref="oc-7a"/>
            <object_component_ref idref="oc-15"/>
            <object_component_ref idref="oc-2a"/>
            <object_component_ref idref="oc-be"/>
            <object_component_ref idref="oc-75"/>
            <object_component_ref idref="oc-27"/>
            <object_component_ref idref="oc-53"/>
            <object_component_ref idref="oc-cf"/>
            <object_component_ref idref="oc-35"/>
            <object_component_ref idref="oc-135"/>
            <object_component_ref idref="oc-db"/>
            <object_component_ref idref="oc-15e"/>
            <object_component_ref idref="oc-172"/>
            <object_component_ref idref="oc-163"/>
            <object_component_ref idref="oc-168"/>
            <object_component_ref idref="oc-91"/>
            <object_component_ref idref="oc-1b0"/>
         </contents>
      </logical_group>
      <logical_group id="lg-195" display="never" color="cyan">
         <name>.debug_line</name>
         <load_address>0x0</load_address>
         <run_address>0x0</run_address>
         <size>0x1000</size>
         <contents>
            <object_component_ref idref="oc-14d"/>
            <object_component_ref idref="oc-11d"/>
            <object_component_ref idref="oc-bc"/>
            <object_component_ref idref="oc-122"/>
            <object_component_ref idref="oc-32"/>
            <object_component_ref idref="oc-127"/>
            <object_component_ref idref="oc-113"/>
            <object_component_ref idref="oc-ad"/>
            <object_component_ref idref="oc-119"/>
            <object_component_ref idref="oc-117"/>
            <object_component_ref idref="oc-6e"/>
            <object_component_ref idref="oc-b8"/>
            <object_component_ref idref="oc-71"/>
            <object_component_ref idref="oc-68"/>
            <object_component_ref idref="oc-14b"/>
            <object_component_ref idref="oc-a6"/>
            <object_component_ref idref="oc-cb"/>
            <object_component_ref idref="oc-44"/>
            <object_component_ref idref="oc-87"/>
            <object_component_ref idref="oc-c8"/>
            <object_component_ref idref="oc-82"/>
            <object_component_ref idref="oc-1e"/>
            <object_component_ref idref="oc-3d"/>
            <object_component_ref idref="oc-7f"/>
            <object_component_ref idref="oc-c4"/>
            <object_component_ref idref="oc-18"/>
            <object_component_ref idref="oc-2d"/>
            <object_component_ref idref="oc-c1"/>
            <object_component_ref idref="oc-78"/>
            <object_component_ref idref="oc-74"/>
            <object_component_ref idref="oc-56"/>
            <object_component_ref idref="oc-d2"/>
            <object_component_ref idref="oc-38"/>
            <object_component_ref idref="oc-15d"/>
            <object_component_ref idref="oc-de"/>
            <object_component_ref idref="oc-161"/>
            <object_component_ref idref="oc-175"/>
            <object_component_ref idref="oc-166"/>
            <object_component_ref idref="oc-16b"/>
            <object_component_ref idref="oc-94"/>
         </contents>
      </logical_group>
      <logical_group id="lg-197" display="never" color="cyan">
         <name>.debug_abbrev</name>
         <load_address>0x0</load_address>
         <run_address>0x0</run_address>
         <size>0xd89</size>
         <contents>
            <object_component_ref idref="oc-14c"/>
            <object_component_ref idref="oc-11c"/>
            <object_component_ref idref="oc-bb"/>
            <object_component_ref idref="oc-121"/>
            <object_component_ref idref="oc-31"/>
            <object_component_ref idref="oc-126"/>
            <object_component_ref idref="oc-112"/>
            <object_component_ref idref="oc-115"/>
            <object_component_ref idref="oc-118"/>
            <object_component_ref idref="oc-116"/>
            <object_component_ref idref="oc-b6"/>
            <object_component_ref idref="oc-b7"/>
            <object_component_ref idref="oc-70"/>
            <object_component_ref idref="oc-a8"/>
            <object_component_ref idref="oc-14a"/>
            <object_component_ref idref="oc-10f"/>
            <object_component_ref idref="oc-ca"/>
            <object_component_ref idref="oc-83"/>
            <object_component_ref idref="oc-86"/>
            <object_component_ref idref="oc-c7"/>
            <object_component_ref idref="oc-81"/>
            <object_component_ref idref="oc-39"/>
            <object_component_ref idref="oc-3c"/>
            <object_component_ref idref="oc-7e"/>
            <object_component_ref idref="oc-c3"/>
            <object_component_ref idref="oc-29"/>
            <object_component_ref idref="oc-2c"/>
            <object_component_ref idref="oc-c0"/>
            <object_component_ref idref="oc-77"/>
            <object_component_ref idref="oc-73"/>
            <object_component_ref idref="oc-99"/>
            <object_component_ref idref="oc-12a"/>
            <object_component_ref idref="oc-7b"/>
            <object_component_ref idref="oc-15c"/>
            <object_component_ref idref="oc-134"/>
            <object_component_ref idref="oc-160"/>
            <object_component_ref idref="oc-174"/>
            <object_component_ref idref="oc-165"/>
            <object_component_ref idref="oc-16a"/>
            <object_component_ref idref="oc-cd"/>
            <object_component_ref idref="oc-1b1"/>
         </contents>
      </logical_group>
      <logical_group id="lg-199" display="never" color="cyan">
         <name>.debug_str</name>
         <load_address>0x0</load_address>
         <run_address>0x0</run_address>
         <size>0x2f6b</size>
         <contents>
            <object_component_ref idref="oc-11e"/>
            <object_component_ref idref="oc-bd"/>
            <object_component_ref idref="oc-123"/>
            <object_component_ref idref="oc-33"/>
            <object_component_ref idref="oc-128"/>
            <object_component_ref idref="oc-114"/>
            <object_component_ref idref="oc-88"/>
            <object_component_ref idref="oc-c9"/>
            <object_component_ref idref="oc-3e"/>
            <object_component_ref idref="oc-80"/>
            <object_component_ref idref="oc-2e"/>
            <object_component_ref idref="oc-c2"/>
            <object_component_ref idref="oc-79"/>
            <object_component_ref idref="oc-162"/>
            <object_component_ref idref="oc-176"/>
            <object_component_ref idref="oc-167"/>
            <object_component_ref idref="oc-16c"/>
         </contents>
      </logical_group>
      <logical_group id="lg-19b" display="never" color="cyan">
         <name>.debug_pubtypes</name>
         <load_address>0x0</load_address>
         <run_address>0x0</run_address>
         <size>0xd45</size>
         <contents>
            <object_component_ref idref="oc-11b"/>
            <object_component_ref idref="oc-ba"/>
            <object_component_ref idref="oc-120"/>
            <object_component_ref idref="oc-30"/>
            <object_component_ref idref="oc-125"/>
            <object_component_ref idref="oc-111"/>
            <object_component_ref idref="oc-85"/>
            <object_component_ref idref="oc-c6"/>
            <object_component_ref idref="oc-3b"/>
            <object_component_ref idref="oc-7d"/>
            <object_component_ref idref="oc-2b"/>
            <object_component_ref idref="oc-bf"/>
            <object_component_ref idref="oc-76"/>
            <object_component_ref idref="oc-15f"/>
            <object_component_ref idref="oc-173"/>
            <object_component_ref idref="oc-164"/>
            <object_component_ref idref="oc-169"/>
         </contents>
      </logical_group>
      <logical_group id="lg-19d" display="never" color="cyan">
         <name>.debug_frame</name>
         <load_address>0x0</load_address>
         <run_address>0x0</run_address>
         <size>0x428</size>
         <contents>
            <object_component_ref idref="oc-ae"/>
            <object_component_ref idref="oc-6f"/>
            <object_component_ref idref="oc-69"/>
            <object_component_ref idref="oc-a7"/>
            <object_component_ref idref="oc-45"/>
            <object_component_ref idref="oc-1f"/>
            <object_component_ref idref="oc-19"/>
            <object_component_ref idref="oc-57"/>
            <object_component_ref idref="oc-d3"/>
            <object_component_ref idref="oc-df"/>
            <object_component_ref idref="oc-95"/>
         </contents>
      </logical_group>
      <logical_group id="lg-19f" display="never" color="cyan">
         <name>.debug_aranges</name>
         <load_address>0x0</load_address>
         <run_address>0x0</run_address>
         <size>0x1a0</size>
         <contents>
            <object_component_ref idref="oc-ab"/>
            <object_component_ref idref="oc-6c"/>
            <object_component_ref idref="oc-66"/>
            <object_component_ref idref="oc-a4"/>
            <object_component_ref idref="oc-42"/>
            <object_component_ref idref="oc-1c"/>
            <object_component_ref idref="oc-16"/>
            <object_component_ref idref="oc-54"/>
            <object_component_ref idref="oc-d0"/>
            <object_component_ref idref="oc-36"/>
            <object_component_ref idref="oc-dc"/>
            <object_component_ref idref="oc-92"/>
         </contents>
      </logical_group>
      <logical_group id="lg-1a1" display="never" color="cyan">
         <name>.debug_pubnames</name>
         <load_address>0x0</load_address>
         <run_address>0x0</run_address>
         <size>0x2c3</size>
         <contents>
            <object_component_ref idref="oc-ac"/>
            <object_component_ref idref="oc-b4"/>
            <object_component_ref idref="oc-b1"/>
            <object_component_ref idref="oc-6d"/>
            <object_component_ref idref="oc-25"/>
            <object_component_ref idref="oc-67"/>
            <object_component_ref idref="oc-10e"/>
            <object_component_ref idref="oc-a5"/>
            <object_component_ref idref="oc-43"/>
            <object_component_ref idref="oc-1d"/>
            <object_component_ref idref="oc-17"/>
            <object_component_ref idref="oc-28"/>
            <object_component_ref idref="oc-55"/>
            <object_component_ref idref="oc-d1"/>
            <object_component_ref idref="oc-37"/>
            <object_component_ref idref="oc-dd"/>
            <object_component_ref idref="oc-93"/>
         </contents>
      </logical_group>
      <load_segment id="lg-1b3" display="no" color="cyan">
         <name>SEGMENT_0</name>
         <load_address>0x0</load_address>
         <run_address>0x0</run_address>
         <size>0x7e0</size>
         <flags>0x5</flags>
         <contents>
            <logical_group_ref idref="lg-3"/>
            <logical_group_ref idref="lg-4"/>
            <logical_group_ref idref="lg-6"/>
         </contents>
      </load_segment>
      <load_segment id="lg-1b4" display="no" color="cyan">
         <name>SEGMENT_1</name>
         <run_address>0x20000000</run_address>
         <size>0x10</size>
         <flags>0x6</flags>
         <contents>
            <logical_group_ref idref="lg-f"/>
            <logical_group_ref idref="lg-e"/>
         </contents>
      </load_segment>
      <load_segment id="lg-1b5" display="no" color="cyan">
         <name>SEGMENT_2</name>
         <run_address>0x2000fe00</run_address>
         <size>0x200</size>
         <flags>0x6</flags>
         <contents>
            <logical_group_ref idref="lg-11"/>
         </contents>
      </load_segment>
   </logical_group_list>
   <placement_map>
      <memory_area display="yes" color="green">
         <name>MAIN</name>
         <page_id>0x0</page_id>
         <origin>0x0</origin>
         <length>0x40000</length>
         <used_space>0x7da</used_space>
         <unused_space>0x3f826</unused_space>
         <attributes>RX</attributes>
         <usage_details>
            <allocated_space>
               <start_address>0x0</start_address>
               <size>0x0</size>
               <logical_group_ref idref="lg-9"/>
            </allocated_space>
            <allocated_space>
               <start_address>0x0</start_address>
               <size>0xe4</size>
               <logical_group_ref idref="lg-3"/>
            </allocated_space>
            <allocated_space>
               <start_address>0xe4</start_address>
               <size>0x6c6</size>
               <logical_group_ref idref="lg-4"/>
            </allocated_space>
            <available_space>
               <start_address>0x7aa</start_address>
               <size>0x6</size>
            </available_space>
            <allocated_space>
               <start_address>0x7b0</start_address>
               <size>0x30</size>
               <logical_group_ref idref="lg-6"/>
            </allocated_space>
            <available_space>
               <start_address>0x7e0</start_address>
               <size>0x3f820</size>
            </available_space>
         </usage_details>
      </memory_area>
      <memory_area display="yes" color="green">
         <name>INFO</name>
         <page_id>0x0</page_id>
         <origin>0x200000</origin>
         <length>0x4000</length>
         <used_space>0x0</used_space>
         <unused_space>0x4000</unused_space>
         <attributes>RX</attributes>
         <usage_details>
         </usage_details>
      </memory_area>
      <memory_area display="yes" color="green">
         <name>SRAM_CODE</name>
         <page_id>0x0</page_id>
         <origin>0x1000000</origin>
         <length>0x10000</length>
         <used_space>0x210</used_space>
         <unused_space>0xfdf0</unused_space>
         <attributes>RWX</attributes>
         <usage_details>
            <allocated_space>
               <start_address>0x1000000</start_address>
               <size>0x8</size>
               <logical_group_ref idref="lg-f"/>
            </allocated_space>
            <allocated_space>
               <start_address>0x1000008</start_address>
               <size>0x8</size>
               <logical_group_ref idref="lg-e"/>
            </allocated_space>
            <available_space>
               <start_address>0x1000010</start_address>
               <size>0xfdf0</size>
            </available_space>
            <allocated_space>
               <start_address>0x100fe00</start_address>
               <size>0x200</size>
               <logical_group_ref idref="lg-11"/>
            </allocated_space>
         </usage_details>
      </memory_area>
      <memory_area display="yes" color="green">
         <name>SRAM_DATA</name>
         <page_id>0x0</page_id>
         <origin>0x20000000</origin>
         <length>0x10000</length>
         <used_space>0x210</used_space>
         <unused_space>0xfdf0</unused_space>
         <attributes>RW</attributes>
         <usage_details>
            <allocated_space>
               <start_address>0x20000000</start_address>
               <size>0x8</size>
               <logical_group_ref idref="lg-f"/>
            </allocated_space>
            <allocated_space>
               <start_address>0x20000008</start_address>
               <size>0x8</size>
               <logical_group_ref idref="lg-e"/>
            </allocated_space>
            <available_space>
               <start_address>0x20000010</start_address>
               <size>0xfdf0</size>
            </available_space>
            <allocated_space>
               <start_address>0x2000fe00</start_address>
               <size>0x200</size>
               <logical_group_ref idref="lg-11"/>
            </allocated_space>
         </usage_details>
      </memory_area>
   </placement_map>
   <cptbl_list>
      <cptbl>
         <name>__TI_cinit_table</name>
         <cprec>
            <name>.data</name>
            <load_address>0x7bc</load_address>
            <load_size>0xb</load_size>
            <run_address>0x20000008</run_address>
            <run_size>0x8</run_size>
            <compression>lzss</compression>
         </cprec>
         <cprec>
            <name>.bss</name>
            <load_address>0x7c8</load_address>
            <load_size>0x8</load_size>
            <run_address>0x20000000</run_address>
            <run_size>0x8</run_size>
            <compression>zero_init</compression>
         </cprec>
      </cptbl>
   </cptbl_list>
   <handler_table>
      <handler_table_name>__TI_handler_table</handler_table_name>
      <handler>
         <index>0x0</index>
         <name>__TI_decompress_lzss</name>
      </handler>
      <handler>
         <index>0x1</index>
         <name>__TI_decompress_none</name>
      </handler>
      <handler>
         <index>0x2</index>
         <name>__TI_zero_init</name>
      </handler>
   </handler_table>
   <symbol_table>
      <symbol id="sm-1">
         <name>WDTCTL_SYM</name>
         <value>0x4000480c</value>
      </symbol>
      <symbol id="sm-2">
         <name>__TI_CINIT_Base</name>
         <value>0x7d0</value>
      </symbol>
      <symbol id="sm-3">
         <name>__TI_CINIT_Limit</name>
         <value>0x7e0</value>
      </symbol>
      <symbol id="sm-4">
         <name>__TI_Handler_Table_Base</name>
         <value>0x7b0</value>
      </symbol>
      <symbol id="sm-5">
         <name>__TI_Handler_Table_Limit</name>
         <value>0x7bc</value>
      </symbol>
      <symbol id="sm-6">
         <name>binit</name>
         <value>0xffffffff</value>
      </symbol>
      <symbol id="sm-7">
         <name>__binit__</name>
         <value>0xffffffff</value>
      </symbol>
      <symbol id="sm-8">
         <name>__STACK_SIZE</name>
         <value>0x200</value>
      </symbol>
      <symbol id="sm-9">
         <name>__STACK_END</name>
         <value>0x20010000</value>
      </symbol>
      <symbol id="sm-a">
         <name>__c_args__</name>
         <value>0xffffffff</value>
      </symbol>
      <symbol id="sm-b">
         <name>__TI_pprof_out_hndl</name>
         <value>0xffffffff</value>
      </symbol>
      <symbol id="sm-c">
         <name>__TI_prof_data_start</name>
         <value>0xffffffff</value>
      </symbol>
      <symbol id="sm-d">
         <name>__TI_prof_data_size</name>
         <value>0xffffffff</value>
      </symbol>
      <symbol id="sm-5d">
         <name>drive_dac</name>
         <value>0x695</value>
         <object_component_ref idref="oc-a9"/>
      </symbol>
      <symbol id="sm-8c">
         <name>letters</name>
         <value>0x20000000</value>
      </symbol>
      <symbol id="sm-8d">
         <name>voltage</name>
         <value>0x20000004</value>
      </symbol>
      <symbol id="sm-8e">
         <name>main</name>
         <value>0x419</value>
         <object_component_ref idref="oc-6a"/>
      </symbol>
      <symbol id="sm-8f">
         <name>EUSCIA0_IRQHandler</name>
         <value>0x4bd</value>
         <object_component_ref idref="oc-6a"/>
      </symbol>
      <symbol id="sm-90">
         <name>conversion</name>
         <value>0x51b</value>
         <object_component_ref idref="oc-6a"/>
      </symbol>
      <symbol id="sm-91">
         <name>flag</name>
         <value>0x20000008</value>
         <object_component_ref idref="oc-af"/>
      </symbol>
      <symbol id="sm-a7">
         <name>Reset_Handler</name>
         <value>0x795</value>
         <object_component_ref idref="oc-64"/>
      </symbol>
      <symbol id="sm-a8">
         <name>Default_Handler</name>
         <value>0x7a1</value>
         <object_component_ref idref="oc-64"/>
      </symbol>
      <symbol id="sm-a9">
         <name>interruptVectors</name>
         <value>0x0</value>
         <object_component_ref idref="oc-23"/>
      </symbol>
      <symbol id="sm-f1">
         <name>SystemInit</name>
         <value>0x35d</value>
         <object_component_ref idref="oc-a2"/>
      </symbol>
      <symbol id="sm-f2">
         <name>SystemCoreClockUpdate</name>
         <value>0xe5</value>
         <object_component_ref idref="oc-a2"/>
      </symbol>
      <symbol id="sm-f3">
         <name>SystemCoreClock</name>
         <value>0x2000000c</value>
         <object_component_ref idref="oc-10c"/>
      </symbol>
      <symbol id="sm-10c">
         <name>__TI_zero_init_nomemset</name>
         <value>0x775</value>
         <object_component_ref idref="oc-40"/>
      </symbol>
      <symbol id="sm-123">
         <name>__TI_decompress_none</name>
         <value>0x787</value>
         <object_component_ref idref="oc-1a"/>
      </symbol>
      <symbol id="sm-146">
         <name>__TI_decompress_lzss</name>
         <value>0x62d</value>
         <object_component_ref idref="oc-14"/>
      </symbol>
      <symbol id="sm-159">
         <name>__stack</name>
         <value>0x2000fe00</value>
         <object_component_ref idref="oc-26"/>
      </symbol>
      <symbol id="sm-15a">
         <name>_c_int00_noargs</name>
         <value>0x73d</value>
         <object_component_ref idref="oc-52"/>
      </symbol>
      <symbol id="sm-165">
         <name>C$$EXIT</name>
         <value>0x7a7</value>
         <object_component_ref idref="oc-ce"/>
      </symbol>
      <symbol id="sm-166">
         <name>abort</name>
         <value>0x7a7</value>
         <object_component_ref idref="oc-ce"/>
      </symbol>
      <symbol id="sm-183">
         <name>memcpy</name>
         <value>0x591</value>
         <object_component_ref idref="oc-34"/>
      </symbol>
      <symbol id="sm-184">
         <name>__aeabi_memcpy</name>
         <value>0x591</value>
         <object_component_ref idref="oc-34"/>
      </symbol>
      <symbol id="sm-185">
         <name>__aeabi_memcpy8</name>
         <value>0x591</value>
         <object_component_ref idref="oc-34"/>
      </symbol>
      <symbol id="sm-186">
         <name>__aeabi_memcpy4</name>
         <value>0x591</value>
         <object_component_ref idref="oc-34"/>
      </symbol>
      <symbol id="sm-1af">
         <name>__TI_auto_init_nobinit_nopinit</name>
         <value>0x6f9</value>
         <object_component_ref idref="oc-da"/>
      </symbol>
      <symbol id="sm-1b9">
         <name>_system_pre_init</name>
         <value>0x7a3</value>
         <object_component_ref idref="oc-90"/>
      </symbol>
      <symbol id="sm-1bb">
         <name>__TI_static_base__</name>
         <value>0x0</value>
      </symbol>
      <symbol id="sm-1be">
         <name>__mpu_init</name>
         <value>0x0</value>
      </symbol>
      <symbol id="sm-1bf">
         <name>_system_post_cinit</name>
         <value>0x0</value>
      </symbol>
      <symbol id="sm-1c0">
         <name>NMI_Handler</name>
         <value>0x7a1</value>
      </symbol>
      <symbol id="sm-1c1">
         <name>HardFault_Handler</name>
         <value>0x7a1</value>
      </symbol>
      <symbol id="sm-1c2">
         <name>MemManage_Handler</name>
         <value>0x7a1</value>
      </symbol>
      <symbol id="sm-1c3">
         <name>BusFault_Handler</name>
         <value>0x7a1</value>
      </symbol>
      <symbol id="sm-1c4">
         <name>UsageFault_Handler</name>
         <value>0x7a1</value>
      </symbol>
      <symbol id="sm-1c5">
         <name>SVC_Handler</name>
         <value>0x7a1</value>
      </symbol>
      <symbol id="sm-1c6">
         <name>DebugMon_Handler</name>
         <value>0x7a1</value>
      </symbol>
      <symbol id="sm-1c7">
         <name>PendSV_Handler</name>
         <value>0x7a1</value>
      </symbol>
      <symbol id="sm-1c8">
         <name>SysTick_Handler</name>
         <value>0x7a1</value>
      </symbol>
      <symbol id="sm-1c9">
         <name>PSS_IRQHandler</name>
         <value>0x7a1</value>
      </symbol>
      <symbol id="sm-1ca">
         <name>CS_IRQHandler</name>
         <value>0x7a1</value>
      </symbol>
      <symbol id="sm-1cb">
         <name>PCM_IRQHandler</name>
         <value>0x7a1</value>
      </symbol>
      <symbol id="sm-1cc">
         <name>WDT_A_IRQHandler</name>
         <value>0x7a1</value>
      </symbol>
      <symbol id="sm-1cd">
         <name>FPU_IRQHandler</name>
         <value>0x7a1</value>
      </symbol>
      <symbol id="sm-1ce">
         <name>FLCTL_IRQHandler</name>
         <value>0x7a1</value>
      </symbol>
      <symbol id="sm-1cf">
         <name>COMP_E0_IRQHandler</name>
         <value>0x7a1</value>
      </symbol>
      <symbol id="sm-1d0">
         <name>COMP_E1_IRQHandler</name>
         <value>0x7a1</value>
      </symbol>
      <symbol id="sm-1d1">
         <name>TA0_0_IRQHandler</name>
         <value>0x7a1</value>
      </symbol>
      <symbol id="sm-1d2">
         <name>TA0_N_IRQHandler</name>
         <value>0x7a1</value>
      </symbol>
      <symbol id="sm-1d3">
         <name>TA1_0_IRQHandler</name>
         <value>0x7a1</value>
      </symbol>
      <symbol id="sm-1d4">
         <name>TA1_N_IRQHandler</name>
         <value>0x7a1</value>
      </symbol>
      <symbol id="sm-1d5">
         <name>TA2_0_IRQHandler</name>
         <value>0x7a1</value>
      </symbol>
      <symbol id="sm-1d6">
         <name>TA2_N_IRQHandler</name>
         <value>0x7a1</value>
      </symbol>
      <symbol id="sm-1d7">
         <name>TA3_0_IRQHandler</name>
         <value>0x7a1</value>
      </symbol>
      <symbol id="sm-1d8">
         <name>TA3_N_IRQHandler</name>
         <value>0x7a1</value>
      </symbol>
      <symbol id="sm-1d9">
         <name>EUSCIA0_IRQHandler</name>
         <value>0x4bd</value>
      </symbol>
      <symbol id="sm-1da">
         <name>EUSCIA1_IRQHandler</name>
         <value>0x7a1</value>
      </symbol>
      <symbol id="sm-1db">
         <name>EUSCIA2_IRQHandler</name>
         <value>0x7a1</value>
      </symbol>
      <symbol id="sm-1dc">
         <name>EUSCIA3_IRQHandler</name>
         <value>0x7a1</value>
      </symbol>
      <symbol id="sm-1dd">
         <name>EUSCIB0_IRQHandler</name>
         <value>0x7a1</value>
      </symbol>
      <symbol id="sm-1de">
         <name>EUSCIB1_IRQHandler</name>
         <value>0x7a1</value>
      </symbol>
      <symbol id="sm-1df">
         <name>EUSCIB2_IRQHandler</name>
         <value>0x7a1</value>
      </symbol>
      <symbol id="sm-1e0">
         <name>EUSCIB3_IRQHandler</name>
         <value>0x7a1</value>
      </symbol>
      <symbol id="sm-1e1">
         <name>ADC14_IRQHandler</name>
         <value>0x7a1</value>
      </symbol>
      <symbol id="sm-1e2">
         <name>T32_INT1_IRQHandler</name>
         <value>0x7a1</value>
      </symbol>
      <symbol id="sm-1e3">
         <name>T32_INT2_IRQHandler</name>
         <value>0x7a1</value>
      </symbol>
      <symbol id="sm-1e4">
         <name>T32_INTC_IRQHandler</name>
         <value>0x7a1</value>
      </symbol>
      <symbol id="sm-1e5">
         <name>AES256_IRQHandler</name>
         <value>0x7a1</value>
      </symbol>
      <symbol id="sm-1e6">
         <name>RTC_C_IRQHandler</name>
         <value>0x7a1</value>
      </symbol>
      <symbol id="sm-1e7">
         <name>DMA_ERR_IRQHandler</name>
         <value>0x7a1</value>
      </symbol>
      <symbol id="sm-1e8">
         <name>DMA_INT3_IRQHandler</name>
         <value>0x7a1</value>
      </symbol>
      <symbol id="sm-1e9">
         <name>DMA_INT2_IRQHandler</name>
         <value>0x7a1</value>
      </symbol>
      <symbol id="sm-1ea">
         <name>DMA_INT1_IRQHandler</name>
         <value>0x7a1</value>
      </symbol>
      <symbol id="sm-1eb">
         <name>DMA_INT0_IRQHandler</name>
         <value>0x7a1</value>
      </symbol>
      <symbol id="sm-1ec">
         <name>PORT1_IRQHandler</name>
         <value>0x7a1</value>
      </symbol>
      <symbol id="sm-1ed">
         <name>PORT2_IRQHandler</name>
         <value>0x7a1</value>
      </symbol>
      <symbol id="sm-1ee">
         <name>PORT3_IRQHandler</name>
         <value>0x7a1</value>
      </symbol>
      <symbol id="sm-1ef">
         <name>PORT4_IRQHandler</name>
         <value>0x7a1</value>
      </symbol>
      <symbol id="sm-1f0">
         <name>PORT5_IRQHandler</name>
         <value>0x7a1</value>
      </symbol>
      <symbol id="sm-1f1">
         <name>PORT6_IRQHandler</name>
         <value>0x7a1</value>
      </symbol>
   </symbol_table>
   <title>Link successful</title>
</link_info>
