<?xml version="1.0" encoding="ISO-8859-1" ?>
<link_info>
   <banner>TI ARM Linker Unix v18.1.1.LTS</banner>
   <copyright>Copyright (c) 1996-2017 Texas Instruments Incorporated</copyright>
   <link_time>0x5ace488d</link_time>
   <link_errors>0x0</link_errors>
   <output_file>Blink LED.out</output_file>
   <entry_point>
      <name>_c_int00_noargs</name>
      <address>0x761</address>
   </entry_point>
   <input_file_list>
      <input_file id="fl-1">
         <path>./</path>
         <kind>object</kind>
         <file>delay.obj</file>
         <name>delay.obj</name>
      </input_file>
      <input_file id="fl-2">
         <path>./</path>
         <kind>object</kind>
         <file>main.obj</file>
         <name>main.obj</name>
      </input_file>
      <input_file id="fl-3">
         <path>./</path>
         <kind>object</kind>
         <file>set_DCO.obj</file>
         <name>set_DCO.obj</name>
      </input_file>
      <input_file id="fl-4">
         <path>./</path>
         <kind>object</kind>
         <file>startup_msp432p401r_ccs.obj</file>
         <name>startup_msp432p401r_ccs.obj</name>
      </input_file>
      <input_file id="fl-5">
         <path>./</path>
         <kind>object</kind>
         <file>system_msp432p401r.obj</file>
         <name>system_msp432p401r.obj</name>
      </input_file>
      <input_file id="fl-9">
         <kind>object</kind>
         <file>&lt;internal&gt;</file>
         <name>&lt;internal&gt;</name>
      </input_file>
      <input_file id="fl-bf">
         <path>/Applications/ti/ccsv8/tools/compiler/ti-cgt-arm_18.1.1.LTS/lib/</path>
         <kind>archive</kind>
         <file>rtsv7M4_T_le_v4SPD16_eabi.lib</file>
         <name>copy_zero_init.c.obj</name>
      </input_file>
      <input_file id="fl-c0">
         <path>/Applications/ti/ccsv8/tools/compiler/ti-cgt-arm_18.1.1.LTS/lib/</path>
         <kind>archive</kind>
         <file>rtsv7M4_T_le_v4SPD16_eabi.lib</file>
         <name>copy_decompress_none.c.obj</name>
      </input_file>
      <input_file id="fl-c1">
         <path>/Applications/ti/ccsv8/tools/compiler/ti-cgt-arm_18.1.1.LTS/lib/</path>
         <kind>archive</kind>
         <file>rtsv7M4_T_le_v4SPD16_eabi.lib</file>
         <name>copy_decompress_lzss.c.obj</name>
      </input_file>
      <input_file id="fl-c2">
         <path>/Applications/ti/ccsv8/tools/compiler/ti-cgt-arm_18.1.1.LTS/lib/</path>
         <kind>archive</kind>
         <file>rtsv7M4_T_le_v4SPD16_eabi.lib</file>
         <name>boot_cortex_m.c.obj</name>
      </input_file>
      <input_file id="fl-c3">
         <path>/Applications/ti/ccsv8/tools/compiler/ti-cgt-arm_18.1.1.LTS/lib/</path>
         <kind>archive</kind>
         <file>rtsv7M4_T_le_v4SPD16_eabi.lib</file>
         <name>exit.c.obj</name>
      </input_file>
      <input_file id="fl-c4">
         <path>/Applications/ti/ccsv8/tools/compiler/ti-cgt-arm_18.1.1.LTS/lib/</path>
         <kind>archive</kind>
         <file>rtsv7M4_T_le_v4SPD16_eabi.lib</file>
         <name>_lock.c.obj</name>
      </input_file>
      <input_file id="fl-c5">
         <path>/Applications/ti/ccsv8/tools/compiler/ti-cgt-arm_18.1.1.LTS/lib/</path>
         <kind>archive</kind>
         <file>rtsv7M4_T_le_v4SPD16_eabi.lib</file>
         <name>args_main.c.obj</name>
      </input_file>
      <input_file id="fl-c6">
         <path>/Applications/ti/ccsv8/tools/compiler/ti-cgt-arm_18.1.1.LTS/lib/</path>
         <kind>archive</kind>
         <file>rtsv7M4_T_le_v4SPD16_eabi.lib</file>
         <name>memcpy_t2.asm.obj</name>
      </input_file>
      <input_file id="fl-c7">
         <path>/Applications/ti/ccsv8/tools/compiler/ti-cgt-arm_18.1.1.LTS/lib/</path>
         <kind>archive</kind>
         <file>rtsv7M4_T_le_v4SPD16_eabi.lib</file>
         <name>memset_t2.asm.obj</name>
      </input_file>
      <input_file id="fl-c8">
         <path>/Applications/ti/ccsv8/tools/compiler/ti-cgt-arm_18.1.1.LTS/lib/</path>
         <kind>archive</kind>
         <file>rtsv7M4_T_le_v4SPD16_eabi.lib</file>
         <name>autoinit.c.obj</name>
      </input_file>
      <input_file id="fl-c9">
         <path>/Applications/ti/ccsv8/tools/compiler/ti-cgt-arm_18.1.1.LTS/lib/</path>
         <kind>archive</kind>
         <file>rtsv7M4_T_le_v4SPD16_eabi.lib</file>
         <name>pre_init.c.obj</name>
      </input_file>
      <input_file id="fl-ca">
         <path>/Applications/ti/ccsv8/tools/compiler/ti-cgt-arm_18.1.1.LTS/lib/</path>
         <kind>archive</kind>
         <file>rtsv7M4_T_le_v4SPD16_eabi.lib</file>
         <name>cpy_tbl.c.obj</name>
      </input_file>
   </input_file_list>
   <object_component_list>
      <object_component id="oc-23">
         <name>.intvecs:retain</name>
         <load_address>0x0</load_address>
         <run_address>0x0</run_address>
         <size>0xe4</size>
         <input_file_ref idref="fl-4"/>
      </object_component>
      <object_component id="oc-a2">
         <name>.text</name>
         <load_address>0xe4</load_address>
         <run_address>0xe4</run_address>
         <size>0x334</size>
         <input_file_ref idref="fl-5"/>
      </object_component>
      <object_component id="oc-c0">
         <name>.text</name>
         <load_address>0x418</load_address>
         <run_address>0x418</run_address>
         <size>0x10c</size>
         <input_file_ref idref="fl-3"/>
      </object_component>
      <object_component id="oc-c6">
         <name>.text</name>
         <load_address>0x524</load_address>
         <run_address>0x524</run_address>
         <size>0x9c</size>
         <input_file_ref idref="fl-1"/>
      </object_component>
      <object_component id="oc-34">
         <name>.text</name>
         <load_address>0x5c0</load_address>
         <run_address>0x5c0</run_address>
         <size>0x9c</size>
         <input_file_ref idref="fl-c6"/>
      </object_component>
      <object_component id="oc-14">
         <name>.text:decompress:lzss:__TI_decompress_lzss</name>
         <load_address>0x65c</load_address>
         <run_address>0x65c</run_address>
         <size>0x68</size>
         <input_file_ref idref="fl-c1"/>
      </object_component>
      <object_component id="oc-90">
         <name>.text</name>
         <load_address>0x6c4</load_address>
         <run_address>0x6c4</run_address>
         <size>0x58</size>
         <input_file_ref idref="fl-2"/>
      </object_component>
      <object_component id="oc-d9">
         <name>.text:__TI_auto_init_nobinit_nopinit:__TI_auto_init_nobinit_nopinit</name>
         <load_address>0x71c</load_address>
         <run_address>0x71c</run_address>
         <size>0x44</size>
         <input_file_ref idref="fl-c8"/>
      </object_component>
      <object_component id="oc-52">
         <name>.text:_c_int00_noargs:_c_int00_noargs</name>
         <load_address>0x760</load_address>
         <run_address>0x760</run_address>
         <size>0x38</size>
         <input_file_ref idref="fl-c2"/>
      </object_component>
      <object_component id="oc-1a">
         <name>.text:decompress:none:__TI_decompress_none</name>
         <load_address>0x798</load_address>
         <run_address>0x798</run_address>
         <size>0xe</size>
         <input_file_ref idref="fl-c0"/>
      </object_component>
      <object_component id="oc-64">
         <name>.text</name>
         <load_address>0x7a6</load_address>
         <run_address>0x7a6</run_address>
         <size>0xe</size>
         <input_file_ref idref="fl-4"/>
      </object_component>
      <object_component id="oc-8a">
         <name>.text:_system_pre_init</name>
         <load_address>0x7b4</load_address>
         <run_address>0x7b4</run_address>
         <size>0x4</size>
         <input_file_ref idref="fl-c9"/>
      </object_component>
      <object_component id="oc-cd">
         <name>.text:abort:abort</name>
         <load_address>0x7b8</load_address>
         <run_address>0x7b8</run_address>
         <size>0x4</size>
         <input_file_ref idref="fl-c3"/>
      </object_component>
      <object_component id="oc-1a9">
         <name>.cinit..data.load</name>
         <load_address>0x7c0</load_address>
         <run_address>0x7c0</run_address>
         <size>0x8</size>
      </object_component>
      <object_component id="oc-1a7">
         <name>__TI_handler_table</name>
         <load_address>0x7c8</load_address>
         <run_address>0x7c8</run_address>
         <size>0x8</size>
      </object_component>
      <object_component id="oc-1a8">
         <name>__TI_cinit_table</name>
         <load_address>0x7d0</load_address>
         <run_address>0x7d0</run_address>
         <size>0x8</size>
      </object_component>
      <object_component id="oc-17c">
         <name>.binit</name>
         <load_address>0x0</load_address>
         <run_address>0x0</run_address>
         <size>0x0</size>
      </object_component>
      <object_component id="oc-10b">
         <name>.data</name>
         <load_address>0x20000000</load_address>
         <run_address>0x20000000</run_address>
         <size>0x4</size>
         <input_file_ref idref="fl-5"/>
      </object_component>
      <object_component id="oc-26">
         <name>.stack</name>
         <uninitialized>true</uninitialized>
         <run_address>0x2000fe00</run_address>
         <size>0x4</size>
         <input_file_ref idref="fl-c2"/>
      </object_component>
      <object_component id="oc-1aa">
         <name>.stack</name>
         <uninitialized>true</uninitialized>
         <run_address>0x2000fe00</run_address>
         <size>0x0</size>
      </object_component>
      <object_component id="oc-c7">
         <name>.debug_info</name>
         <load_address>0x0</load_address>
         <run_address>0x0</run_address>
         <size>0x1f7</size>
         <input_file_ref idref="fl-1"/>
      </object_component>
      <object_component id="oc-2f">
         <name>.debug_info</name>
         <load_address>0x1f7</load_address>
         <run_address>0x1f7</run_address>
         <size>0x84</size>
         <input_file_ref idref="fl-1"/>
      </object_component>
      <object_component id="oc-119">
         <name>.debug_info</name>
         <load_address>0x27b</load_address>
         <run_address>0x27b</run_address>
         <size>0x573</size>
         <input_file_ref idref="fl-2"/>
      </object_component>
      <object_component id="oc-91">
         <name>.debug_info</name>
         <load_address>0x7ee</load_address>
         <run_address>0x7ee</run_address>
         <size>0x10a</size>
         <input_file_ref idref="fl-2"/>
      </object_component>
      <object_component id="oc-140">
         <name>.debug_info</name>
         <load_address>0x8f8</load_address>
         <run_address>0x8f8</run_address>
         <size>0x37e2</size>
         <input_file_ref idref="fl-2"/>
      </object_component>
      <object_component id="oc-ab">
         <name>.debug_info</name>
         <load_address>0x40da</load_address>
         <run_address>0x40da</run_address>
         <size>0x26b</size>
         <input_file_ref idref="fl-2"/>
      </object_component>
      <object_component id="oc-145">
         <name>.debug_info</name>
         <load_address>0x4345</load_address>
         <run_address>0x4345</run_address>
         <size>0x1055</size>
         <input_file_ref idref="fl-2"/>
      </object_component>
      <object_component id="oc-114">
         <name>.debug_info</name>
         <load_address>0x539a</load_address>
         <run_address>0x539a</run_address>
         <size>0x297</size>
         <input_file_ref idref="fl-2"/>
      </object_component>
      <object_component id="oc-10f">
         <name>.debug_info</name>
         <load_address>0x5631</load_address>
         <run_address>0x5631</run_address>
         <size>0xbb</size>
         <input_file_ref idref="fl-2"/>
      </object_component>
      <object_component id="oc-c1">
         <name>.debug_info</name>
         <load_address>0x56ec</load_address>
         <run_address>0x56ec</run_address>
         <size>0x125</size>
         <input_file_ref idref="fl-3"/>
      </object_component>
      <object_component id="oc-6c">
         <name>.debug_info</name>
         <load_address>0x5811</load_address>
         <run_address>0x5811</run_address>
         <size>0x2c4</size>
         <input_file_ref idref="fl-4"/>
      </object_component>
      <object_component id="oc-24">
         <name>.debug_info</name>
         <load_address>0x5ad5</load_address>
         <run_address>0x5ad5</run_address>
         <size>0xf0</size>
         <input_file_ref idref="fl-4"/>
      </object_component>
      <object_component id="oc-65">
         <name>.debug_info</name>
         <load_address>0x5bc5</load_address>
         <run_address>0x5bc5</run_address>
         <size>0x1b7</size>
         <input_file_ref idref="fl-4"/>
      </object_component>
      <object_component id="oc-10c">
         <name>.debug_info</name>
         <load_address>0x5d7c</load_address>
         <run_address>0x5d7c</run_address>
         <size>0xe9</size>
         <input_file_ref idref="fl-5"/>
      </object_component>
      <object_component id="oc-a3">
         <name>.debug_info</name>
         <load_address>0x5e65</load_address>
         <run_address>0x5e65</run_address>
         <size>0x25b</size>
         <input_file_ref idref="fl-5"/>
      </object_component>
      <object_component id="oc-3f">
         <name>.debug_info</name>
         <load_address>0x60c0</load_address>
         <run_address>0x60c0</run_address>
         <size>0x29d</size>
         <input_file_ref idref="fl-c0"/>
      </object_component>
      <object_component id="oc-1b">
         <name>.debug_info</name>
         <load_address>0x635d</load_address>
         <run_address>0x635d</run_address>
         <size>0x1df</size>
         <input_file_ref idref="fl-c0"/>
      </object_component>
      <object_component id="oc-3a">
         <name>.debug_info</name>
         <load_address>0x653c</load_address>
         <run_address>0x653c</run_address>
         <size>0x46</size>
         <input_file_ref idref="fl-c0"/>
      </object_component>
      <object_component id="oc-76">
         <name>.debug_info</name>
         <load_address>0x6582</load_address>
         <run_address>0x6582</run_address>
         <size>0x2c</size>
         <input_file_ref idref="fl-c0"/>
      </object_component>
      <object_component id="oc-74">
         <name>.debug_info</name>
         <load_address>0x65ae</load_address>
         <run_address>0x65ae</run_address>
         <size>0x293</size>
         <input_file_ref idref="fl-c1"/>
      </object_component>
      <object_component id="oc-15">
         <name>.debug_info</name>
         <load_address>0x6841</load_address>
         <run_address>0x6841</run_address>
         <size>0x245</size>
         <input_file_ref idref="fl-c1"/>
      </object_component>
      <object_component id="oc-2a">
         <name>.debug_info</name>
         <load_address>0x6a86</load_address>
         <run_address>0x6a86</run_address>
         <size>0x60</size>
         <input_file_ref idref="fl-c1"/>
      </object_component>
      <object_component id="oc-b0">
         <name>.debug_info</name>
         <load_address>0x6ae6</load_address>
         <run_address>0x6ae6</run_address>
         <size>0x46</size>
         <input_file_ref idref="fl-c1"/>
      </object_component>
      <object_component id="oc-6f">
         <name>.debug_info</name>
         <load_address>0x6b2c</load_address>
         <run_address>0x6b2c</run_address>
         <size>0x39</size>
         <input_file_ref idref="fl-c1"/>
      </object_component>
      <object_component id="oc-27">
         <name>.debug_info</name>
         <load_address>0x6b65</load_address>
         <run_address>0x6b65</run_address>
         <size>0x100</size>
         <input_file_ref idref="fl-c2"/>
      </object_component>
      <object_component id="oc-53">
         <name>.debug_info</name>
         <load_address>0x6c65</load_address>
         <run_address>0x6c65</run_address>
         <size>0x1a4</size>
         <input_file_ref idref="fl-c2"/>
      </object_component>
      <object_component id="oc-ce">
         <name>.debug_info</name>
         <load_address>0x6e09</load_address>
         <run_address>0x6e09</run_address>
         <size>0x117</size>
         <input_file_ref idref="fl-c3"/>
      </object_component>
      <object_component id="oc-35">
         <name>.debug_info</name>
         <load_address>0x6f20</load_address>
         <run_address>0x6f20</run_address>
         <size>0x111</size>
         <input_file_ref idref="fl-c6"/>
      </object_component>
      <object_component id="oc-127">
         <name>.debug_info</name>
         <load_address>0x7031</load_address>
         <run_address>0x7031</run_address>
         <size>0x547</size>
         <input_file_ref idref="fl-c8"/>
      </object_component>
      <object_component id="oc-da">
         <name>.debug_info</name>
         <load_address>0x7578</load_address>
         <run_address>0x7578</run_address>
         <size>0x19b</size>
         <input_file_ref idref="fl-c8"/>
      </object_component>
      <object_component id="oc-15a">
         <name>.debug_info</name>
         <load_address>0x7713</load_address>
         <run_address>0x7713</run_address>
         <size>0x39</size>
         <input_file_ref idref="fl-c8"/>
      </object_component>
      <object_component id="oc-16e">
         <name>.debug_info</name>
         <load_address>0x774c</load_address>
         <run_address>0x774c</run_address>
         <size>0x39</size>
         <input_file_ref idref="fl-c8"/>
      </object_component>
      <object_component id="oc-15f">
         <name>.debug_info</name>
         <load_address>0x7785</load_address>
         <run_address>0x7785</run_address>
         <size>0x39</size>
         <input_file_ref idref="fl-c8"/>
      </object_component>
      <object_component id="oc-164">
         <name>.debug_info</name>
         <load_address>0x77be</load_address>
         <run_address>0x77be</run_address>
         <size>0xcd</size>
         <input_file_ref idref="fl-c8"/>
      </object_component>
      <object_component id="oc-8b">
         <name>.debug_info</name>
         <load_address>0x788b</load_address>
         <run_address>0x788b</run_address>
         <size>0x148</size>
         <input_file_ref idref="fl-c9"/>
      </object_component>
      <object_component id="oc-1ab">
         <name>.debug_info</name>
         <load_address>0x79d3</load_address>
         <run_address>0x79d3</run_address>
         <size>0x9f</size>
      </object_component>
      <object_component id="oc-ca">
         <name>.debug_line</name>
         <load_address>0x0</load_address>
         <run_address>0x0</run_address>
         <size>0x83</size>
         <input_file_ref idref="fl-1"/>
      </object_component>
      <object_component id="oc-32">
         <name>.debug_line</name>
         <load_address>0x83</load_address>
         <run_address>0x83</run_address>
         <size>0x20</size>
         <input_file_ref idref="fl-1"/>
      </object_component>
      <object_component id="oc-13f">
         <name>.debug_line</name>
         <load_address>0xa3</load_address>
         <run_address>0xa3</run_address>
         <size>0x3e</size>
         <input_file_ref idref="fl-2"/>
      </object_component>
      <object_component id="oc-94">
         <name>.debug_line</name>
         <load_address>0xe1</load_address>
         <run_address>0xe1</run_address>
         <size>0x4d</size>
         <input_file_ref idref="fl-2"/>
      </object_component>
      <object_component id="oc-143">
         <name>.debug_line</name>
         <load_address>0x12e</load_address>
         <run_address>0x12e</run_address>
         <size>0x5d</size>
         <input_file_ref idref="fl-2"/>
      </object_component>
      <object_component id="oc-ae">
         <name>.debug_line</name>
         <load_address>0x18b</load_address>
         <run_address>0x18b</run_address>
         <size>0x74</size>
         <input_file_ref idref="fl-2"/>
      </object_component>
      <object_component id="oc-148">
         <name>.debug_line</name>
         <load_address>0x1ff</load_address>
         <run_address>0x1ff</run_address>
         <size>0x60</size>
         <input_file_ref idref="fl-2"/>
      </object_component>
      <object_component id="oc-117">
         <name>.debug_line</name>
         <load_address>0x25f</load_address>
         <run_address>0x25f</run_address>
         <size>0x78</size>
         <input_file_ref idref="fl-2"/>
      </object_component>
      <object_component id="oc-112">
         <name>.debug_line</name>
         <load_address>0x2d7</load_address>
         <run_address>0x2d7</run_address>
         <size>0x75</size>
         <input_file_ref idref="fl-2"/>
      </object_component>
      <object_component id="oc-c4">
         <name>.debug_line</name>
         <load_address>0x34c</load_address>
         <run_address>0x34c</run_address>
         <size>0x78</size>
         <input_file_ref idref="fl-3"/>
      </object_component>
      <object_component id="oc-aa">
         <name>.debug_line</name>
         <load_address>0x3c4</load_address>
         <run_address>0x3c4</run_address>
         <size>0x40</size>
         <input_file_ref idref="fl-4"/>
      </object_component>
      <object_component id="oc-6b">
         <name>.debug_line</name>
         <load_address>0x404</load_address>
         <run_address>0x404</run_address>
         <size>0x40</size>
         <input_file_ref idref="fl-4"/>
      </object_component>
      <object_component id="oc-68">
         <name>.debug_line</name>
         <load_address>0x444</load_address>
         <run_address>0x444</run_address>
         <size>0x71</size>
         <input_file_ref idref="fl-4"/>
      </object_component>
      <object_component id="oc-13d">
         <name>.debug_line</name>
         <load_address>0x4b5</load_address>
         <run_address>0x4b5</run_address>
         <size>0x3b</size>
         <input_file_ref idref="fl-5"/>
      </object_component>
      <object_component id="oc-a6">
         <name>.debug_line</name>
         <load_address>0x4f0</load_address>
         <run_address>0x4f0</run_address>
         <size>0x159</size>
         <input_file_ref idref="fl-5"/>
      </object_component>
      <object_component id="oc-7c">
         <name>.debug_line</name>
         <load_address>0x649</load_address>
         <run_address>0x649</run_address>
         <size>0x20</size>
         <input_file_ref idref="fl-c0"/>
      </object_component>
      <object_component id="oc-1e">
         <name>.debug_line</name>
         <load_address>0x669</load_address>
         <run_address>0x669</run_address>
         <size>0x55</size>
         <input_file_ref idref="fl-c0"/>
      </object_component>
      <object_component id="oc-3d">
         <name>.debug_line</name>
         <load_address>0x6be</load_address>
         <run_address>0x6be</run_address>
         <size>0x3a</size>
         <input_file_ref idref="fl-c0"/>
      </object_component>
      <object_component id="oc-79">
         <name>.debug_line</name>
         <load_address>0x6f8</load_address>
         <run_address>0x6f8</run_address>
         <size>0x8a</size>
         <input_file_ref idref="fl-c0"/>
      </object_component>
      <object_component id="oc-b6">
         <name>.debug_line</name>
         <load_address>0x782</load_address>
         <run_address>0x782</run_address>
         <size>0x20</size>
         <input_file_ref idref="fl-c1"/>
      </object_component>
      <object_component id="oc-18">
         <name>.debug_line</name>
         <load_address>0x7a2</load_address>
         <run_address>0x7a2</run_address>
         <size>0xa9</size>
         <input_file_ref idref="fl-c1"/>
      </object_component>
      <object_component id="oc-2d">
         <name>.debug_line</name>
         <load_address>0x84b</load_address>
         <run_address>0x84b</run_address>
         <size>0x3a</size>
         <input_file_ref idref="fl-c1"/>
      </object_component>
      <object_component id="oc-b3">
         <name>.debug_line</name>
         <load_address>0x885</load_address>
         <run_address>0x885</run_address>
         <size>0x92</size>
         <input_file_ref idref="fl-c1"/>
      </object_component>
      <object_component id="oc-72">
         <name>.debug_line</name>
         <load_address>0x917</load_address>
         <run_address>0x917</run_address>
         <size>0x8e</size>
         <input_file_ref idref="fl-c1"/>
      </object_component>
      <object_component id="oc-6e">
         <name>.debug_line</name>
         <load_address>0x9a5</load_address>
         <run_address>0x9a5</run_address>
         <size>0x33</size>
         <input_file_ref idref="fl-c2"/>
      </object_component>
      <object_component id="oc-56">
         <name>.debug_line</name>
         <load_address>0x9d8</load_address>
         <run_address>0x9d8</run_address>
         <size>0x56</size>
         <input_file_ref idref="fl-c2"/>
      </object_component>
      <object_component id="oc-d1">
         <name>.debug_line</name>
         <load_address>0xa2e</load_address>
         <run_address>0xa2e</run_address>
         <size>0x3c</size>
         <input_file_ref idref="fl-c3"/>
      </object_component>
      <object_component id="oc-38">
         <name>.debug_line</name>
         <load_address>0xa6a</load_address>
         <run_address>0xa6a</run_address>
         <size>0x88</size>
         <input_file_ref idref="fl-c6"/>
      </object_component>
      <object_component id="oc-159">
         <name>.debug_line</name>
         <load_address>0xaf2</load_address>
         <run_address>0xaf2</run_address>
         <size>0xb7</size>
         <input_file_ref idref="fl-c8"/>
      </object_component>
      <object_component id="oc-dd">
         <name>.debug_line</name>
         <load_address>0xba9</load_address>
         <run_address>0xba9</run_address>
         <size>0x6c</size>
         <input_file_ref idref="fl-c8"/>
      </object_component>
      <object_component id="oc-15d">
         <name>.debug_line</name>
         <load_address>0xc15</load_address>
         <run_address>0xc15</run_address>
         <size>0x2e</size>
         <input_file_ref idref="fl-c8"/>
      </object_component>
      <object_component id="oc-171">
         <name>.debug_line</name>
         <load_address>0xc43</load_address>
         <run_address>0xc43</run_address>
         <size>0x92</size>
         <input_file_ref idref="fl-c8"/>
      </object_component>
      <object_component id="oc-162">
         <name>.debug_line</name>
         <load_address>0xcd5</load_address>
         <run_address>0xcd5</run_address>
         <size>0x8f</size>
         <input_file_ref idref="fl-c8"/>
      </object_component>
      <object_component id="oc-167">
         <name>.debug_line</name>
         <load_address>0xd64</load_address>
         <run_address>0xd64</run_address>
         <size>0x8b</size>
         <input_file_ref idref="fl-c8"/>
      </object_component>
      <object_component id="oc-8e">
         <name>.debug_line</name>
         <load_address>0xdef</load_address>
         <run_address>0xdef</run_address>
         <size>0x40</size>
         <input_file_ref idref="fl-c9"/>
      </object_component>
      <object_component id="oc-cb">
         <name>.debug_frame</name>
         <load_address>0x0</load_address>
         <run_address>0x0</run_address>
         <size>0x70</size>
         <input_file_ref idref="fl-1"/>
      </object_component>
      <object_component id="oc-95">
         <name>.debug_frame</name>
         <load_address>0x70</load_address>
         <run_address>0x70</run_address>
         <size>0x58</size>
         <input_file_ref idref="fl-2"/>
      </object_component>
      <object_component id="oc-c5">
         <name>.debug_frame</name>
         <load_address>0xc8</load_address>
         <run_address>0xc8</run_address>
         <size>0x58</size>
         <input_file_ref idref="fl-3"/>
      </object_component>
      <object_component id="oc-69">
         <name>.debug_frame</name>
         <load_address>0x120</load_address>
         <run_address>0x120</run_address>
         <size>0x6c</size>
         <input_file_ref idref="fl-4"/>
      </object_component>
      <object_component id="oc-a7">
         <name>.debug_frame</name>
         <load_address>0x18c</load_address>
         <run_address>0x18c</run_address>
         <size>0x70</size>
         <input_file_ref idref="fl-5"/>
      </object_component>
      <object_component id="oc-1f">
         <name>.debug_frame</name>
         <load_address>0x1fc</load_address>
         <run_address>0x1fc</run_address>
         <size>0x54</size>
         <input_file_ref idref="fl-c0"/>
      </object_component>
      <object_component id="oc-19">
         <name>.debug_frame</name>
         <load_address>0x250</load_address>
         <run_address>0x250</run_address>
         <size>0x60</size>
         <input_file_ref idref="fl-c1"/>
      </object_component>
      <object_component id="oc-57">
         <name>.debug_frame</name>
         <load_address>0x2b0</load_address>
         <run_address>0x2b0</run_address>
         <size>0x58</size>
         <input_file_ref idref="fl-c2"/>
      </object_component>
      <object_component id="oc-d2">
         <name>.debug_frame</name>
         <load_address>0x308</load_address>
         <run_address>0x308</run_address>
         <size>0x54</size>
         <input_file_ref idref="fl-c3"/>
      </object_component>
      <object_component id="oc-de">
         <name>.debug_frame</name>
         <load_address>0x35c</load_address>
         <run_address>0x35c</run_address>
         <size>0x5c</size>
         <input_file_ref idref="fl-c8"/>
      </object_component>
      <object_component id="oc-8f">
         <name>.debug_frame</name>
         <load_address>0x3b8</load_address>
         <run_address>0x3b8</run_address>
         <size>0x54</size>
         <input_file_ref idref="fl-c9"/>
      </object_component>
      <object_component id="oc-11b">
         <name>.debug_abbrev</name>
         <load_address>0x0</load_address>
         <run_address>0x0</run_address>
         <size>0x6e</size>
         <input_file_ref idref="fl-1"/>
      </object_component>
      <object_component id="oc-31">
         <name>.debug_abbrev</name>
         <load_address>0x6e</load_address>
         <run_address>0x6e</run_address>
         <size>0x1f</size>
         <input_file_ref idref="fl-1"/>
      </object_component>
      <object_component id="oc-13e">
         <name>.debug_abbrev</name>
         <load_address>0x8d</load_address>
         <run_address>0x8d</run_address>
         <size>0x90</size>
         <input_file_ref idref="fl-2"/>
      </object_component>
      <object_component id="oc-cc">
         <name>.debug_abbrev</name>
         <load_address>0x11d</load_address>
         <run_address>0x11d</run_address>
         <size>0x54</size>
         <input_file_ref idref="fl-2"/>
      </object_component>
      <object_component id="oc-142">
         <name>.debug_abbrev</name>
         <load_address>0x171</load_address>
         <run_address>0x171</run_address>
         <size>0xbd</size>
         <input_file_ref idref="fl-2"/>
      </object_component>
      <object_component id="oc-ad">
         <name>.debug_abbrev</name>
         <load_address>0x22e</load_address>
         <run_address>0x22e</run_address>
         <size>0x69</size>
         <input_file_ref idref="fl-2"/>
      </object_component>
      <object_component id="oc-147">
         <name>.debug_abbrev</name>
         <load_address>0x297</load_address>
         <run_address>0x297</run_address>
         <size>0x97</size>
         <input_file_ref idref="fl-2"/>
      </object_component>
      <object_component id="oc-116">
         <name>.debug_abbrev</name>
         <load_address>0x32e</load_address>
         <run_address>0x32e</run_address>
         <size>0x5c</size>
         <input_file_ref idref="fl-2"/>
      </object_component>
      <object_component id="oc-111">
         <name>.debug_abbrev</name>
         <load_address>0x38a</load_address>
         <run_address>0x38a</run_address>
         <size>0x24</size>
         <input_file_ref idref="fl-2"/>
      </object_component>
      <object_component id="oc-11a">
         <name>.debug_abbrev</name>
         <load_address>0x3ae</load_address>
         <run_address>0x3ae</run_address>
         <size>0x6e</size>
         <input_file_ref idref="fl-3"/>
      </object_component>
      <object_component id="oc-a9">
         <name>.debug_abbrev</name>
         <load_address>0x41c</load_address>
         <run_address>0x41c</run_address>
         <size>0x7c</size>
         <input_file_ref idref="fl-4"/>
      </object_component>
      <object_component id="oc-6a">
         <name>.debug_abbrev</name>
         <load_address>0x498</load_address>
         <run_address>0x498</run_address>
         <size>0x29</size>
         <input_file_ref idref="fl-4"/>
      </object_component>
      <object_component id="oc-a8">
         <name>.debug_abbrev</name>
         <load_address>0x4c1</load_address>
         <run_address>0x4c1</run_address>
         <size>0x89</size>
         <input_file_ref idref="fl-4"/>
      </object_component>
      <object_component id="oc-13c">
         <name>.debug_abbrev</name>
         <load_address>0x54a</load_address>
         <run_address>0x54a</run_address>
         <size>0x29</size>
         <input_file_ref idref="fl-5"/>
      </object_component>
      <object_component id="oc-10e">
         <name>.debug_abbrev</name>
         <load_address>0x573</load_address>
         <run_address>0x573</run_address>
         <size>0x8b</size>
         <input_file_ref idref="fl-5"/>
      </object_component>
      <object_component id="oc-7b">
         <name>.debug_abbrev</name>
         <load_address>0x5fe</load_address>
         <run_address>0x5fe</run_address>
         <size>0x37</size>
         <input_file_ref idref="fl-c0"/>
      </object_component>
      <object_component id="oc-39">
         <name>.debug_abbrev</name>
         <load_address>0x635</load_address>
         <run_address>0x635</run_address>
         <size>0x74</size>
         <input_file_ref idref="fl-c0"/>
      </object_component>
      <object_component id="oc-3c">
         <name>.debug_abbrev</name>
         <load_address>0x6a9</load_address>
         <run_address>0x6a9</run_address>
         <size>0x24</size>
         <input_file_ref idref="fl-c0"/>
      </object_component>
      <object_component id="oc-78">
         <name>.debug_abbrev</name>
         <load_address>0x6cd</load_address>
         <run_address>0x6cd</run_address>
         <size>0x24</size>
         <input_file_ref idref="fl-c0"/>
      </object_component>
      <object_component id="oc-b5">
         <name>.debug_abbrev</name>
         <load_address>0x6f1</load_address>
         <run_address>0x6f1</run_address>
         <size>0x37</size>
         <input_file_ref idref="fl-c1"/>
      </object_component>
      <object_component id="oc-29">
         <name>.debug_abbrev</name>
         <load_address>0x728</load_address>
         <run_address>0x728</run_address>
         <size>0x6f</size>
         <input_file_ref idref="fl-c1"/>
      </object_component>
      <object_component id="oc-2c">
         <name>.debug_abbrev</name>
         <load_address>0x797</load_address>
         <run_address>0x797</run_address>
         <size>0x24</size>
         <input_file_ref idref="fl-c1"/>
      </object_component>
      <object_component id="oc-b2">
         <name>.debug_abbrev</name>
         <load_address>0x7bb</load_address>
         <run_address>0x7bb</run_address>
         <size>0x35</size>
         <input_file_ref idref="fl-c1"/>
      </object_component>
      <object_component id="oc-71">
         <name>.debug_abbrev</name>
         <load_address>0x7f0</load_address>
         <run_address>0x7f0</run_address>
         <size>0x24</size>
         <input_file_ref idref="fl-c1"/>
      </object_component>
      <object_component id="oc-6d">
         <name>.debug_abbrev</name>
         <load_address>0x814</load_address>
         <run_address>0x814</run_address>
         <size>0x29</size>
         <input_file_ref idref="fl-c2"/>
      </object_component>
      <object_component id="oc-99">
         <name>.debug_abbrev</name>
         <load_address>0x83d</load_address>
         <run_address>0x83d</run_address>
         <size>0x61</size>
         <input_file_ref idref="fl-c2"/>
      </object_component>
      <object_component id="oc-11c">
         <name>.debug_abbrev</name>
         <load_address>0x89e</load_address>
         <run_address>0x89e</run_address>
         <size>0x45</size>
         <input_file_ref idref="fl-c3"/>
      </object_component>
      <object_component id="oc-75">
         <name>.debug_abbrev</name>
         <load_address>0x8e3</load_address>
         <run_address>0x8e3</run_address>
         <size>0x3e</size>
         <input_file_ref idref="fl-c6"/>
      </object_component>
      <object_component id="oc-158">
         <name>.debug_abbrev</name>
         <load_address>0x921</load_address>
         <run_address>0x921</run_address>
         <size>0xdb</size>
         <input_file_ref idref="fl-c8"/>
      </object_component>
      <object_component id="oc-126">
         <name>.debug_abbrev</name>
         <load_address>0x9fc</load_address>
         <run_address>0x9fc</run_address>
         <size>0x7e</size>
         <input_file_ref idref="fl-c8"/>
      </object_component>
      <object_component id="oc-15c">
         <name>.debug_abbrev</name>
         <load_address>0xa7a</load_address>
         <run_address>0xa7a</run_address>
         <size>0x24</size>
         <input_file_ref idref="fl-c8"/>
      </object_component>
      <object_component id="oc-170">
         <name>.debug_abbrev</name>
         <load_address>0xa9e</load_address>
         <run_address>0xa9e</run_address>
         <size>0x24</size>
         <input_file_ref idref="fl-c8"/>
      </object_component>
      <object_component id="oc-161">
         <name>.debug_abbrev</name>
         <load_address>0xac2</load_address>
         <run_address>0xac2</run_address>
         <size>0x24</size>
         <input_file_ref idref="fl-c8"/>
      </object_component>
      <object_component id="oc-166">
         <name>.debug_abbrev</name>
         <load_address>0xae6</load_address>
         <run_address>0xae6</run_address>
         <size>0x4b</size>
         <input_file_ref idref="fl-c8"/>
      </object_component>
      <object_component id="oc-bf">
         <name>.debug_abbrev</name>
         <load_address>0xb31</load_address>
         <run_address>0xb31</run_address>
         <size>0x55</size>
         <input_file_ref idref="fl-c9"/>
      </object_component>
      <object_component id="oc-1ac">
         <name>.debug_abbrev</name>
         <load_address>0xb86</load_address>
         <run_address>0xb86</run_address>
         <size>0xf</size>
      </object_component>
      <object_component id="oc-33">
         <name>.debug_str</name>
         <load_address>0x0</load_address>
         <run_address>0x0</run_address>
         <size>0xfc</size>
         <input_file_ref idref="fl-1"/>
      </object_component>
      <object_component id="oc-144">
         <name>.debug_str</name>
         <load_address>0xfc</load_address>
         <run_address>0xfc</run_address>
         <size>0x15cb</size>
         <input_file_ref idref="fl-2"/>
      </object_component>
      <object_component id="oc-af">
         <name>.debug_str</name>
         <load_address>0x16c7</load_address>
         <run_address>0x16c7</run_address>
         <size>0x2b2</size>
         <input_file_ref idref="fl-2"/>
      </object_component>
      <object_component id="oc-149">
         <name>.debug_str</name>
         <load_address>0x1979</load_address>
         <run_address>0x1979</run_address>
         <size>0x487</size>
         <input_file_ref idref="fl-2"/>
      </object_component>
      <object_component id="oc-118">
         <name>.debug_str</name>
         <load_address>0x1e00</load_address>
         <run_address>0x1e00</run_address>
         <size>0x341</size>
         <input_file_ref idref="fl-2"/>
      </object_component>
      <object_component id="oc-113">
         <name>.debug_str</name>
         <load_address>0x2141</load_address>
         <run_address>0x2141</run_address>
         <size>0x14a</size>
         <input_file_ref idref="fl-2"/>
      </object_component>
      <object_component id="oc-3e">
         <name>.debug_str</name>
         <load_address>0x228b</load_address>
         <run_address>0x228b</run_address>
         <size>0x100</size>
         <input_file_ref idref="fl-c0"/>
      </object_component>
      <object_component id="oc-7a">
         <name>.debug_str</name>
         <load_address>0x238b</load_address>
         <run_address>0x238b</run_address>
         <size>0x12d</size>
         <input_file_ref idref="fl-c0"/>
      </object_component>
      <object_component id="oc-2e">
         <name>.debug_str</name>
         <load_address>0x24b8</load_address>
         <run_address>0x24b8</run_address>
         <size>0x10d</size>
         <input_file_ref idref="fl-c1"/>
      </object_component>
      <object_component id="oc-b4">
         <name>.debug_str</name>
         <load_address>0x25c5</load_address>
         <run_address>0x25c5</run_address>
         <size>0x158</size>
         <input_file_ref idref="fl-c1"/>
      </object_component>
      <object_component id="oc-73">
         <name>.debug_str</name>
         <load_address>0x271d</load_address>
         <run_address>0x271d</run_address>
         <size>0x145</size>
         <input_file_ref idref="fl-c1"/>
      </object_component>
      <object_component id="oc-15e">
         <name>.debug_str</name>
         <load_address>0x2862</load_address>
         <run_address>0x2862</run_address>
         <size>0xe2</size>
         <input_file_ref idref="fl-c8"/>
      </object_component>
      <object_component id="oc-172">
         <name>.debug_str</name>
         <load_address>0x2944</load_address>
         <run_address>0x2944</run_address>
         <size>0x144</size>
         <input_file_ref idref="fl-c8"/>
      </object_component>
      <object_component id="oc-163">
         <name>.debug_str</name>
         <load_address>0x2a88</load_address>
         <run_address>0x2a88</run_address>
         <size>0x13d</size>
         <input_file_ref idref="fl-c8"/>
      </object_component>
      <object_component id="oc-168">
         <name>.debug_str</name>
         <load_address>0x2bc5</load_address>
         <run_address>0x2bc5</run_address>
         <size>0x184</size>
         <input_file_ref idref="fl-c8"/>
      </object_component>
      <object_component id="oc-c8">
         <name>.debug_aranges</name>
         <load_address>0x0</load_address>
         <run_address>0x0</run_address>
         <size>0x28</size>
         <input_file_ref idref="fl-1"/>
      </object_component>
      <object_component id="oc-92">
         <name>.debug_aranges</name>
         <load_address>0x28</load_address>
         <run_address>0x28</run_address>
         <size>0x20</size>
         <input_file_ref idref="fl-2"/>
      </object_component>
      <object_component id="oc-c2">
         <name>.debug_aranges</name>
         <load_address>0x48</load_address>
         <run_address>0x48</run_address>
         <size>0x20</size>
         <input_file_ref idref="fl-3"/>
      </object_component>
      <object_component id="oc-66">
         <name>.debug_aranges</name>
         <load_address>0x68</load_address>
         <run_address>0x68</run_address>
         <size>0x28</size>
         <input_file_ref idref="fl-4"/>
      </object_component>
      <object_component id="oc-a4">
         <name>.debug_aranges</name>
         <load_address>0x90</load_address>
         <run_address>0x90</run_address>
         <size>0x28</size>
         <input_file_ref idref="fl-5"/>
      </object_component>
      <object_component id="oc-1c">
         <name>.debug_aranges</name>
         <load_address>0xb8</load_address>
         <run_address>0xb8</run_address>
         <size>0x20</size>
         <input_file_ref idref="fl-c0"/>
      </object_component>
      <object_component id="oc-16">
         <name>.debug_aranges</name>
         <load_address>0xd8</load_address>
         <run_address>0xd8</run_address>
         <size>0x20</size>
         <input_file_ref idref="fl-c1"/>
      </object_component>
      <object_component id="oc-54">
         <name>.debug_aranges</name>
         <load_address>0xf8</load_address>
         <run_address>0xf8</run_address>
         <size>0x20</size>
         <input_file_ref idref="fl-c2"/>
      </object_component>
      <object_component id="oc-cf">
         <name>.debug_aranges</name>
         <load_address>0x118</load_address>
         <run_address>0x118</run_address>
         <size>0x20</size>
         <input_file_ref idref="fl-c3"/>
      </object_component>
      <object_component id="oc-36">
         <name>.debug_aranges</name>
         <load_address>0x138</load_address>
         <run_address>0x138</run_address>
         <size>0x20</size>
         <input_file_ref idref="fl-c6"/>
      </object_component>
      <object_component id="oc-db">
         <name>.debug_aranges</name>
         <load_address>0x158</load_address>
         <run_address>0x158</run_address>
         <size>0x20</size>
         <input_file_ref idref="fl-c8"/>
      </object_component>
      <object_component id="oc-8c">
         <name>.debug_aranges</name>
         <load_address>0x178</load_address>
         <run_address>0x178</run_address>
         <size>0x20</size>
         <input_file_ref idref="fl-c9"/>
      </object_component>
      <object_component id="oc-c9">
         <name>.debug_pubnames</name>
         <load_address>0x0</load_address>
         <run_address>0x0</run_address>
         <size>0x2c</size>
         <input_file_ref idref="fl-1"/>
      </object_component>
      <object_component id="oc-93">
         <name>.debug_pubnames</name>
         <load_address>0x2c</load_address>
         <run_address>0x2c</run_address>
         <size>0x1b</size>
         <input_file_ref idref="fl-2"/>
      </object_component>
      <object_component id="oc-c3">
         <name>.debug_pubnames</name>
         <load_address>0x47</load_address>
         <run_address>0x47</run_address>
         <size>0x1e</size>
         <input_file_ref idref="fl-3"/>
      </object_component>
      <object_component id="oc-25">
         <name>.debug_pubnames</name>
         <load_address>0x65</load_address>
         <run_address>0x65</run_address>
         <size>0x27</size>
         <input_file_ref idref="fl-4"/>
      </object_component>
      <object_component id="oc-67">
         <name>.debug_pubnames</name>
         <load_address>0x8c</load_address>
         <run_address>0x8c</run_address>
         <size>0x38</size>
         <input_file_ref idref="fl-4"/>
      </object_component>
      <object_component id="oc-10d">
         <name>.debug_pubnames</name>
         <load_address>0xc4</load_address>
         <run_address>0xc4</run_address>
         <size>0x26</size>
         <input_file_ref idref="fl-5"/>
      </object_component>
      <object_component id="oc-a5">
         <name>.debug_pubnames</name>
         <load_address>0xea</load_address>
         <run_address>0xea</run_address>
         <size>0x3b</size>
         <input_file_ref idref="fl-5"/>
      </object_component>
      <object_component id="oc-1d">
         <name>.debug_pubnames</name>
         <load_address>0x125</load_address>
         <run_address>0x125</run_address>
         <size>0x2b</size>
         <input_file_ref idref="fl-c0"/>
      </object_component>
      <object_component id="oc-17">
         <name>.debug_pubnames</name>
         <load_address>0x150</load_address>
         <run_address>0x150</run_address>
         <size>0x2b</size>
         <input_file_ref idref="fl-c1"/>
      </object_component>
      <object_component id="oc-28">
         <name>.debug_pubnames</name>
         <load_address>0x17b</load_address>
         <run_address>0x17b</run_address>
         <size>0x1e</size>
         <input_file_ref idref="fl-c2"/>
      </object_component>
      <object_component id="oc-55">
         <name>.debug_pubnames</name>
         <load_address>0x199</load_address>
         <run_address>0x199</run_address>
         <size>0x26</size>
         <input_file_ref idref="fl-c2"/>
      </object_component>
      <object_component id="oc-d0">
         <name>.debug_pubnames</name>
         <load_address>0x1bf</load_address>
         <run_address>0x1bf</run_address>
         <size>0x1c</size>
         <input_file_ref idref="fl-c3"/>
      </object_component>
      <object_component id="oc-37">
         <name>.debug_pubnames</name>
         <load_address>0x1db</load_address>
         <run_address>0x1db</run_address>
         <size>0x1d</size>
         <input_file_ref idref="fl-c6"/>
      </object_component>
      <object_component id="oc-dc">
         <name>.debug_pubnames</name>
         <load_address>0x1f8</load_address>
         <run_address>0x1f8</run_address>
         <size>0x35</size>
         <input_file_ref idref="fl-c8"/>
      </object_component>
      <object_component id="oc-8d">
         <name>.debug_pubnames</name>
         <load_address>0x22d</load_address>
         <run_address>0x22d</run_address>
         <size>0x27</size>
         <input_file_ref idref="fl-c9"/>
      </object_component>
      <object_component id="oc-30">
         <name>.debug_pubtypes</name>
         <load_address>0x0</load_address>
         <run_address>0x0</run_address>
         <size>0xed</size>
         <input_file_ref idref="fl-1"/>
      </object_component>
      <object_component id="oc-141">
         <name>.debug_pubtypes</name>
         <load_address>0xed</load_address>
         <run_address>0xed</run_address>
         <size>0x2ce</size>
         <input_file_ref idref="fl-2"/>
      </object_component>
      <object_component id="oc-ac">
         <name>.debug_pubtypes</name>
         <load_address>0x3bb</load_address>
         <run_address>0x3bb</run_address>
         <size>0x25c</size>
         <input_file_ref idref="fl-2"/>
      </object_component>
      <object_component id="oc-146">
         <name>.debug_pubtypes</name>
         <load_address>0x617</load_address>
         <run_address>0x617</run_address>
         <size>0xdd</size>
         <input_file_ref idref="fl-2"/>
      </object_component>
      <object_component id="oc-115">
         <name>.debug_pubtypes</name>
         <load_address>0x6f4</load_address>
         <run_address>0x6f4</run_address>
         <size>0x325</size>
         <input_file_ref idref="fl-2"/>
      </object_component>
      <object_component id="oc-110">
         <name>.debug_pubtypes</name>
         <load_address>0xa19</load_address>
         <run_address>0xa19</run_address>
         <size>0xaa</size>
         <input_file_ref idref="fl-2"/>
      </object_component>
      <object_component id="oc-3b">
         <name>.debug_pubtypes</name>
         <load_address>0xac3</load_address>
         <run_address>0xac3</run_address>
         <size>0x48</size>
         <input_file_ref idref="fl-c0"/>
      </object_component>
      <object_component id="oc-77">
         <name>.debug_pubtypes</name>
         <load_address>0xb0b</load_address>
         <run_address>0xb0b</run_address>
         <size>0x1d</size>
         <input_file_ref idref="fl-c0"/>
      </object_component>
      <object_component id="oc-2b">
         <name>.debug_pubtypes</name>
         <load_address>0xb28</load_address>
         <run_address>0xb28</run_address>
         <size>0x5d</size>
         <input_file_ref idref="fl-c1"/>
      </object_component>
      <object_component id="oc-b1">
         <name>.debug_pubtypes</name>
         <load_address>0xb85</load_address>
         <run_address>0xb85</run_address>
         <size>0x48</size>
         <input_file_ref idref="fl-c1"/>
      </object_component>
      <object_component id="oc-70">
         <name>.debug_pubtypes</name>
         <load_address>0xbcd</load_address>
         <run_address>0xbcd</run_address>
         <size>0x35</size>
         <input_file_ref idref="fl-c1"/>
      </object_component>
      <object_component id="oc-15b">
         <name>.debug_pubtypes</name>
         <load_address>0xc02</load_address>
         <run_address>0xc02</run_address>
         <size>0x32</size>
         <input_file_ref idref="fl-c8"/>
      </object_component>
      <object_component id="oc-16f">
         <name>.debug_pubtypes</name>
         <load_address>0xc34</load_address>
         <run_address>0xc34</run_address>
         <size>0x30</size>
         <input_file_ref idref="fl-c8"/>
      </object_component>
      <object_component id="oc-160">
         <name>.debug_pubtypes</name>
         <load_address>0xc64</load_address>
         <run_address>0xc64</run_address>
         <size>0x2c</size>
         <input_file_ref idref="fl-c8"/>
      </object_component>
      <object_component id="oc-165">
         <name>.debug_pubtypes</name>
         <load_address>0xc90</load_address>
         <run_address>0xc90</run_address>
         <size>0x50</size>
         <input_file_ref idref="fl-c8"/>
      </object_component>
   </object_component_list>
   <logical_group_list>
      <logical_group id="lg-3" display="no" color="cyan">
         <name>.intvecs</name>
         <load_address>0x0</load_address>
         <run_address>0x0</run_address>
         <size>0xe4</size>
         <contents>
            <object_component_ref idref="oc-23"/>
         </contents>
      </logical_group>
      <logical_group id="lg-4" display="no" color="cyan">
         <name>.text</name>
         <load_address>0xe4</load_address>
         <run_address>0xe4</run_address>
         <size>0x6d8</size>
         <contents>
            <object_component_ref idref="oc-a2"/>
            <object_component_ref idref="oc-c0"/>
            <object_component_ref idref="oc-c6"/>
            <object_component_ref idref="oc-34"/>
            <object_component_ref idref="oc-14"/>
            <object_component_ref idref="oc-90"/>
            <object_component_ref idref="oc-d9"/>
            <object_component_ref idref="oc-52"/>
            <object_component_ref idref="oc-1a"/>
            <object_component_ref idref="oc-64"/>
            <object_component_ref idref="oc-8a"/>
            <object_component_ref idref="oc-cd"/>
         </contents>
      </logical_group>
      <logical_group id="lg-5" display="no" color="cyan">
         <name>.const</name>
         <run_address>0x0</run_address>
         <size>0x0</size>
         <contents>
         </contents>
      </logical_group>
      <logical_group id="lg-6" display="no" color="cyan">
         <name>.cinit</name>
         <load_address>0x7c0</load_address>
         <run_address>0x7c0</run_address>
         <size>0x18</size>
         <contents>
            <object_component_ref idref="oc-1a9"/>
            <object_component_ref idref="oc-1a7"/>
            <object_component_ref idref="oc-1a8"/>
         </contents>
      </logical_group>
      <logical_group id="lg-7" display="no" color="cyan">
         <name>.pinit</name>
         <run_address>0x0</run_address>
         <size>0x0</size>
         <contents>
         </contents>
      </logical_group>
      <logical_group id="lg-8" display="no" color="cyan">
         <name>.init_array</name>
         <run_address>0x0</run_address>
         <size>0x0</size>
         <contents>
         </contents>
      </logical_group>
      <logical_group id="lg-9" display="no" color="cyan">
         <name>.binit</name>
         <load_address>0x0</load_address>
         <run_address>0x0</run_address>
         <size>0x0</size>
         <contents>
            <object_component_ref idref="oc-17c"/>
         </contents>
      </logical_group>
      <logical_group id="lg-a" display="no" color="cyan">
         <name>.flashMailbox</name>
         <run_address>0x0</run_address>
         <size>0x0</size>
         <contents>
         </contents>
      </logical_group>
      <logical_group id="lg-b" display="no" color="cyan">
         <name>.tlvTable</name>
         <run_address>0x0</run_address>
         <size>0x0</size>
         <contents>
         </contents>
      </logical_group>
      <logical_group id="lg-c" display="no" color="cyan">
         <name>.bslArea</name>
         <run_address>0x0</run_address>
         <size>0x0</size>
         <contents>
         </contents>
      </logical_group>
      <logical_group id="lg-d" display="no" color="cyan">
         <name>.vtable</name>
         <run_address>0x0</run_address>
         <size>0x0</size>
         <contents>
         </contents>
      </logical_group>
      <logical_group id="lg-e" display="no" color="cyan">
         <name>.data</name>
         <run_address>0x20000000</run_address>
         <size>0x4</size>
         <contents>
            <object_component_ref idref="oc-10b"/>
         </contents>
      </logical_group>
      <logical_group id="lg-f" display="no" color="cyan">
         <name>.bss</name>
         <run_address>0x0</run_address>
         <size>0x0</size>
         <contents>
         </contents>
      </logical_group>
      <logical_group id="lg-10" display="no" color="cyan">
         <name>.sysmem</name>
         <run_address>0x0</run_address>
         <size>0x0</size>
         <contents>
         </contents>
      </logical_group>
      <logical_group id="lg-11" display="no" color="cyan">
         <name>.stack</name>
         <run_address>0x2000fe00</run_address>
         <size>0x200</size>
         <contents>
            <object_component_ref idref="oc-26"/>
            <object_component_ref idref="oc-1aa"/>
         </contents>
      </logical_group>
      <logical_group id="lg-12" display="no" color="cyan">
         <name>.TI.ramfunc</name>
         <run_address>0x0</run_address>
         <size>0x0</size>
         <contents>
         </contents>
      </logical_group>
      <logical_group id="lg-17a" display="no" color="cyan">
         <name>.TI.noinit</name>
         <run_address>0x0</run_address>
         <size>0x0</size>
         <contents>
         </contents>
      </logical_group>
      <logical_group id="lg-17b" display="no" color="cyan">
         <name>.TI.persistent</name>
         <run_address>0x0</run_address>
         <size>0x0</size>
         <contents>
         </contents>
      </logical_group>
      <logical_group id="lg-18f" display="never" color="cyan">
         <name>.debug_info</name>
         <load_address>0x0</load_address>
         <run_address>0x0</run_address>
         <size>0x7a72</size>
         <contents>
            <object_component_ref idref="oc-c7"/>
            <object_component_ref idref="oc-2f"/>
            <object_component_ref idref="oc-119"/>
            <object_component_ref idref="oc-91"/>
            <object_component_ref idref="oc-140"/>
            <object_component_ref idref="oc-ab"/>
            <object_component_ref idref="oc-145"/>
            <object_component_ref idref="oc-114"/>
            <object_component_ref idref="oc-10f"/>
            <object_component_ref idref="oc-c1"/>
            <object_component_ref idref="oc-6c"/>
            <object_component_ref idref="oc-24"/>
            <object_component_ref idref="oc-65"/>
            <object_component_ref idref="oc-10c"/>
            <object_component_ref idref="oc-a3"/>
            <object_component_ref idref="oc-3f"/>
            <object_component_ref idref="oc-1b"/>
            <object_component_ref idref="oc-3a"/>
            <object_component_ref idref="oc-76"/>
            <object_component_ref idref="oc-74"/>
            <object_component_ref idref="oc-15"/>
            <object_component_ref idref="oc-2a"/>
            <object_component_ref idref="oc-b0"/>
            <object_component_ref idref="oc-6f"/>
            <object_component_ref idref="oc-27"/>
            <object_component_ref idref="oc-53"/>
            <object_component_ref idref="oc-ce"/>
            <object_component_ref idref="oc-35"/>
            <object_component_ref idref="oc-127"/>
            <object_component_ref idref="oc-da"/>
            <object_component_ref idref="oc-15a"/>
            <object_component_ref idref="oc-16e"/>
            <object_component_ref idref="oc-15f"/>
            <object_component_ref idref="oc-164"/>
            <object_component_ref idref="oc-8b"/>
            <object_component_ref idref="oc-1ab"/>
         </contents>
      </logical_group>
      <logical_group id="lg-191" display="never" color="cyan">
         <name>.debug_line</name>
         <load_address>0x0</load_address>
         <run_address>0x0</run_address>
         <size>0xe2f</size>
         <contents>
            <object_component_ref idref="oc-ca"/>
            <object_component_ref idref="oc-32"/>
            <object_component_ref idref="oc-13f"/>
            <object_component_ref idref="oc-94"/>
            <object_component_ref idref="oc-143"/>
            <object_component_ref idref="oc-ae"/>
            <object_component_ref idref="oc-148"/>
            <object_component_ref idref="oc-117"/>
            <object_component_ref idref="oc-112"/>
            <object_component_ref idref="oc-c4"/>
            <object_component_ref idref="oc-aa"/>
            <object_component_ref idref="oc-6b"/>
            <object_component_ref idref="oc-68"/>
            <object_component_ref idref="oc-13d"/>
            <object_component_ref idref="oc-a6"/>
            <object_component_ref idref="oc-7c"/>
            <object_component_ref idref="oc-1e"/>
            <object_component_ref idref="oc-3d"/>
            <object_component_ref idref="oc-79"/>
            <object_component_ref idref="oc-b6"/>
            <object_component_ref idref="oc-18"/>
            <object_component_ref idref="oc-2d"/>
            <object_component_ref idref="oc-b3"/>
            <object_component_ref idref="oc-72"/>
            <object_component_ref idref="oc-6e"/>
            <object_component_ref idref="oc-56"/>
            <object_component_ref idref="oc-d1"/>
            <object_component_ref idref="oc-38"/>
            <object_component_ref idref="oc-159"/>
            <object_component_ref idref="oc-dd"/>
            <object_component_ref idref="oc-15d"/>
            <object_component_ref idref="oc-171"/>
            <object_component_ref idref="oc-162"/>
            <object_component_ref idref="oc-167"/>
            <object_component_ref idref="oc-8e"/>
         </contents>
      </logical_group>
      <logical_group id="lg-193" display="never" color="cyan">
         <name>.debug_frame</name>
         <load_address>0x0</load_address>
         <run_address>0x0</run_address>
         <size>0x40c</size>
         <contents>
            <object_component_ref idref="oc-cb"/>
            <object_component_ref idref="oc-95"/>
            <object_component_ref idref="oc-c5"/>
            <object_component_ref idref="oc-69"/>
            <object_component_ref idref="oc-a7"/>
            <object_component_ref idref="oc-1f"/>
            <object_component_ref idref="oc-19"/>
            <object_component_ref idref="oc-57"/>
            <object_component_ref idref="oc-d2"/>
            <object_component_ref idref="oc-de"/>
            <object_component_ref idref="oc-8f"/>
         </contents>
      </logical_group>
      <logical_group id="lg-195" display="never" color="cyan">
         <name>.debug_abbrev</name>
         <load_address>0x0</load_address>
         <run_address>0x0</run_address>
         <size>0xb95</size>
         <contents>
            <object_component_ref idref="oc-11b"/>
            <object_component_ref idref="oc-31"/>
            <object_component_ref idref="oc-13e"/>
            <object_component_ref idref="oc-cc"/>
            <object_component_ref idref="oc-142"/>
            <object_component_ref idref="oc-ad"/>
            <object_component_ref idref="oc-147"/>
            <object_component_ref idref="oc-116"/>
            <object_component_ref idref="oc-111"/>
            <object_component_ref idref="oc-11a"/>
            <object_component_ref idref="oc-a9"/>
            <object_component_ref idref="oc-6a"/>
            <object_component_ref idref="oc-a8"/>
            <object_component_ref idref="oc-13c"/>
            <object_component_ref idref="oc-10e"/>
            <object_component_ref idref="oc-7b"/>
            <object_component_ref idref="oc-39"/>
            <object_component_ref idref="oc-3c"/>
            <object_component_ref idref="oc-78"/>
            <object_component_ref idref="oc-b5"/>
            <object_component_ref idref="oc-29"/>
            <object_component_ref idref="oc-2c"/>
            <object_component_ref idref="oc-b2"/>
            <object_component_ref idref="oc-71"/>
            <object_component_ref idref="oc-6d"/>
            <object_component_ref idref="oc-99"/>
            <object_component_ref idref="oc-11c"/>
            <object_component_ref idref="oc-75"/>
            <object_component_ref idref="oc-158"/>
            <object_component_ref idref="oc-126"/>
            <object_component_ref idref="oc-15c"/>
            <object_component_ref idref="oc-170"/>
            <object_component_ref idref="oc-161"/>
            <object_component_ref idref="oc-166"/>
            <object_component_ref idref="oc-bf"/>
            <object_component_ref idref="oc-1ac"/>
         </contents>
      </logical_group>
      <logical_group id="lg-197" display="never" color="cyan">
         <name>.debug_str</name>
         <load_address>0x0</load_address>
         <run_address>0x0</run_address>
         <size>0x2d49</size>
         <contents>
            <object_component_ref idref="oc-33"/>
            <object_component_ref idref="oc-144"/>
            <object_component_ref idref="oc-af"/>
            <object_component_ref idref="oc-149"/>
            <object_component_ref idref="oc-118"/>
            <object_component_ref idref="oc-113"/>
            <object_component_ref idref="oc-3e"/>
            <object_component_ref idref="oc-7a"/>
            <object_component_ref idref="oc-2e"/>
            <object_component_ref idref="oc-b4"/>
            <object_component_ref idref="oc-73"/>
            <object_component_ref idref="oc-15e"/>
            <object_component_ref idref="oc-172"/>
            <object_component_ref idref="oc-163"/>
            <object_component_ref idref="oc-168"/>
         </contents>
      </logical_group>
      <logical_group id="lg-199" display="never" color="cyan">
         <name>.debug_aranges</name>
         <load_address>0x0</load_address>
         <run_address>0x0</run_address>
         <size>0x198</size>
         <contents>
            <object_component_ref idref="oc-c8"/>
            <object_component_ref idref="oc-92"/>
            <object_component_ref idref="oc-c2"/>
            <object_component_ref idref="oc-66"/>
            <object_component_ref idref="oc-a4"/>
            <object_component_ref idref="oc-1c"/>
            <object_component_ref idref="oc-16"/>
            <object_component_ref idref="oc-54"/>
            <object_component_ref idref="oc-cf"/>
            <object_component_ref idref="oc-36"/>
            <object_component_ref idref="oc-db"/>
            <object_component_ref idref="oc-8c"/>
         </contents>
      </logical_group>
      <logical_group id="lg-19b" display="never" color="cyan">
         <name>.debug_pubnames</name>
         <load_address>0x0</load_address>
         <run_address>0x0</run_address>
         <size>0x254</size>
         <contents>
            <object_component_ref idref="oc-c9"/>
            <object_component_ref idref="oc-93"/>
            <object_component_ref idref="oc-c3"/>
            <object_component_ref idref="oc-25"/>
            <object_component_ref idref="oc-67"/>
            <object_component_ref idref="oc-10d"/>
            <object_component_ref idref="oc-a5"/>
            <object_component_ref idref="oc-1d"/>
            <object_component_ref idref="oc-17"/>
            <object_component_ref idref="oc-28"/>
            <object_component_ref idref="oc-55"/>
            <object_component_ref idref="oc-d0"/>
            <object_component_ref idref="oc-37"/>
            <object_component_ref idref="oc-dc"/>
            <object_component_ref idref="oc-8d"/>
         </contents>
      </logical_group>
      <logical_group id="lg-19d" display="never" color="cyan">
         <name>.debug_pubtypes</name>
         <load_address>0x0</load_address>
         <run_address>0x0</run_address>
         <size>0xce0</size>
         <contents>
            <object_component_ref idref="oc-30"/>
            <object_component_ref idref="oc-141"/>
            <object_component_ref idref="oc-ac"/>
            <object_component_ref idref="oc-146"/>
            <object_component_ref idref="oc-115"/>
            <object_component_ref idref="oc-110"/>
            <object_component_ref idref="oc-3b"/>
            <object_component_ref idref="oc-77"/>
            <object_component_ref idref="oc-2b"/>
            <object_component_ref idref="oc-b1"/>
            <object_component_ref idref="oc-70"/>
            <object_component_ref idref="oc-15b"/>
            <object_component_ref idref="oc-16f"/>
            <object_component_ref idref="oc-160"/>
            <object_component_ref idref="oc-165"/>
         </contents>
      </logical_group>
      <load_segment id="lg-1ad" display="no" color="cyan">
         <name>SEGMENT_0</name>
         <load_address>0x0</load_address>
         <run_address>0x0</run_address>
         <size>0x7d8</size>
         <flags>0x5</flags>
         <contents>
            <logical_group_ref idref="lg-3"/>
            <logical_group_ref idref="lg-4"/>
            <logical_group_ref idref="lg-6"/>
         </contents>
      </load_segment>
      <load_segment id="lg-1ae" display="no" color="cyan">
         <name>SEGMENT_1</name>
         <run_address>0x20000000</run_address>
         <size>0x4</size>
         <flags>0x6</flags>
         <contents>
            <logical_group_ref idref="lg-e"/>
         </contents>
      </load_segment>
      <load_segment id="lg-1af" display="no" color="cyan">
         <name>SEGMENT_2</name>
         <run_address>0x2000fe00</run_address>
         <size>0x200</size>
         <flags>0x6</flags>
         <contents>
            <logical_group_ref idref="lg-11"/>
         </contents>
      </load_segment>
   </logical_group_list>
   <placement_map>
      <memory_area display="yes" color="green">
         <name>MAIN</name>
         <page_id>0x0</page_id>
         <origin>0x0</origin>
         <length>0x40000</length>
         <used_space>0x7d4</used_space>
         <unused_space>0x3f82c</unused_space>
         <attributes>RX</attributes>
         <usage_details>
            <allocated_space>
               <start_address>0x0</start_address>
               <size>0x0</size>
               <logical_group_ref idref="lg-9"/>
            </allocated_space>
            <allocated_space>
               <start_address>0x0</start_address>
               <size>0xe4</size>
               <logical_group_ref idref="lg-3"/>
            </allocated_space>
            <allocated_space>
               <start_address>0xe4</start_address>
               <size>0x6d8</size>
               <logical_group_ref idref="lg-4"/>
            </allocated_space>
            <available_space>
               <start_address>0x7bc</start_address>
               <size>0x4</size>
            </available_space>
            <allocated_space>
               <start_address>0x7c0</start_address>
               <size>0x18</size>
               <logical_group_ref idref="lg-6"/>
            </allocated_space>
            <available_space>
               <start_address>0x7d8</start_address>
               <size>0x3f828</size>
            </available_space>
         </usage_details>
      </memory_area>
      <memory_area display="yes" color="green">
         <name>INFO</name>
         <page_id>0x0</page_id>
         <origin>0x200000</origin>
         <length>0x4000</length>
         <used_space>0x0</used_space>
         <unused_space>0x4000</unused_space>
         <attributes>RX</attributes>
         <usage_details>
         </usage_details>
      </memory_area>
      <memory_area display="yes" color="green">
         <name>SRAM_CODE</name>
         <page_id>0x0</page_id>
         <origin>0x1000000</origin>
         <length>0x10000</length>
         <used_space>0x204</used_space>
         <unused_space>0xfdfc</unused_space>
         <attributes>RWX</attributes>
         <usage_details>
            <allocated_space>
               <start_address>0x1000000</start_address>
               <size>0x4</size>
               <logical_group_ref idref="lg-e"/>
            </allocated_space>
            <available_space>
               <start_address>0x1000004</start_address>
               <size>0xfdfc</size>
            </available_space>
            <allocated_space>
               <start_address>0x100fe00</start_address>
               <size>0x200</size>
               <logical_group_ref idref="lg-11"/>
            </allocated_space>
         </usage_details>
      </memory_area>
      <memory_area display="yes" color="green">
         <name>SRAM_DATA</name>
         <page_id>0x0</page_id>
         <origin>0x20000000</origin>
         <length>0x10000</length>
         <used_space>0x204</used_space>
         <unused_space>0xfdfc</unused_space>
         <attributes>RW</attributes>
         <usage_details>
            <allocated_space>
               <start_address>0x20000000</start_address>
               <size>0x4</size>
               <logical_group_ref idref="lg-e"/>
            </allocated_space>
            <available_space>
               <start_address>0x20000004</start_address>
               <size>0xfdfc</size>
            </available_space>
            <allocated_space>
               <start_address>0x2000fe00</start_address>
               <size>0x200</size>
               <logical_group_ref idref="lg-11"/>
            </allocated_space>
         </usage_details>
      </memory_area>
   </placement_map>
   <cptbl_list>
      <cptbl>
         <name>__TI_cinit_table</name>
         <cprec>
            <name>.data</name>
            <load_address>0x7c0</load_address>
            <load_size>0x8</load_size>
            <run_address>0x20000000</run_address>
            <run_size>0x4</run_size>
            <compression>lzss</compression>
         </cprec>
      </cptbl>
   </cptbl_list>
   <handler_table>
      <handler_table_name>__TI_handler_table</handler_table_name>
      <handler>
         <index>0x0</index>
         <name>__TI_decompress_lzss</name>
      </handler>
      <handler>
         <index>0x1</index>
         <name>__TI_decompress_none</name>
      </handler>
   </handler_table>
   <symbol_table>
      <symbol id="sm-1">
         <name>WDTCTL_SYM</name>
         <value>0x4000480c</value>
      </symbol>
      <symbol id="sm-2">
         <name>__TI_CINIT_Base</name>
         <value>0x7d0</value>
      </symbol>
      <symbol id="sm-3">
         <name>__TI_CINIT_Limit</name>
         <value>0x7d8</value>
      </symbol>
      <symbol id="sm-4">
         <name>__TI_Handler_Table_Base</name>
         <value>0x7c8</value>
      </symbol>
      <symbol id="sm-5">
         <name>__TI_Handler_Table_Limit</name>
         <value>0x7d0</value>
      </symbol>
      <symbol id="sm-6">
         <name>binit</name>
         <value>0xffffffff</value>
      </symbol>
      <symbol id="sm-7">
         <name>__binit__</name>
         <value>0xffffffff</value>
      </symbol>
      <symbol id="sm-8">
         <name>__STACK_SIZE</name>
         <value>0x200</value>
      </symbol>
      <symbol id="sm-9">
         <name>__STACK_END</name>
         <value>0x20010000</value>
      </symbol>
      <symbol id="sm-a">
         <name>__c_args__</name>
         <value>0xffffffff</value>
      </symbol>
      <symbol id="sm-b">
         <name>__TI_pprof_out_hndl</name>
         <value>0xffffffff</value>
      </symbol>
      <symbol id="sm-c">
         <name>__TI_prof_data_start</name>
         <value>0xffffffff</value>
      </symbol>
      <symbol id="sm-d">
         <name>__TI_prof_data_size</name>
         <value>0xffffffff</value>
      </symbol>
      <symbol id="sm-3f">
         <name>delay_us</name>
         <value>0x571</value>
         <object_component_ref idref="oc-c6"/>
      </symbol>
      <symbol id="sm-40">
         <name>delay_ms</name>
         <value>0x525</value>
         <object_component_ref idref="oc-c6"/>
      </symbol>
      <symbol id="sm-6d">
         <name>main</name>
         <value>0x6c5</value>
         <object_component_ref idref="oc-90"/>
      </symbol>
      <symbol id="sm-88">
         <name>set_DCO</name>
         <value>0x419</value>
         <object_component_ref idref="oc-c0"/>
      </symbol>
      <symbol id="sm-9d">
         <name>Reset_Handler</name>
         <value>0x7a7</value>
         <object_component_ref idref="oc-64"/>
      </symbol>
      <symbol id="sm-9e">
         <name>Default_Handler</name>
         <value>0x7b3</value>
         <object_component_ref idref="oc-64"/>
      </symbol>
      <symbol id="sm-9f">
         <name>interruptVectors</name>
         <value>0x0</value>
         <object_component_ref idref="oc-23"/>
      </symbol>
      <symbol id="sm-e7">
         <name>SystemInit</name>
         <value>0x35d</value>
         <object_component_ref idref="oc-a2"/>
      </symbol>
      <symbol id="sm-e8">
         <name>SystemCoreClockUpdate</name>
         <value>0xe5</value>
         <object_component_ref idref="oc-a2"/>
      </symbol>
      <symbol id="sm-e9">
         <name>SystemCoreClock</name>
         <value>0x20000000</value>
         <object_component_ref idref="oc-10b"/>
      </symbol>
      <symbol id="sm-101">
         <name>__TI_decompress_none</name>
         <value>0x799</value>
         <object_component_ref idref="oc-1a"/>
      </symbol>
      <symbol id="sm-124">
         <name>__TI_decompress_lzss</name>
         <value>0x65d</value>
         <object_component_ref idref="oc-14"/>
      </symbol>
      <symbol id="sm-137">
         <name>__stack</name>
         <value>0x2000fe00</value>
         <object_component_ref idref="oc-26"/>
      </symbol>
      <symbol id="sm-138">
         <name>_c_int00_noargs</name>
         <value>0x761</value>
         <object_component_ref idref="oc-52"/>
      </symbol>
      <symbol id="sm-143">
         <name>C$$EXIT</name>
         <value>0x7b9</value>
         <object_component_ref idref="oc-cd"/>
      </symbol>
      <symbol id="sm-144">
         <name>abort</name>
         <value>0x7b9</value>
         <object_component_ref idref="oc-cd"/>
      </symbol>
      <symbol id="sm-161">
         <name>memcpy</name>
         <value>0x5c1</value>
         <object_component_ref idref="oc-34"/>
      </symbol>
      <symbol id="sm-162">
         <name>__aeabi_memcpy</name>
         <value>0x5c1</value>
         <object_component_ref idref="oc-34"/>
      </symbol>
      <symbol id="sm-163">
         <name>__aeabi_memcpy8</name>
         <value>0x5c1</value>
         <object_component_ref idref="oc-34"/>
      </symbol>
      <symbol id="sm-164">
         <name>__aeabi_memcpy4</name>
         <value>0x5c1</value>
         <object_component_ref idref="oc-34"/>
      </symbol>
      <symbol id="sm-18d">
         <name>__TI_auto_init_nobinit_nopinit</name>
         <value>0x71d</value>
         <object_component_ref idref="oc-d9"/>
      </symbol>
      <symbol id="sm-197">
         <name>_system_pre_init</name>
         <value>0x7b5</value>
         <object_component_ref idref="oc-8a"/>
      </symbol>
      <symbol id="sm-199">
         <name>__TI_static_base__</name>
         <value>0x0</value>
      </symbol>
      <symbol id="sm-19c">
         <name>__mpu_init</name>
         <value>0x0</value>
      </symbol>
      <symbol id="sm-19d">
         <name>_system_post_cinit</name>
         <value>0x0</value>
      </symbol>
      <symbol id="sm-19e">
         <name>NMI_Handler</name>
         <value>0x7b3</value>
      </symbol>
      <symbol id="sm-19f">
         <name>HardFault_Handler</name>
         <value>0x7b3</value>
      </symbol>
      <symbol id="sm-1a0">
         <name>MemManage_Handler</name>
         <value>0x7b3</value>
      </symbol>
      <symbol id="sm-1a1">
         <name>BusFault_Handler</name>
         <value>0x7b3</value>
      </symbol>
      <symbol id="sm-1a2">
         <name>UsageFault_Handler</name>
         <value>0x7b3</value>
      </symbol>
      <symbol id="sm-1a3">
         <name>SVC_Handler</name>
         <value>0x7b3</value>
      </symbol>
      <symbol id="sm-1a4">
         <name>DebugMon_Handler</name>
         <value>0x7b3</value>
      </symbol>
      <symbol id="sm-1a5">
         <name>PendSV_Handler</name>
         <value>0x7b3</value>
      </symbol>
      <symbol id="sm-1a6">
         <name>SysTick_Handler</name>
         <value>0x7b3</value>
      </symbol>
      <symbol id="sm-1a7">
         <name>PSS_IRQHandler</name>
         <value>0x7b3</value>
      </symbol>
      <symbol id="sm-1a8">
         <name>CS_IRQHandler</name>
         <value>0x7b3</value>
      </symbol>
      <symbol id="sm-1a9">
         <name>PCM_IRQHandler</name>
         <value>0x7b3</value>
      </symbol>
      <symbol id="sm-1aa">
         <name>WDT_A_IRQHandler</name>
         <value>0x7b3</value>
      </symbol>
      <symbol id="sm-1ab">
         <name>FPU_IRQHandler</name>
         <value>0x7b3</value>
      </symbol>
      <symbol id="sm-1ac">
         <name>FLCTL_IRQHandler</name>
         <value>0x7b3</value>
      </symbol>
      <symbol id="sm-1ad">
         <name>COMP_E0_IRQHandler</name>
         <value>0x7b3</value>
      </symbol>
      <symbol id="sm-1ae">
         <name>COMP_E1_IRQHandler</name>
         <value>0x7b3</value>
      </symbol>
      <symbol id="sm-1af">
         <name>TA0_0_IRQHandler</name>
         <value>0x7b3</value>
      </symbol>
      <symbol id="sm-1b0">
         <name>TA0_N_IRQHandler</name>
         <value>0x7b3</value>
      </symbol>
      <symbol id="sm-1b1">
         <name>TA1_0_IRQHandler</name>
         <value>0x7b3</value>
      </symbol>
      <symbol id="sm-1b2">
         <name>TA1_N_IRQHandler</name>
         <value>0x7b3</value>
      </symbol>
      <symbol id="sm-1b3">
         <name>TA2_0_IRQHandler</name>
         <value>0x7b3</value>
      </symbol>
      <symbol id="sm-1b4">
         <name>TA2_N_IRQHandler</name>
         <value>0x7b3</value>
      </symbol>
      <symbol id="sm-1b5">
         <name>TA3_0_IRQHandler</name>
         <value>0x7b3</value>
      </symbol>
      <symbol id="sm-1b6">
         <name>TA3_N_IRQHandler</name>
         <value>0x7b3</value>
      </symbol>
      <symbol id="sm-1b7">
         <name>EUSCIA0_IRQHandler</name>
         <value>0x7b3</value>
      </symbol>
      <symbol id="sm-1b8">
         <name>EUSCIA1_IRQHandler</name>
         <value>0x7b3</value>
      </symbol>
      <symbol id="sm-1b9">
         <name>EUSCIA2_IRQHandler</name>
         <value>0x7b3</value>
      </symbol>
      <symbol id="sm-1ba">
         <name>EUSCIA3_IRQHandler</name>
         <value>0x7b3</value>
      </symbol>
      <symbol id="sm-1bb">
         <name>EUSCIB0_IRQHandler</name>
         <value>0x7b3</value>
      </symbol>
      <symbol id="sm-1bc">
         <name>EUSCIB1_IRQHandler</name>
         <value>0x7b3</value>
      </symbol>
      <symbol id="sm-1bd">
         <name>EUSCIB2_IRQHandler</name>
         <value>0x7b3</value>
      </symbol>
      <symbol id="sm-1be">
         <name>EUSCIB3_IRQHandler</name>
         <value>0x7b3</value>
      </symbol>
      <symbol id="sm-1bf">
         <name>ADC14_IRQHandler</name>
         <value>0x7b3</value>
      </symbol>
      <symbol id="sm-1c0">
         <name>T32_INT1_IRQHandler</name>
         <value>0x7b3</value>
      </symbol>
      <symbol id="sm-1c1">
         <name>T32_INT2_IRQHandler</name>
         <value>0x7b3</value>
      </symbol>
      <symbol id="sm-1c2">
         <name>T32_INTC_IRQHandler</name>
         <value>0x7b3</value>
      </symbol>
      <symbol id="sm-1c3">
         <name>AES256_IRQHandler</name>
         <value>0x7b3</value>
      </symbol>
      <symbol id="sm-1c4">
         <name>RTC_C_IRQHandler</name>
         <value>0x7b3</value>
      </symbol>
      <symbol id="sm-1c5">
         <name>DMA_ERR_IRQHandler</name>
         <value>0x7b3</value>
      </symbol>
      <symbol id="sm-1c6">
         <name>DMA_INT3_IRQHandler</name>
         <value>0x7b3</value>
      </symbol>
      <symbol id="sm-1c7">
         <name>DMA_INT2_IRQHandler</name>
         <value>0x7b3</value>
      </symbol>
      <symbol id="sm-1c8">
         <name>DMA_INT1_IRQHandler</name>
         <value>0x7b3</value>
      </symbol>
      <symbol id="sm-1c9">
         <name>DMA_INT0_IRQHandler</name>
         <value>0x7b3</value>
      </symbol>
      <symbol id="sm-1ca">
         <name>PORT1_IRQHandler</name>
         <value>0x7b3</value>
      </symbol>
      <symbol id="sm-1cb">
         <name>PORT2_IRQHandler</name>
         <value>0x7b3</value>
      </symbol>
      <symbol id="sm-1cc">
         <name>PORT3_IRQHandler</name>
         <value>0x7b3</value>
      </symbol>
      <symbol id="sm-1cd">
         <name>PORT4_IRQHandler</name>
         <value>0x7b3</value>
      </symbol>
      <symbol id="sm-1ce">
         <name>PORT5_IRQHandler</name>
         <value>0x7b3</value>
      </symbol>
      <symbol id="sm-1cf">
         <name>PORT6_IRQHandler</name>
         <value>0x7b3</value>
      </symbol>
   </symbol_table>
   <title>Link successful</title>
</link_info>
